ISO-10303-21;
HEADER;
FILE_DESCRIPTION(('zoo.dev export'), '2;1');
FILE_NAME('output.step', '2026-06-10T16:47:16.642866092+00:00', (''), (''), 'zoo.dev beta', 'zoo.dev', '');
FILE_SCHEMA(('AP242_MANAGED_MODEL_BASED_3D_ENGINEERING_MIM_LF'));
ENDSEC;
DATA;
#1 = (
  LENGTH_UNIT()
  NAMED_UNIT(*)
  SI_UNIT(.MILLI., .METRE.)
);
#2 = (
  NAMED_UNIT(*)
  PLANE_ANGLE_UNIT()
  SI_UNIT($, .RADIAN.)
);
#3 = UNCERTAINTY_MEASURE_WITH_UNIT(LENGTH_MEASURE(0.01), #1, 'DISTANCE_ACCURACY_VALUE', $);
#4 = (
  GEOMETRIC_REPRESENTATION_CONTEXT(3)
  GLOBAL_UNCERTAINTY_ASSIGNED_CONTEXT((#3))
  GLOBAL_UNIT_ASSIGNED_CONTEXT((#1, #2))
  REPRESENTATION_CONTEXT('3D', '3D context')
);
#5 = CARTESIAN_POINT('', (70., 45., 64.));
#6 = VERTEX_POINT('', #5);
#7 = CARTESIAN_POINT('', (90., 55., 0.));
#8 = VERTEX_POINT('', #7);
#9 = CARTESIAN_POINT('', (70., -45., 64.));
#10 = VERTEX_POINT('', #9);
#11 = CARTESIAN_POINT('', (90., -55., 0.));
#12 = VERTEX_POINT('', #11);
#13 = CARTESIAN_POINT('', (45., -70., 64.));
#14 = VERTEX_POINT('', #13);
#15 = CARTESIAN_POINT('', (55., -90., 0.));
#16 = VERTEX_POINT('', #15);
#17 = CARTESIAN_POINT('', (-45., -70., 64.));
#18 = VERTEX_POINT('', #17);
#19 = CARTESIAN_POINT('', (-55., -90., 0.));
#20 = VERTEX_POINT('', #19);
#21 = CARTESIAN_POINT('', (-70., -45., 64.));
#22 = VERTEX_POINT('', #21);
#23 = CARTESIAN_POINT('', (-90., -55., 0.));
#24 = VERTEX_POINT('', #23);
#25 = CARTESIAN_POINT('', (-70., 45., 64.));
#26 = VERTEX_POINT('', #25);
#27 = CARTESIAN_POINT('', (-90., 55., 0.));
#28 = VERTEX_POINT('', #27);
#29 = CARTESIAN_POINT('', (-45., 70., 64.));
#30 = VERTEX_POINT('', #29);
#31 = CARTESIAN_POINT('', (-55., 90., 0.));
#32 = VERTEX_POINT('', #31);
#33 = CARTESIAN_POINT('', (45., 70., 64.));
#34 = VERTEX_POINT('', #33);
#35 = CARTESIAN_POINT('', (55., 90., 0.));
#36 = VERTEX_POINT('', #35);
#37 = CARTESIAN_POINT('', (-22., 30., 70.));
#38 = VERTEX_POINT('', #37);
#39 = CARTESIAN_POINT('', (22., 30., 70.));
#40 = VERTEX_POINT('', #39);
#41 = CARTESIAN_POINT('', (-30., 22., 70.));
#42 = VERTEX_POINT('', #41);
#43 = CARTESIAN_POINT('', (-30., -22., 70.));
#44 = VERTEX_POINT('', #43);
#45 = CARTESIAN_POINT('', (-22., -30., 70.));
#46 = VERTEX_POINT('', #45);
#47 = CARTESIAN_POINT('', (22., -30., 70.));
#48 = VERTEX_POINT('', #47);
#49 = CARTESIAN_POINT('', (30., -22., 70.));
#50 = VERTEX_POINT('', #49);
#51 = CARTESIAN_POINT('', (30., 22., 70.));
#52 = VERTEX_POINT('', #51);
#53 = CARTESIAN_POINT('', (22., 30., 64.));
#54 = VERTEX_POINT('', #53);
#55 = CARTESIAN_POINT('', (-22., 30., 64.));
#56 = VERTEX_POINT('', #55);
#57 = CARTESIAN_POINT('', (-30., 22., 64.));
#58 = VERTEX_POINT('', #57);
#59 = CARTESIAN_POINT('', (-30., -22., 64.));
#60 = VERTEX_POINT('', #59);
#61 = CARTESIAN_POINT('', (-22., -30., 64.));
#62 = VERTEX_POINT('', #61);
#63 = CARTESIAN_POINT('', (22., -30., 64.));
#64 = VERTEX_POINT('', #63);
#65 = CARTESIAN_POINT('', (30., -22., 64.));
#66 = VERTEX_POINT('', #65);
#67 = CARTESIAN_POINT('', (30., 22., 64.));
#68 = VERTEX_POINT('', #67);
#69 = CARTESIAN_POINT('', (47., 20., 20.));
#70 = VERTEX_POINT('', #69);
#71 = CARTESIAN_POINT('', (47., 24., 24.));
#72 = VERTEX_POINT('', #71);
#73 = CARTESIAN_POINT('', (47., 24., 42.));
#74 = VERTEX_POINT('', #73);
#75 = CARTESIAN_POINT('', (47., 20., 46.));
#76 = VERTEX_POINT('', #75);
#77 = CARTESIAN_POINT('', (47., -20., 46.));
#78 = VERTEX_POINT('', #77);
#79 = CARTESIAN_POINT('', (47., -24., 42.));
#80 = VERTEX_POINT('', #79);
#81 = CARTESIAN_POINT('', (47., -24., 24.));
#82 = VERTEX_POINT('', #81);
#83 = CARTESIAN_POINT('', (47., -20., 20.));
#84 = VERTEX_POINT('', #83);
#85 = CARTESIAN_POINT('', (82.5, 24., 24.));
#86 = VERTEX_POINT('', #85);
#87 = CARTESIAN_POINT('', (83.75, 20., 20.));
#88 = VERTEX_POINT('', #87);
#89 = CARTESIAN_POINT('', (76.875, 24., 42.));
#90 = VERTEX_POINT('', #89);
#91 = CARTESIAN_POINT('', (75.625, 20., 46.));
#92 = VERTEX_POINT('', #91);
#93 = CARTESIAN_POINT('', (75.625, -20., 46.));
#94 = VERTEX_POINT('', #93);
#95 = CARTESIAN_POINT('', (76.875, -24., 42.));
#96 = VERTEX_POINT('', #95);
#97 = CARTESIAN_POINT('', (82.5, -24., 24.));
#98 = VERTEX_POINT('', #97);
#99 = CARTESIAN_POINT('', (83.75, -20., 20.));
#100 = VERTEX_POINT('', #99);
#101 = CARTESIAN_POINT('', (-20., 47., 20.));
#102 = VERTEX_POINT('', #101);
#103 = CARTESIAN_POINT('', (-24., 47., 24.));
#104 = VERTEX_POINT('', #103);
#105 = CARTESIAN_POINT('', (-24., 47., 42.));
#106 = VERTEX_POINT('', #105);
#107 = CARTESIAN_POINT('', (-20., 47., 46.));
#108 = VERTEX_POINT('', #107);
#109 = CARTESIAN_POINT('', (20., 47., 46.));
#110 = VERTEX_POINT('', #109);
#111 = CARTESIAN_POINT('', (24., 47., 42.));
#112 = VERTEX_POINT('', #111);
#113 = CARTESIAN_POINT('', (24., 47., 24.));
#114 = VERTEX_POINT('', #113);
#115 = CARTESIAN_POINT('', (20., 47., 20.));
#116 = VERTEX_POINT('', #115);
#117 = CARTESIAN_POINT('', (-20., 83.75, 20.));
#118 = VERTEX_POINT('', #117);
#119 = CARTESIAN_POINT('', (-24., 82.5, 24.));
#120 = VERTEX_POINT('', #119);
#121 = CARTESIAN_POINT('', (-24., 76.875, 42.));
#122 = VERTEX_POINT('', #121);
#123 = CARTESIAN_POINT('', (-20., 75.625, 46.));
#124 = VERTEX_POINT('', #123);
#125 = CARTESIAN_POINT('', (20., 75.625, 46.));
#126 = VERTEX_POINT('', #125);
#127 = CARTESIAN_POINT('', (24., 76.875, 42.));
#128 = VERTEX_POINT('', #127);
#129 = CARTESIAN_POINT('', (24., 82.5, 24.));
#130 = VERTEX_POINT('', #129);
#131 = CARTESIAN_POINT('', (20., 83.75, 20.));
#132 = VERTEX_POINT('', #131);
#133 = CARTESIAN_POINT('', (-47., -20., 20.));
#134 = VERTEX_POINT('', #133);
#135 = CARTESIAN_POINT('', (-47., -24., 24.));
#136 = VERTEX_POINT('', #135);
#137 = CARTESIAN_POINT('', (-47., -24., 42.));
#138 = VERTEX_POINT('', #137);
#139 = CARTESIAN_POINT('', (-47., -20., 46.));
#140 = VERTEX_POINT('', #139);
#141 = CARTESIAN_POINT('', (-47., 20., 46.));
#142 = VERTEX_POINT('', #141);
#143 = CARTESIAN_POINT('', (-47., 24., 42.));
#144 = VERTEX_POINT('', #143);
#145 = CARTESIAN_POINT('', (-47., 24., 24.));
#146 = VERTEX_POINT('', #145);
#147 = CARTESIAN_POINT('', (-47., 20., 20.));
#148 = VERTEX_POINT('', #147);
#149 = CARTESIAN_POINT('', (-83.75, -20., 20.));
#150 = VERTEX_POINT('', #149);
#151 = CARTESIAN_POINT('', (-82.5, -24., 24.));
#152 = VERTEX_POINT('', #151);
#153 = CARTESIAN_POINT('', (-76.875, -24., 42.));
#154 = VERTEX_POINT('', #153);
#155 = CARTESIAN_POINT('', (-75.625, -20., 46.));
#156 = VERTEX_POINT('', #155);
#157 = CARTESIAN_POINT('', (-75.625, 20., 46.));
#158 = VERTEX_POINT('', #157);
#159 = CARTESIAN_POINT('', (-76.875, 24., 42.));
#160 = VERTEX_POINT('', #159);
#161 = CARTESIAN_POINT('', (-82.5, 24., 24.));
#162 = VERTEX_POINT('', #161);
#163 = CARTESIAN_POINT('', (-83.75, 20., 20.));
#164 = VERTEX_POINT('', #163);
#165 = CARTESIAN_POINT('', (20., -47., 20.));
#166 = VERTEX_POINT('', #165);
#167 = CARTESIAN_POINT('', (24., -47., 24.));
#168 = VERTEX_POINT('', #167);
#169 = CARTESIAN_POINT('', (24., -47., 42.));
#170 = VERTEX_POINT('', #169);
#171 = CARTESIAN_POINT('', (20., -47., 46.));
#172 = VERTEX_POINT('', #171);
#173 = CARTESIAN_POINT('', (-20., -47., 46.));
#174 = VERTEX_POINT('', #173);
#175 = CARTESIAN_POINT('', (-24., -47., 42.));
#176 = VERTEX_POINT('', #175);
#177 = CARTESIAN_POINT('', (-24., -47., 24.));
#178 = VERTEX_POINT('', #177);
#179 = CARTESIAN_POINT('', (-20., -47., 20.));
#180 = VERTEX_POINT('', #179);
#181 = CARTESIAN_POINT('', (24., -82.5, 24.));
#182 = VERTEX_POINT('', #181);
#183 = CARTESIAN_POINT('', (20., -83.75, 20.));
#184 = VERTEX_POINT('', #183);
#185 = CARTESIAN_POINT('', (24., -76.875, 42.));
#186 = VERTEX_POINT('', #185);
#187 = CARTESIAN_POINT('', (20., -75.625, 46.));
#188 = VERTEX_POINT('', #187);
#189 = CARTESIAN_POINT('', (-20., -75.625, 46.));
#190 = VERTEX_POINT('', #189);
#191 = CARTESIAN_POINT('', (-24., -76.875, 42.));
#192 = VERTEX_POINT('', #191);
#193 = CARTESIAN_POINT('', (-24., -82.5, 24.));
#194 = VERTEX_POINT('', #193);
#195 = CARTESIAN_POINT('', (-20., -83.75, 20.));
#196 = VERTEX_POINT('', #195);
#197 = CARTESIAN_POINT('', (22.6, 21., 59.));
#198 = VERTEX_POINT('', #197);
#199 = CARTESIAN_POINT('', (19.4, 21., 59.));
#200 = VERTEX_POINT('', #199);
#201 = CARTESIAN_POINT('', (22.6, 21., 70.));
#202 = VERTEX_POINT('', #201);
#203 = CARTESIAN_POINT('', (19.4, 21., 70.));
#204 = VERTEX_POINT('', #203);
#205 = CARTESIAN_POINT('', (21.00000002, 19.4, 70.));
#206 = VERTEX_POINT('', #205);
#207 = CARTESIAN_POINT('', (20.99999998, 22.6, 70.));
#208 = VERTEX_POINT('', #207);
#209 = CARTESIAN_POINT('', (-19.4, 21., 59.));
#210 = VERTEX_POINT('', #209);
#211 = CARTESIAN_POINT('', (-22.6, 21., 59.));
#212 = VERTEX_POINT('', #211);
#213 = CARTESIAN_POINT('', (-19.4, 21., 70.));
#214 = VERTEX_POINT('', #213);
#215 = CARTESIAN_POINT('', (-22.6, 21., 70.));
#216 = VERTEX_POINT('', #215);
#217 = CARTESIAN_POINT('', (-20.99999998, 19.4, 70.));
#218 = VERTEX_POINT('', #217);
#219 = CARTESIAN_POINT('', (-21.00000002, 22.6, 70.));
#220 = VERTEX_POINT('', #219);
#221 = CARTESIAN_POINT('', (-19.4, -21., 59.));
#222 = VERTEX_POINT('', #221);
#223 = CARTESIAN_POINT('', (-22.6, -21., 59.));
#224 = VERTEX_POINT('', #223);
#225 = CARTESIAN_POINT('', (-19.4, -21., 70.));
#226 = VERTEX_POINT('', #225);
#227 = CARTESIAN_POINT('', (-22.6, -21., 70.));
#228 = VERTEX_POINT('', #227);
#229 = CARTESIAN_POINT('', (-20.99999998, -22.6, 70.));
#230 = VERTEX_POINT('', #229);
#231 = CARTESIAN_POINT('', (-21.00000002, -19.4, 70.));
#232 = VERTEX_POINT('', #231);
#233 = CARTESIAN_POINT('', (22.6, -21., 59.));
#234 = VERTEX_POINT('', #233);
#235 = CARTESIAN_POINT('', (19.4, -21., 59.));
#236 = VERTEX_POINT('', #235);
#237 = CARTESIAN_POINT('', (22.6, -21., 70.));
#238 = VERTEX_POINT('', #237);
#239 = CARTESIAN_POINT('', (19.4, -21., 70.));
#240 = VERTEX_POINT('', #239);
#241 = CARTESIAN_POINT('', (21.00000002, -22.6, 70.));
#242 = VERTEX_POINT('', #241);
#243 = CARTESIAN_POINT('', (20.99999998, -19.4, 70.));
#244 = VERTEX_POINT('', #243);
#245 = CARTESIAN_POINT('', (28.7, 18., 13.));
#246 = VERTEX_POINT('', #245);
#247 = CARTESIAN_POINT('', (25.3, 18., 13.));
#248 = VERTEX_POINT('', #247);
#249 = CARTESIAN_POINT('', (28.7, 18., -0.));
#250 = VERTEX_POINT('', #249);
#251 = CARTESIAN_POINT('', (25.3, 18., 0.));
#252 = VERTEX_POINT('', #251);
#253 = CARTESIAN_POINT('', (27.00000001, 16.3, 0.));
#254 = VERTEX_POINT('', #253);
#255 = CARTESIAN_POINT('', (26.99999999, 19.7, -0.));
#256 = VERTEX_POINT('', #255);
#257 = CARTESIAN_POINT('', (-16.3, 27., 13.));
#258 = VERTEX_POINT('', #257);
#259 = CARTESIAN_POINT('', (-19.7, 27., 13.));
#260 = VERTEX_POINT('', #259);
#261 = CARTESIAN_POINT('', (-16.3, 27., 0.));
#262 = VERTEX_POINT('', #261);
#263 = CARTESIAN_POINT('', (-19.7, 27., 0.));
#264 = VERTEX_POINT('', #263);
#265 = CARTESIAN_POINT('', (-17.99999999, 25.3, 0.));
#266 = VERTEX_POINT('', #265);
#267 = CARTESIAN_POINT('', (-18.00000001, 28.7, -0.));
#268 = VERTEX_POINT('', #267);
#269 = CARTESIAN_POINT('', (-25.3, -18., 13.));
#270 = VERTEX_POINT('', #269);
#271 = CARTESIAN_POINT('', (-28.7, -18., 13.));
#272 = VERTEX_POINT('', #271);
#273 = CARTESIAN_POINT('', (-25.3, -18., 0.));
#274 = VERTEX_POINT('', #273);
#275 = CARTESIAN_POINT('', (-28.7, -18., 0.));
#276 = VERTEX_POINT('', #275);
#277 = CARTESIAN_POINT('', (-26.99999999, -19.7, -0.));
#278 = VERTEX_POINT('', #277);
#279 = CARTESIAN_POINT('', (-27.00000001, -16.3, -0.));
#280 = VERTEX_POINT('', #279);
#281 = CARTESIAN_POINT('', (19.7, -27., 13.));
#282 = VERTEX_POINT('', #281);
#283 = CARTESIAN_POINT('', (16.3, -27., 13.));
#284 = VERTEX_POINT('', #283);
#285 = CARTESIAN_POINT('', (19.7, -27., -0.));
#286 = VERTEX_POINT('', #285);
#287 = CARTESIAN_POINT('', (16.3, -27., 0.));
#288 = VERTEX_POINT('', #287);
#289 = CARTESIAN_POINT('', (18.00000001, -28.7, 0.));
#290 = VERTEX_POINT('', #289);
#291 = CARTESIAN_POINT('', (17.99999999, -25.3, 0.));
#292 = VERTEX_POINT('', #291);
#293 = DIRECTION('', (0.70710678, -0.70710678, 0.));
#294 = VECTOR('', #293, 1.);
#295 = CARTESIAN_POINT('', (45., 70., 64.));
#296 = LINE('', #295, #294);
#297 = DIRECTION('', (0.29501221, 0.1475061, -0.94403906));
#298 = VECTOR('', #297, 1.);
#299 = CARTESIAN_POINT('', (70., 45., 64.));
#300 = LINE('', #299, #298);
#301 = DIRECTION('', (-0.70710678, 0.70710678, 0.));
#302 = VECTOR('', #301, 1.);
#303 = CARTESIAN_POINT('', (90., 55., 0.));
#304 = LINE('', #303, #302);
#305 = DIRECTION('', (0., -1., 0.));
#306 = VECTOR('', #305, 1.);
#307 = CARTESIAN_POINT('', (70., 45., 64.));
#308 = LINE('', #307, #306);
#309 = DIRECTION('', (0.29501221, -0.1475061, -0.94403906));
#310 = VECTOR('', #309, 1.);
#311 = CARTESIAN_POINT('', (70., -45., 64.));
#312 = LINE('', #311, #310);
#313 = DIRECTION('', (0., 1., 0.));
#314 = VECTOR('', #313, 1.);
#315 = CARTESIAN_POINT('', (90., -55., 0.));
#316 = LINE('', #315, #314);
#317 = DIRECTION('', (-0.70710678, -0.70710678, 0.));
#318 = VECTOR('', #317, 1.);
#319 = CARTESIAN_POINT('', (70., -45., 64.));
#320 = LINE('', #319, #318);
#321 = DIRECTION('', (0.1475061, -0.29501221, -0.94403906));
#322 = VECTOR('', #321, 1.);
#323 = CARTESIAN_POINT('', (45., -70., 64.));
#324 = LINE('', #323, #322);
#325 = DIRECTION('', (0.70710678, 0.70710678, 0.));
#326 = VECTOR('', #325, 1.);
#327 = CARTESIAN_POINT('', (55., -90., 0.));
#328 = LINE('', #327, #326);
#329 = DIRECTION('', (-1., -0., 0.));
#330 = VECTOR('', #329, 1.);
#331 = CARTESIAN_POINT('', (45., -70., 64.));
#332 = LINE('', #331, #330);
#333 = DIRECTION('', (-0.1475061, -0.29501221, -0.94403906));
#334 = VECTOR('', #333, 1.);
#335 = CARTESIAN_POINT('', (-45., -70., 64.));
#336 = LINE('', #335, #334);
#337 = DIRECTION('', (1., -0., 0.));
#338 = VECTOR('', #337, 1.);
#339 = CARTESIAN_POINT('', (-55., -90., 0.));
#340 = LINE('', #339, #338);
#341 = DIRECTION('', (-0.70710678, 0.70710678, 0.));
#342 = VECTOR('', #341, 1.);
#343 = CARTESIAN_POINT('', (-45., -70., 64.));
#344 = LINE('', #343, #342);
#345 = DIRECTION('', (-0.29501221, -0.1475061, -0.94403906));
#346 = VECTOR('', #345, 1.);
#347 = CARTESIAN_POINT('', (-70., -45., 64.));
#348 = LINE('', #347, #346);
#349 = DIRECTION('', (0.70710678, -0.70710678, 0.));
#350 = VECTOR('', #349, 1.);
#351 = CARTESIAN_POINT('', (-90., -55., 0.));
#352 = LINE('', #351, #350);
#353 = DIRECTION('', (0., 1., 0.));
#354 = VECTOR('', #353, 1.);
#355 = CARTESIAN_POINT('', (-70., -45., 64.));
#356 = LINE('', #355, #354);
#357 = DIRECTION('', (-0.29501221, 0.1475061, -0.94403906));
#358 = VECTOR('', #357, 1.);
#359 = CARTESIAN_POINT('', (-70., 45., 64.));
#360 = LINE('', #359, #358);
#361 = DIRECTION('', (0., -1., 0.));
#362 = VECTOR('', #361, 1.);
#363 = CARTESIAN_POINT('', (-90., 55., 0.));
#364 = LINE('', #363, #362);
#365 = DIRECTION('', (0.70710678, 0.70710678, 0.));
#366 = VECTOR('', #365, 1.);
#367 = CARTESIAN_POINT('', (-70., 45., 64.));
#368 = LINE('', #367, #366);
#369 = DIRECTION('', (-0.1475061, 0.29501221, -0.94403906));
#370 = VECTOR('', #369, 1.);
#371 = CARTESIAN_POINT('', (-45., 70., 64.));
#372 = LINE('', #371, #370);
#373 = DIRECTION('', (-0.70710678, -0.70710678, 0.));
#374 = VECTOR('', #373, 1.);
#375 = CARTESIAN_POINT('', (-55., 90., 0.));
#376 = LINE('', #375, #374);
#377 = DIRECTION('', (1., -0., 0.));
#378 = VECTOR('', #377, 1.);
#379 = CARTESIAN_POINT('', (-45., 70., 64.));
#380 = LINE('', #379, #378);
#381 = DIRECTION('', (0.1475061, 0.29501221, -0.94403906));
#382 = VECTOR('', #381, 1.);
#383 = CARTESIAN_POINT('', (45., 70., 64.));
#384 = LINE('', #383, #382);
#385 = DIRECTION('', (-1., -0., 0.));
#386 = VECTOR('', #385, 1.);
#387 = CARTESIAN_POINT('', (55., 90., 0.));
#388 = LINE('', #387, #386);
#389 = DIRECTION('', (-1., -0., 0.));
#390 = VECTOR('', #389, 1.);
#391 = CARTESIAN_POINT('', (22., 30., 70.));
#392 = LINE('', #391, #390);
#393 = DIRECTION('', (-0.70710678, -0.70710678, 0.));
#394 = VECTOR('', #393, 1.);
#395 = CARTESIAN_POINT('', (-22., 30., 70.));
#396 = LINE('', #395, #394);
#397 = DIRECTION('', (0., -1., 0.));
#398 = VECTOR('', #397, 1.);
#399 = CARTESIAN_POINT('', (-30., 22., 70.));
#400 = LINE('', #399, #398);
#401 = DIRECTION('', (0.70710678, -0.70710678, 0.));
#402 = VECTOR('', #401, 1.);
#403 = CARTESIAN_POINT('', (-30., -22., 70.));
#404 = LINE('', #403, #402);
#405 = DIRECTION('', (1., -0., 0.));
#406 = VECTOR('', #405, 1.);
#407 = CARTESIAN_POINT('', (-22., -30., 70.));
#408 = LINE('', #407, #406);
#409 = DIRECTION('', (0.70710678, 0.70710678, 0.));
#410 = VECTOR('', #409, 1.);
#411 = CARTESIAN_POINT('', (22., -30., 70.));
#412 = LINE('', #411, #410);
#413 = DIRECTION('', (0., 1., 0.));
#414 = VECTOR('', #413, 1.);
#415 = CARTESIAN_POINT('', (30., -22., 70.));
#416 = LINE('', #415, #414);
#417 = DIRECTION('', (-0.70710678, 0.70710678, 0.));
#418 = VECTOR('', #417, 1.);
#419 = CARTESIAN_POINT('', (30., 22., 70.));
#420 = LINE('', #419, #418);
#421 = DIRECTION('', (-1., -0., 0.));
#422 = VECTOR('', #421, 1.);
#423 = CARTESIAN_POINT('', (22., 30., 64.));
#424 = LINE('', #423, #422);
#425 = DIRECTION('', (-0.70710678, -0.70710678, 0.));
#426 = VECTOR('', #425, 1.);
#427 = CARTESIAN_POINT('', (-22., 30., 64.));
#428 = LINE('', #427, #426);
#429 = DIRECTION('', (0., -1., 0.));
#430 = VECTOR('', #429, 1.);
#431 = CARTESIAN_POINT('', (-30., 22., 64.));
#432 = LINE('', #431, #430);
#433 = DIRECTION('', (0.70710678, -0.70710678, 0.));
#434 = VECTOR('', #433, 1.);
#435 = CARTESIAN_POINT('', (-30., -22., 64.));
#436 = LINE('', #435, #434);
#437 = DIRECTION('', (1., -0., 0.));
#438 = VECTOR('', #437, 1.);
#439 = CARTESIAN_POINT('', (-22., -30., 64.));
#440 = LINE('', #439, #438);
#441 = DIRECTION('', (0.70710678, 0.70710678, 0.));
#442 = VECTOR('', #441, 1.);
#443 = CARTESIAN_POINT('', (22., -30., 64.));
#444 = LINE('', #443, #442);
#445 = DIRECTION('', (0., 1., 0.));
#446 = VECTOR('', #445, 1.);
#447 = CARTESIAN_POINT('', (30., -22., 64.));
#448 = LINE('', #447, #446);
#449 = DIRECTION('', (-0.70710678, 0.70710678, 0.));
#450 = VECTOR('', #449, 1.);
#451 = CARTESIAN_POINT('', (30., 22., 64.));
#452 = LINE('', #451, #450);
#453 = DIRECTION('', (0., -0., 1.));
#454 = VECTOR('', #453, 1.);
#455 = CARTESIAN_POINT('', (30., 22., 64.));
#456 = LINE('', #455, #454);
#457 = DIRECTION('', (0., -0., 1.));
#458 = VECTOR('', #457, 1.);
#459 = CARTESIAN_POINT('', (30., -22., 64.));
#460 = LINE('', #459, #458);
#461 = DIRECTION('', (0., -0., 1.));
#462 = VECTOR('', #461, 1.);
#463 = CARTESIAN_POINT('', (22., -30., 64.));
#464 = LINE('', #463, #462);
#465 = DIRECTION('', (0., -0., 1.));
#466 = VECTOR('', #465, 1.);
#467 = CARTESIAN_POINT('', (-22., -30., 64.));
#468 = LINE('', #467, #466);
#469 = DIRECTION('', (0., -0., 1.));
#470 = VECTOR('', #469, 1.);
#471 = CARTESIAN_POINT('', (-30., -22., 64.));
#472 = LINE('', #471, #470);
#473 = DIRECTION('', (0., -0., 1.));
#474 = VECTOR('', #473, 1.);
#475 = CARTESIAN_POINT('', (-30., 22., 64.));
#476 = LINE('', #475, #474);
#477 = DIRECTION('', (0., -0., 1.));
#478 = VECTOR('', #477, 1.);
#479 = CARTESIAN_POINT('', (-22., 30., 64.));
#480 = LINE('', #479, #478);
#481 = DIRECTION('', (0., -0., 1.));
#482 = VECTOR('', #481, 1.);
#483 = CARTESIAN_POINT('', (22., 30., 64.));
#484 = LINE('', #483, #482);
#485 = DIRECTION('', (0., 0.70710678, 0.70710678));
#486 = VECTOR('', #485, 1.);
#487 = CARTESIAN_POINT('', (47., 20., 20.));
#488 = LINE('', #487, #486);
#489 = DIRECTION('', (1., -0., 0.));
#490 = VECTOR('', #489, 1.);
#491 = CARTESIAN_POINT('', (47., 24., 24.));
#492 = LINE('', #491, #490);
#493 = DIRECTION('', (1., -0., 0.));
#494 = VECTOR('', #493, 1.);
#495 = CARTESIAN_POINT('', (47., 20., 20.));
#496 = LINE('', #495, #494);
#497 = DIRECTION('', (0., -0., 1.));
#498 = VECTOR('', #497, 1.);
#499 = CARTESIAN_POINT('', (47., 24., 24.));
#500 = LINE('', #499, #498);
#501 = DIRECTION('', (1., -0., 0.));
#502 = VECTOR('', #501, 1.);
#503 = CARTESIAN_POINT('', (47., 24., 42.));
#504 = LINE('', #503, #502);
#505 = DIRECTION('', (0., -0.70710678, 0.70710678));
#506 = VECTOR('', #505, 1.);
#507 = CARTESIAN_POINT('', (47., 24., 42.));
#508 = LINE('', #507, #506);
#509 = DIRECTION('', (1., -0., 0.));
#510 = VECTOR('', #509, 1.);
#511 = CARTESIAN_POINT('', (47., 20., 46.));
#512 = LINE('', #511, #510);
#513 = DIRECTION('', (0., -1., 0.));
#514 = VECTOR('', #513, 1.);
#515 = CARTESIAN_POINT('', (47., 20., 46.));
#516 = LINE('', #515, #514);
#517 = DIRECTION('', (1., -0., 0.));
#518 = VECTOR('', #517, 1.);
#519 = CARTESIAN_POINT('', (47., -20., 46.));
#520 = LINE('', #519, #518);
#521 = DIRECTION('', (0., -0.70710678, -0.70710678));
#522 = VECTOR('', #521, 1.);
#523 = CARTESIAN_POINT('', (47., -20., 46.));
#524 = LINE('', #523, #522);
#525 = DIRECTION('', (1., -0., 0.));
#526 = VECTOR('', #525, 1.);
#527 = CARTESIAN_POINT('', (47., -24., 42.));
#528 = LINE('', #527, #526);
#529 = DIRECTION('', (0., -0., -1.));
#530 = VECTOR('', #529, 1.);
#531 = CARTESIAN_POINT('', (47., -24., 42.));
#532 = LINE('', #531, #530);
#533 = DIRECTION('', (1., -0., 0.));
#534 = VECTOR('', #533, 1.);
#535 = CARTESIAN_POINT('', (47., -24., 24.));
#536 = LINE('', #535, #534);
#537 = DIRECTION('', (0., 0.70710678, -0.70710678));
#538 = VECTOR('', #537, 1.);
#539 = CARTESIAN_POINT('', (47., -24., 24.));
#540 = LINE('', #539, #538);
#541 = DIRECTION('', (1., -0., 0.));
#542 = VECTOR('', #541, 1.);
#543 = CARTESIAN_POINT('', (47., -20., 20.));
#544 = LINE('', #543, #542);
#545 = DIRECTION('', (0., 1., 0.));
#546 = VECTOR('', #545, 1.);
#547 = CARTESIAN_POINT('', (47., -20., 20.));
#548 = LINE('', #547, #546);
#549 = DIRECTION('', (0.21576593, -0.69045096, -0.69045096));
#550 = VECTOR('', #549, 1.);
#551 = CARTESIAN_POINT('', (82.5, 24., 24.));
#552 = LINE('', #551, #550);
#553 = DIRECTION('', (-0.29827499, -0., 0.95447998));
#554 = VECTOR('', #553, 1.);
#555 = CARTESIAN_POINT('', (82.5, 24., 24.));
#556 = LINE('', #555, #554);
#557 = DIRECTION('', (-0.21576593, -0.69045096, 0.69045096));
#558 = VECTOR('', #557, 1.);
#559 = CARTESIAN_POINT('', (76.875, 24., 42.));
#560 = LINE('', #559, #558);
#561 = DIRECTION('', (-0., -1., 0.));
#562 = VECTOR('', #561, 1.);
#563 = CARTESIAN_POINT('', (75.625, 20., 46.));
#564 = LINE('', #563, #562);
#565 = DIRECTION('', (0.21576593, -0.69045096, -0.69045096));
#566 = VECTOR('', #565, 1.);
#567 = CARTESIAN_POINT('', (75.625, -20., 46.));
#568 = LINE('', #567, #566);
#569 = DIRECTION('', (-0.29827499, 0., 0.95447998));
#570 = VECTOR('', #569, 1.);
#571 = CARTESIAN_POINT('', (82.5, -24., 24.));
#572 = LINE('', #571, #570);
#573 = DIRECTION('', (-0.21576593, -0.69045096, 0.69045096));
#574 = VECTOR('', #573, 1.);
#575 = CARTESIAN_POINT('', (83.75, -20., 20.));
#576 = LINE('', #575, #574);
#577 = DIRECTION('', (0., -1., 0.));
#578 = VECTOR('', #577, 1.);
#579 = CARTESIAN_POINT('', (83.75, 20., 20.));
#580 = LINE('', #579, #578);
#581 = DIRECTION('', (-0.70710678, -0., 0.70710678));
#582 = VECTOR('', #581, 1.);
#583 = CARTESIAN_POINT('', (-20., 47., 20.));
#584 = LINE('', #583, #582);
#585 = DIRECTION('', (0., 1., 0.));
#586 = VECTOR('', #585, 1.);
#587 = CARTESIAN_POINT('', (-24., 47., 24.));
#588 = LINE('', #587, #586);
#589 = DIRECTION('', (0., 1., 0.));
#590 = VECTOR('', #589, 1.);
#591 = CARTESIAN_POINT('', (-20., 47., 20.));
#592 = LINE('', #591, #590);
#593 = DIRECTION('', (0., -0., 1.));
#594 = VECTOR('', #593, 1.);
#595 = CARTESIAN_POINT('', (-24., 47., 24.));
#596 = LINE('', #595, #594);
#597 = DIRECTION('', (0., 1., 0.));
#598 = VECTOR('', #597, 1.);
#599 = CARTESIAN_POINT('', (-24., 47., 42.));
#600 = LINE('', #599, #598);
#601 = DIRECTION('', (0.70710678, -0., 0.70710678));
#602 = VECTOR('', #601, 1.);
#603 = CARTESIAN_POINT('', (-24., 47., 42.));
#604 = LINE('', #603, #602);
#605 = DIRECTION('', (0., 1., 0.));
#606 = VECTOR('', #605, 1.);
#607 = CARTESIAN_POINT('', (-20., 47., 46.));
#608 = LINE('', #607, #606);
#609 = DIRECTION('', (1., -0., 0.));
#610 = VECTOR('', #609, 1.);
#611 = CARTESIAN_POINT('', (-20., 47., 46.));
#612 = LINE('', #611, #610);
#613 = DIRECTION('', (0., 1., 0.));
#614 = VECTOR('', #613, 1.);
#615 = CARTESIAN_POINT('', (20., 47., 46.));
#616 = LINE('', #615, #614);
#617 = DIRECTION('', (0.70710678, -0., -0.70710678));
#618 = VECTOR('', #617, 1.);
#619 = CARTESIAN_POINT('', (20., 47., 46.));
#620 = LINE('', #619, #618);
#621 = DIRECTION('', (0., 1., 0.));
#622 = VECTOR('', #621, 1.);
#623 = CARTESIAN_POINT('', (24., 47., 42.));
#624 = LINE('', #623, #622);
#625 = DIRECTION('', (0., -0., -1.));
#626 = VECTOR('', #625, 1.);
#627 = CARTESIAN_POINT('', (24., 47., 42.));
#628 = LINE('', #627, #626);
#629 = DIRECTION('', (0., 1., 0.));
#630 = VECTOR('', #629, 1.);
#631 = CARTESIAN_POINT('', (24., 47., 24.));
#632 = LINE('', #631, #630);
#633 = DIRECTION('', (-0.70710678, -0., -0.70710678));
#634 = VECTOR('', #633, 1.);
#635 = CARTESIAN_POINT('', (24., 47., 24.));
#636 = LINE('', #635, #634);
#637 = DIRECTION('', (0., 1., 0.));
#638 = VECTOR('', #637, 1.);
#639 = CARTESIAN_POINT('', (20., 47., 20.));
#640 = LINE('', #639, #638);
#641 = DIRECTION('', (-1., -0., 0.));
#642 = VECTOR('', #641, 1.);
#643 = CARTESIAN_POINT('', (20., 47., 20.));
#644 = LINE('', #643, #642);
#645 = DIRECTION('', (-0.69045096, -0.21576593, 0.69045096));
#646 = VECTOR('', #645, 1.);
#647 = CARTESIAN_POINT('', (-20., 83.75, 20.));
#648 = LINE('', #647, #646);
#649 = DIRECTION('', (0., -0.29827499, 0.95447998));
#650 = VECTOR('', #649, 1.);
#651 = CARTESIAN_POINT('', (-24., 82.5, 24.));
#652 = LINE('', #651, #650);
#653 = DIRECTION('', (-0.69045096, 0.21576593, -0.69045096));
#654 = VECTOR('', #653, 1.);
#655 = CARTESIAN_POINT('', (-20., 75.625, 46.));
#656 = LINE('', #655, #654);
#657 = DIRECTION('', (-1., -0., 0.));
#658 = VECTOR('', #657, 1.);
#659 = CARTESIAN_POINT('', (20., 75.625, 46.));
#660 = LINE('', #659, #658);
#661 = DIRECTION('', (-0.69045096, -0.21576593, 0.69045096));
#662 = VECTOR('', #661, 1.);
#663 = CARTESIAN_POINT('', (24., 76.875, 42.));
#664 = LINE('', #663, #662);
#665 = DIRECTION('', (0., -0.29827499, 0.95447998));
#666 = VECTOR('', #665, 1.);
#667 = CARTESIAN_POINT('', (24., 82.5, 24.));
#668 = LINE('', #667, #666);
#669 = DIRECTION('', (-0.69045096, 0.21576593, -0.69045096));
#670 = VECTOR('', #669, 1.);
#671 = CARTESIAN_POINT('', (24., 82.5, 24.));
#672 = LINE('', #671, #670);
#673 = DIRECTION('', (-1., -0., 0.));
#674 = VECTOR('', #673, 1.);
#675 = CARTESIAN_POINT('', (20., 83.75, 20.));
#676 = LINE('', #675, #674);
#677 = DIRECTION('', (0., -0.70710678, 0.70710678));
#678 = VECTOR('', #677, 1.);
#679 = CARTESIAN_POINT('', (-47., -20., 20.));
#680 = LINE('', #679, #678);
#681 = DIRECTION('', (-1., -0., 0.));
#682 = VECTOR('', #681, 1.);
#683 = CARTESIAN_POINT('', (-47., -24., 24.));
#684 = LINE('', #683, #682);
#685 = DIRECTION('', (-1., 0., 0.));
#686 = VECTOR('', #685, 1.);
#687 = CARTESIAN_POINT('', (-47., -20., 20.));
#688 = LINE('', #687, #686);
#689 = DIRECTION('', (0., -0., 1.));
#690 = VECTOR('', #689, 1.);
#691 = CARTESIAN_POINT('', (-47., -24., 24.));
#692 = LINE('', #691, #690);
#693 = DIRECTION('', (-1., 0., 0.));
#694 = VECTOR('', #693, 1.);
#695 = CARTESIAN_POINT('', (-47., -24., 42.));
#696 = LINE('', #695, #694);
#697 = DIRECTION('', (0., 0.70710678, 0.70710678));
#698 = VECTOR('', #697, 1.);
#699 = CARTESIAN_POINT('', (-47., -24., 42.));
#700 = LINE('', #699, #698);
#701 = DIRECTION('', (-1., 0., 0.));
#702 = VECTOR('', #701, 1.);
#703 = CARTESIAN_POINT('', (-47., -20., 46.));
#704 = LINE('', #703, #702);
#705 = DIRECTION('', (0., 1., 0.));
#706 = VECTOR('', #705, 1.);
#707 = CARTESIAN_POINT('', (-47., -20., 46.));
#708 = LINE('', #707, #706);
#709 = DIRECTION('', (-1., -0., 0.));
#710 = VECTOR('', #709, 1.);
#711 = CARTESIAN_POINT('', (-47., 20., 46.));
#712 = LINE('', #711, #710);
#713 = DIRECTION('', (0., 0.70710678, -0.70710678));
#714 = VECTOR('', #713, 1.);
#715 = CARTESIAN_POINT('', (-47., 20., 46.));
#716 = LINE('', #715, #714);
#717 = DIRECTION('', (-1., 0., 0.));
#718 = VECTOR('', #717, 1.);
#719 = CARTESIAN_POINT('', (-47., 24., 42.));
#720 = LINE('', #719, #718);
#721 = DIRECTION('', (0., -0., -1.));
#722 = VECTOR('', #721, 1.);
#723 = CARTESIAN_POINT('', (-47., 24., 42.));
#724 = LINE('', #723, #722);
#725 = DIRECTION('', (-1., 0., 0.));
#726 = VECTOR('', #725, 1.);
#727 = CARTESIAN_POINT('', (-47., 24., 24.));
#728 = LINE('', #727, #726);
#729 = DIRECTION('', (0., -0.70710678, -0.70710678));
#730 = VECTOR('', #729, 1.);
#731 = CARTESIAN_POINT('', (-47., 24., 24.));
#732 = LINE('', #731, #730);
#733 = DIRECTION('', (-1., 0., 0.));
#734 = VECTOR('', #733, 1.);
#735 = CARTESIAN_POINT('', (-47., 20., 20.));
#736 = LINE('', #735, #734);
#737 = DIRECTION('', (0., -1., 0.));
#738 = VECTOR('', #737, 1.);
#739 = CARTESIAN_POINT('', (-47., 20., 20.));
#740 = LINE('', #739, #738);
#741 = DIRECTION('', (0.21576593, -0.69045096, 0.69045096));
#742 = VECTOR('', #741, 1.);
#743 = CARTESIAN_POINT('', (-83.75, -20., 20.));
#744 = LINE('', #743, #742);
#745 = DIRECTION('', (-0.29827499, -0., -0.95447998));
#746 = VECTOR('', #745, 1.);
#747 = CARTESIAN_POINT('', (-76.875, -24., 42.));
#748 = LINE('', #747, #746);
#749 = DIRECTION('', (-0.21576593, -0.69045096, -0.69045096));
#750 = VECTOR('', #749, 1.);
#751 = CARTESIAN_POINT('', (-75.625, -20., 46.));
#752 = LINE('', #751, #750);
#753 = DIRECTION('', (0., -1., 0.));
#754 = VECTOR('', #753, 1.);
#755 = CARTESIAN_POINT('', (-75.625, 20., 46.));
#756 = LINE('', #755, #754);
#757 = DIRECTION('', (0.21576593, -0.69045096, 0.69045096));
#758 = VECTOR('', #757, 1.);
#759 = CARTESIAN_POINT('', (-76.875, 24., 42.));
#760 = LINE('', #759, #758);
#761 = DIRECTION('', (-0.29827499, -0., -0.95447998));
#762 = VECTOR('', #761, 1.);
#763 = CARTESIAN_POINT('', (-76.875, 24., 42.));
#764 = LINE('', #763, #762);
#765 = DIRECTION('', (-0.21576593, -0.69045096, -0.69045096));
#766 = VECTOR('', #765, 1.);
#767 = CARTESIAN_POINT('', (-82.5, 24., 24.));
#768 = LINE('', #767, #766);
#769 = DIRECTION('', (0., -1., 0.));
#770 = VECTOR('', #769, 1.);
#771 = CARTESIAN_POINT('', (-83.75, 20., 20.));
#772 = LINE('', #771, #770);
#773 = DIRECTION('', (0.70710678, -0., 0.70710678));
#774 = VECTOR('', #773, 1.);
#775 = CARTESIAN_POINT('', (20., -47., 20.));
#776 = LINE('', #775, #774);
#777 = DIRECTION('', (-0., -1., 0.));
#778 = VECTOR('', #777, 1.);
#779 = CARTESIAN_POINT('', (24., -47., 24.));
#780 = LINE('', #779, #778);
#781 = DIRECTION('', (-0., -1., 0.));
#782 = VECTOR('', #781, 1.);
#783 = CARTESIAN_POINT('', (20., -47., 20.));
#784 = LINE('', #783, #782);
#785 = DIRECTION('', (0., -0., 1.));
#786 = VECTOR('', #785, 1.);
#787 = CARTESIAN_POINT('', (24., -47., 24.));
#788 = LINE('', #787, #786);
#789 = DIRECTION('', (-0., -1., 0.));
#790 = VECTOR('', #789, 1.);
#791 = CARTESIAN_POINT('', (24., -47., 42.));
#792 = LINE('', #791, #790);
#793 = DIRECTION('', (-0.70710678, -0., 0.70710678));
#794 = VECTOR('', #793, 1.);
#795 = CARTESIAN_POINT('', (24., -47., 42.));
#796 = LINE('', #795, #794);
#797 = DIRECTION('', (-0., -1., 0.));
#798 = VECTOR('', #797, 1.);
#799 = CARTESIAN_POINT('', (20., -47., 46.));
#800 = LINE('', #799, #798);
#801 = DIRECTION('', (-1., 0., 0.));
#802 = VECTOR('', #801, 1.);
#803 = CARTESIAN_POINT('', (20., -47., 46.));
#804 = LINE('', #803, #802);
#805 = DIRECTION('', (-0., -1., 0.));
#806 = VECTOR('', #805, 1.);
#807 = CARTESIAN_POINT('', (-20., -47., 46.));
#808 = LINE('', #807, #806);
#809 = DIRECTION('', (-0.70710678, -0., -0.70710678));
#810 = VECTOR('', #809, 1.);
#811 = CARTESIAN_POINT('', (-20., -47., 46.));
#812 = LINE('', #811, #810);
#813 = DIRECTION('', (-0., -1., 0.));
#814 = VECTOR('', #813, 1.);
#815 = CARTESIAN_POINT('', (-24., -47., 42.));
#816 = LINE('', #815, #814);
#817 = DIRECTION('', (0., -0., -1.));
#818 = VECTOR('', #817, 1.);
#819 = CARTESIAN_POINT('', (-24., -47., 42.));
#820 = LINE('', #819, #818);
#821 = DIRECTION('', (-0., -1., 0.));
#822 = VECTOR('', #821, 1.);
#823 = CARTESIAN_POINT('', (-24., -47., 24.));
#824 = LINE('', #823, #822);
#825 = DIRECTION('', (0.70710678, -0., -0.70710678));
#826 = VECTOR('', #825, 1.);
#827 = CARTESIAN_POINT('', (-24., -47., 24.));
#828 = LINE('', #827, #826);
#829 = DIRECTION('', (-0., -1., 0.));
#830 = VECTOR('', #829, 1.);
#831 = CARTESIAN_POINT('', (-20., -47., 20.));
#832 = LINE('', #831, #830);
#833 = DIRECTION('', (1., -0., 0.));
#834 = VECTOR('', #833, 1.);
#835 = CARTESIAN_POINT('', (-20., -47., 20.));
#836 = LINE('', #835, #834);
#837 = DIRECTION('', (-0.69045096, -0.21576593, -0.69045096));
#838 = VECTOR('', #837, 1.);
#839 = CARTESIAN_POINT('', (24., -82.5, 24.));
#840 = LINE('', #839, #838);
#841 = DIRECTION('', (0., -0.29827499, -0.95447998));
#842 = VECTOR('', #841, 1.);
#843 = CARTESIAN_POINT('', (24., -76.875, 42.));
#844 = LINE('', #843, #842);
#845 = DIRECTION('', (-0.69045096, 0.21576593, 0.69045096));
#846 = VECTOR('', #845, 1.);
#847 = CARTESIAN_POINT('', (24., -76.875, 42.));
#848 = LINE('', #847, #846);
#849 = DIRECTION('', (-1., -0., 0.));
#850 = VECTOR('', #849, 1.);
#851 = CARTESIAN_POINT('', (20., -75.625, 46.));
#852 = LINE('', #851, #850);
#853 = DIRECTION('', (-0.69045096, -0.21576593, -0.69045096));
#854 = VECTOR('', #853, 1.);
#855 = CARTESIAN_POINT('', (-20., -75.625, 46.));
#856 = LINE('', #855, #854);
#857 = DIRECTION('', (-0., -0.29827499, -0.95447998));
#858 = VECTOR('', #857, 1.);
#859 = CARTESIAN_POINT('', (-24., -76.875, 42.));
#860 = LINE('', #859, #858);
#861 = DIRECTION('', (-0.69045096, 0.21576593, 0.69045096));
#862 = VECTOR('', #861, 1.);
#863 = CARTESIAN_POINT('', (-20., -83.75, 20.));
#864 = LINE('', #863, #862);
#865 = DIRECTION('', (-1., -0., 0.));
#866 = VECTOR('', #865, 1.);
#867 = CARTESIAN_POINT('', (20., -83.75, 20.));
#868 = LINE('', #867, #866);
#869 = DIRECTION('', (1., 0., 0.));
#870 = DIRECTION('', (0., -0., 1.));
#871 = CARTESIAN_POINT('', (21., 21., 59.));
#872 = AXIS2_PLACEMENT_3D('', #871, #870, #869);
#873 = CIRCLE('', #872, 1.6);
#874 = DIRECTION('', (0., -0., 1.));
#875 = VECTOR('', #874, 1.);
#876 = CARTESIAN_POINT('', (22.6, 21., 59.));
#877 = LINE('', #876, #875);
#878 = DIRECTION('', (-1., 0., 0.));
#879 = DIRECTION('', (0., 0., 1.));
#880 = CARTESIAN_POINT('', (21., 21., 59.));
#881 = AXIS2_PLACEMENT_3D('', #880, #879, #878);
#882 = CIRCLE('', #881, 1.6);
#883 = DIRECTION('', (0., -0., 1.));
#884 = VECTOR('', #883, 1.);
#885 = CARTESIAN_POINT('', (19.4, 21., 59.));
#886 = LINE('', #885, #884);
#887 = DIRECTION('', (1., -0., -0.));
#888 = DIRECTION('', (0., 0., 1.));
#889 = CARTESIAN_POINT('', (21., 21., 70.));
#890 = AXIS2_PLACEMENT_3D('', #889, #888, #887);
#891 = CIRCLE('', #890, 1.6);
#892 = DIRECTION('', (1., 0., -0.));
#893 = DIRECTION('', (-0., 0., -1.));
#894 = CARTESIAN_POINT('', (21., 21., 70.));
#895 = AXIS2_PLACEMENT_3D('', #894, #893, #892);
#896 = CIRCLE('', #895, 1.6);
#897 = DIRECTION('', (0.00000002, -1., 0.));
#898 = DIRECTION('', (0., -0., -1.));
#899 = CARTESIAN_POINT('', (21., 21., 70.));
#900 = AXIS2_PLACEMENT_3D('', #899, #898, #897);
#901 = CIRCLE('', #900, 1.6);
#902 = DIRECTION('', (-0.00000002, 1., 0.));
#903 = DIRECTION('', (0., -0., 1.));
#904 = CARTESIAN_POINT('', (21., 21., 70.));
#905 = AXIS2_PLACEMENT_3D('', #904, #903, #902);
#906 = CIRCLE('', #905, 1.6);
#907 = DIRECTION('', (1., 0., 0.));
#908 = DIRECTION('', (0., -0., 1.));
#909 = CARTESIAN_POINT('', (-21., 21., 59.));
#910 = AXIS2_PLACEMENT_3D('', #909, #908, #907);
#911 = CIRCLE('', #910, 1.6);
#912 = DIRECTION('', (0., -0., 1.));
#913 = VECTOR('', #912, 1.);
#914 = CARTESIAN_POINT('', (-19.4, 21., 59.));
#915 = LINE('', #914, #913);
#916 = DIRECTION('', (-1., 0., 0.));
#917 = DIRECTION('', (0., 0., 1.));
#918 = CARTESIAN_POINT('', (-21., 21., 59.));
#919 = AXIS2_PLACEMENT_3D('', #918, #917, #916);
#920 = CIRCLE('', #919, 1.6);
#921 = DIRECTION('', (0., -0., 1.));
#922 = VECTOR('', #921, 1.);
#923 = CARTESIAN_POINT('', (-22.6, 21., 59.));
#924 = LINE('', #923, #922);
#925 = DIRECTION('', (1., -0., 0.));
#926 = DIRECTION('', (-0., -0., 1.));
#927 = CARTESIAN_POINT('', (-21., 21., 70.));
#928 = AXIS2_PLACEMENT_3D('', #927, #926, #925);
#929 = CIRCLE('', #928, 1.6);
#930 = DIRECTION('', (1., 0., 0.));
#931 = DIRECTION('', (0., -0., -1.));
#932 = CARTESIAN_POINT('', (-21., 21., 70.));
#933 = AXIS2_PLACEMENT_3D('', #932, #931, #930);
#934 = CIRCLE('', #933, 1.6);
#935 = DIRECTION('', (0.00000002, -1., -0.));
#936 = DIRECTION('', (0., 0., -1.));
#937 = CARTESIAN_POINT('', (-21., 21., 70.));
#938 = AXIS2_PLACEMENT_3D('', #937, #936, #935);
#939 = CIRCLE('', #938, 1.6);
#940 = DIRECTION('', (-0.00000002, 1., 0.));
#941 = DIRECTION('', (-0., -0., 1.));
#942 = CARTESIAN_POINT('', (-21., 21., 70.));
#943 = AXIS2_PLACEMENT_3D('', #942, #941, #940);
#944 = CIRCLE('', #943, 1.6);
#945 = DIRECTION('', (1., 0., 0.));
#946 = DIRECTION('', (0., -0., 1.));
#947 = CARTESIAN_POINT('', (-21., -21., 59.));
#948 = AXIS2_PLACEMENT_3D('', #947, #946, #945);
#949 = CIRCLE('', #948, 1.6);
#950 = DIRECTION('', (0., -0., 1.));
#951 = VECTOR('', #950, 1.);
#952 = CARTESIAN_POINT('', (-19.4, -21., 59.));
#953 = LINE('', #952, #951);
#954 = DIRECTION('', (-1., 0., 0.));
#955 = DIRECTION('', (0., 0., 1.));
#956 = CARTESIAN_POINT('', (-21., -21., 59.));
#957 = AXIS2_PLACEMENT_3D('', #956, #955, #954);
#958 = CIRCLE('', #957, 1.6);
#959 = DIRECTION('', (0., -0., 1.));
#960 = VECTOR('', #959, 1.);
#961 = CARTESIAN_POINT('', (-22.6, -21., 59.));
#962 = LINE('', #961, #960);
#963 = DIRECTION('', (1., -0., 0.));
#964 = DIRECTION('', (-0., -0., 1.));
#965 = CARTESIAN_POINT('', (-21., -21., 70.));
#966 = AXIS2_PLACEMENT_3D('', #965, #964, #963);
#967 = CIRCLE('', #966, 1.6);
#968 = DIRECTION('', (1., 0., -0.));
#969 = DIRECTION('', (-0., 0., -1.));
#970 = CARTESIAN_POINT('', (-21., -21., 70.));
#971 = AXIS2_PLACEMENT_3D('', #970, #969, #968);
#972 = CIRCLE('', #971, 1.6);
#973 = DIRECTION('', (0.00000002, -1., 0.));
#974 = DIRECTION('', (-0., -0., -1.));
#975 = CARTESIAN_POINT('', (-21., -21., 70.));
#976 = AXIS2_PLACEMENT_3D('', #975, #974, #973);
#977 = CIRCLE('', #976, 1.6);
#978 = DIRECTION('', (-0.00000002, 1., 0.));
#979 = DIRECTION('', (0., -0., 1.));
#980 = CARTESIAN_POINT('', (-21., -21., 70.));
#981 = AXIS2_PLACEMENT_3D('', #980, #979, #978);
#982 = CIRCLE('', #981, 1.6);
#983 = DIRECTION('', (1., 0., 0.));
#984 = DIRECTION('', (0., -0., 1.));
#985 = CARTESIAN_POINT('', (21., -21., 59.));
#986 = AXIS2_PLACEMENT_3D('', #985, #984, #983);
#987 = CIRCLE('', #986, 1.6);
#988 = DIRECTION('', (0., -0., 1.));
#989 = VECTOR('', #988, 1.);
#990 = CARTESIAN_POINT('', (22.6, -21., 59.));
#991 = LINE('', #990, #989);
#992 = DIRECTION('', (-1., 0., 0.));
#993 = DIRECTION('', (0., -0., 1.));
#994 = CARTESIAN_POINT('', (21., -21., 59.));
#995 = AXIS2_PLACEMENT_3D('', #994, #993, #992);
#996 = CIRCLE('', #995, 1.6);
#997 = DIRECTION('', (0., -0., 1.));
#998 = VECTOR('', #997, 1.);
#999 = CARTESIAN_POINT('', (19.4, -21., 59.));
#1000 = LINE('', #999, #998);
#1001 = DIRECTION('', (1., -0., 0.));
#1002 = DIRECTION('', (-0., -0., 1.));
#1003 = CARTESIAN_POINT('', (21., -21., 70.));
#1004 = AXIS2_PLACEMENT_3D('', #1003, #1002, #1001);
#1005 = CIRCLE('', #1004, 1.6);
#1006 = DIRECTION('', (1., 0., 0.));
#1007 = DIRECTION('', (0., -0., -1.));
#1008 = CARTESIAN_POINT('', (21., -21., 70.));
#1009 = AXIS2_PLACEMENT_3D('', #1008, #1007, #1006);
#1010 = CIRCLE('', #1009, 1.6);
#1011 = DIRECTION('', (0.00000002, -1., 0.));
#1012 = DIRECTION('', (-0., -0., -1.));
#1013 = CARTESIAN_POINT('', (21., -21., 70.));
#1014 = AXIS2_PLACEMENT_3D('', #1013, #1012, #1011);
#1015 = CIRCLE('', #1014, 1.6);
#1016 = DIRECTION('', (-0.00000002, 1., 0.));
#1017 = DIRECTION('', (0., -0., 1.));
#1018 = CARTESIAN_POINT('', (21., -21., 70.));
#1019 = AXIS2_PLACEMENT_3D('', #1018, #1017, #1016);
#1020 = CIRCLE('', #1019, 1.6);
#1021 = DIRECTION('', (1., 0., 0.));
#1022 = DIRECTION('', (0., -0., 1.));
#1023 = CARTESIAN_POINT('', (27., 18., 13.));
#1024 = AXIS2_PLACEMENT_3D('', #1023, #1022, #1021);
#1025 = CIRCLE('', #1024, 1.7);
#1026 = DIRECTION('', (-1., 0., 0.));
#1027 = DIRECTION('', (0., 0., 1.));
#1028 = CARTESIAN_POINT('', (27., 18., 13.));
#1029 = AXIS2_PLACEMENT_3D('', #1028, #1027, #1026);
#1030 = CIRCLE('', #1029, 1.7);
#1031 = DIRECTION('', (1., -0., 0.));
#1032 = DIRECTION('', (-0., -0., 1.));
#1033 = CARTESIAN_POINT('', (27., 18., -0.));
#1034 = AXIS2_PLACEMENT_3D('', #1033, #1032, #1031);
#1035 = CIRCLE('', #1034, 1.7);
#1036 = DIRECTION('', (1., 0., -0.));
#1037 = DIRECTION('', (-0., 0., -1.));
#1038 = CARTESIAN_POINT('', (27., 18., 0.));
#1039 = AXIS2_PLACEMENT_3D('', #1038, #1037, #1036);
#1040 = CIRCLE('', #1039, 1.7);
#1041 = DIRECTION('', (0.00000001, -1., -0.));
#1042 = DIRECTION('', (0., 0., -1.));
#1043 = CARTESIAN_POINT('', (27., 18., 0.));
#1044 = AXIS2_PLACEMENT_3D('', #1043, #1042, #1041);
#1045 = CIRCLE('', #1044, 1.7);
#1046 = DIRECTION('', (-0.00000001, 1., -0.));
#1047 = DIRECTION('', (0., 0., 1.));
#1048 = CARTESIAN_POINT('', (27., 18., 0.));
#1049 = AXIS2_PLACEMENT_3D('', #1048, #1047, #1046);
#1050 = CIRCLE('', #1049, 1.7);
#1051 = DIRECTION('', (0., -0., 1.));
#1052 = VECTOR('', #1051, 1.);
#1053 = CARTESIAN_POINT('', (25.3, 18., 0.));
#1054 = LINE('', #1053, #1052);
#1055 = DIRECTION('', (0., -0., 1.));
#1056 = VECTOR('', #1055, 1.);
#1057 = CARTESIAN_POINT('', (28.7, 18., -0.));
#1058 = LINE('', #1057, #1056);
#1059 = DIRECTION('', (1., 0., 0.));
#1060 = DIRECTION('', (0., -0., 1.));
#1061 = CARTESIAN_POINT('', (-18., 27., 13.));
#1062 = AXIS2_PLACEMENT_3D('', #1061, #1060, #1059);
#1063 = CIRCLE('', #1062, 1.7);
#1064 = DIRECTION('', (-1., -0., 0.));
#1065 = DIRECTION('', (0., 0., 1.));
#1066 = CARTESIAN_POINT('', (-18., 27., 13.));
#1067 = AXIS2_PLACEMENT_3D('', #1066, #1065, #1064);
#1068 = CIRCLE('', #1067, 1.7);
#1069 = DIRECTION('', (1., -0., 0.));
#1070 = DIRECTION('', (-0., 0., 1.));
#1071 = CARTESIAN_POINT('', (-18., 27., -0.));
#1072 = AXIS2_PLACEMENT_3D('', #1071, #1070, #1069);
#1073 = CIRCLE('', #1072, 1.7);
#1074 = DIRECTION('', (1., 0., -0.));
#1075 = DIRECTION('', (-0., 0., -1.));
#1076 = CARTESIAN_POINT('', (-18., 27., 0.));
#1077 = AXIS2_PLACEMENT_3D('', #1076, #1075, #1074);
#1078 = CIRCLE('', #1077, 1.7);
#1079 = DIRECTION('', (0.00000001, -1., -0.));
#1080 = DIRECTION('', (0., 0., -1.));
#1081 = CARTESIAN_POINT('', (-18., 27., 0.));
#1082 = AXIS2_PLACEMENT_3D('', #1081, #1080, #1079);
#1083 = CIRCLE('', #1082, 1.7);
#1084 = DIRECTION('', (-0.00000001, 1., 0.));
#1085 = DIRECTION('', (0., -0., 1.));
#1086 = CARTESIAN_POINT('', (-18., 27., -0.));
#1087 = AXIS2_PLACEMENT_3D('', #1086, #1085, #1084);
#1088 = CIRCLE('', #1087, 1.7);
#1089 = DIRECTION('', (0., -0., 1.));
#1090 = VECTOR('', #1089, 1.);
#1091 = CARTESIAN_POINT('', (-19.7, 27., -0.));
#1092 = LINE('', #1091, #1090);
#1093 = DIRECTION('', (0., -0., 1.));
#1094 = VECTOR('', #1093, 1.);
#1095 = CARTESIAN_POINT('', (-16.3, 27., -0.));
#1096 = LINE('', #1095, #1094);
#1097 = DIRECTION('', (1., 0., 0.));
#1098 = DIRECTION('', (0., -0., 1.));
#1099 = CARTESIAN_POINT('', (-27., -18., 13.));
#1100 = AXIS2_PLACEMENT_3D('', #1099, #1098, #1097);
#1101 = CIRCLE('', #1100, 1.7);
#1102 = DIRECTION('', (-1., 0., 0.));
#1103 = DIRECTION('', (0., 0., 1.));
#1104 = CARTESIAN_POINT('', (-27., -18., 13.));
#1105 = AXIS2_PLACEMENT_3D('', #1104, #1103, #1102);
#1106 = CIRCLE('', #1105, 1.7);
#1107 = DIRECTION('', (1., -0., 0.));
#1108 = DIRECTION('', (-0., -0., 1.));
#1109 = CARTESIAN_POINT('', (-27., -18., -0.));
#1110 = AXIS2_PLACEMENT_3D('', #1109, #1108, #1107);
#1111 = CIRCLE('', #1110, 1.7);
#1112 = DIRECTION('', (1., 0., -0.));
#1113 = DIRECTION('', (-0., 0., -1.));
#1114 = CARTESIAN_POINT('', (-27., -18., 0.));
#1115 = AXIS2_PLACEMENT_3D('', #1114, #1113, #1112);
#1116 = CIRCLE('', #1115, 1.7);
#1117 = DIRECTION('', (0.00000001, -1., 0.));
#1118 = DIRECTION('', (-0., -0., -1.));
#1119 = CARTESIAN_POINT('', (-27., -18., -0.));
#1120 = AXIS2_PLACEMENT_3D('', #1119, #1118, #1117);
#1121 = CIRCLE('', #1120, 1.7);
#1122 = DIRECTION('', (-0.00000001, 1., -0.));
#1123 = DIRECTION('', (-0., 0., 1.));
#1124 = CARTESIAN_POINT('', (-27., -18., 0.));
#1125 = AXIS2_PLACEMENT_3D('', #1124, #1123, #1122);
#1126 = CIRCLE('', #1125, 1.7);
#1127 = DIRECTION('', (0., -0., 1.));
#1128 = VECTOR('', #1127, 1.);
#1129 = CARTESIAN_POINT('', (-28.7, -18., 0.));
#1130 = LINE('', #1129, #1128);
#1131 = DIRECTION('', (0., -0., 1.));
#1132 = VECTOR('', #1131, 1.);
#1133 = CARTESIAN_POINT('', (-25.3, -18., -0.));
#1134 = LINE('', #1133, #1132);
#1135 = DIRECTION('', (1., -0., 0.));
#1136 = DIRECTION('', (-0., -0., 1.));
#1137 = CARTESIAN_POINT('', (18., -27., 13.));
#1138 = AXIS2_PLACEMENT_3D('', #1137, #1136, #1135);
#1139 = CIRCLE('', #1138, 1.7);
#1140 = DIRECTION('', (-1., 0., 0.));
#1141 = DIRECTION('', (0., -0., 1.));
#1142 = CARTESIAN_POINT('', (18., -27., 13.));
#1143 = AXIS2_PLACEMENT_3D('', #1142, #1141, #1140);
#1144 = CIRCLE('', #1143, 1.7);
#1145 = DIRECTION('', (1., -0., 0.));
#1146 = DIRECTION('', (-0., -0., 1.));
#1147 = CARTESIAN_POINT('', (18., -27., -0.));
#1148 = AXIS2_PLACEMENT_3D('', #1147, #1146, #1145);
#1149 = CIRCLE('', #1148, 1.7);
#1150 = DIRECTION('', (1., 0., -0.));
#1151 = DIRECTION('', (-0., 0., -1.));
#1152 = CARTESIAN_POINT('', (18., -27., 0.));
#1153 = AXIS2_PLACEMENT_3D('', #1152, #1151, #1150);
#1154 = CIRCLE('', #1153, 1.7);
#1155 = DIRECTION('', (0.00000001, -1., -0.));
#1156 = DIRECTION('', (0., 0., -1.));
#1157 = CARTESIAN_POINT('', (18., -27., 0.));
#1158 = AXIS2_PLACEMENT_3D('', #1157, #1156, #1155);
#1159 = CIRCLE('', #1158, 1.7);
#1160 = DIRECTION('', (-0.00000001, 1., -0.));
#1161 = DIRECTION('', (-0., 0., 1.));
#1162 = CARTESIAN_POINT('', (18., -27., 0.));
#1163 = AXIS2_PLACEMENT_3D('', #1162, #1161, #1160);
#1164 = CIRCLE('', #1163, 1.7);
#1165 = DIRECTION('', (0., -0., 1.));
#1166 = VECTOR('', #1165, 1.);
#1167 = CARTESIAN_POINT('', (16.3, -27., 0.));
#1168 = LINE('', #1167, #1166);
#1169 = DIRECTION('', (0., -0., 1.));
#1170 = VECTOR('', #1169, 1.);
#1171 = CARTESIAN_POINT('', (19.7, -27., -0.));
#1172 = LINE('', #1171, #1170);
#1173 = EDGE_CURVE('', #34, #6, #296, .T.);
#1174 = EDGE_CURVE('', #6, #8, #300, .T.);
#1175 = EDGE_CURVE('', #8, #36, #304, .T.);
#1176 = EDGE_CURVE('', #6, #10, #308, .T.);
#1177 = EDGE_CURVE('', #10, #12, #312, .T.);
#1178 = EDGE_CURVE('', #12, #8, #316, .T.);
#1179 = EDGE_CURVE('', #10, #14, #320, .T.);
#1180 = EDGE_CURVE('', #14, #16, #324, .T.);
#1181 = EDGE_CURVE('', #16, #12, #328, .T.);
#1182 = EDGE_CURVE('', #14, #18, #332, .T.);
#1183 = EDGE_CURVE('', #18, #20, #336, .T.);
#1184 = EDGE_CURVE('', #20, #16, #340, .T.);
#1185 = EDGE_CURVE('', #18, #22, #344, .T.);
#1186 = EDGE_CURVE('', #22, #24, #348, .T.);
#1187 = EDGE_CURVE('', #24, #20, #352, .T.);
#1188 = EDGE_CURVE('', #22, #26, #356, .T.);
#1189 = EDGE_CURVE('', #26, #28, #360, .T.);
#1190 = EDGE_CURVE('', #28, #24, #364, .T.);
#1191 = EDGE_CURVE('', #26, #30, #368, .T.);
#1192 = EDGE_CURVE('', #30, #32, #372, .T.);
#1193 = EDGE_CURVE('', #32, #28, #376, .T.);
#1194 = EDGE_CURVE('', #30, #34, #380, .T.);
#1195 = EDGE_CURVE('', #34, #36, #384, .T.);
#1196 = EDGE_CURVE('', #36, #32, #388, .T.);
#1197 = EDGE_CURVE('', #40, #38, #392, .T.);
#1198 = EDGE_CURVE('', #38, #42, #396, .T.);
#1199 = EDGE_CURVE('', #42, #44, #400, .T.);
#1200 = EDGE_CURVE('', #44, #46, #404, .T.);
#1201 = EDGE_CURVE('', #46, #48, #408, .T.);
#1202 = EDGE_CURVE('', #48, #50, #412, .T.);
#1203 = EDGE_CURVE('', #50, #52, #416, .T.);
#1204 = EDGE_CURVE('', #52, #40, #420, .T.);
#1205 = EDGE_CURVE('', #54, #56, #424, .T.);
#1206 = EDGE_CURVE('', #56, #58, #428, .T.);
#1207 = EDGE_CURVE('', #58, #60, #432, .T.);
#1208 = EDGE_CURVE('', #60, #62, #436, .T.);
#1209 = EDGE_CURVE('', #62, #64, #440, .T.);
#1210 = EDGE_CURVE('', #64, #66, #444, .T.);
#1211 = EDGE_CURVE('', #66, #68, #448, .T.);
#1212 = EDGE_CURVE('', #68, #54, #452, .T.);
#1213 = EDGE_CURVE('', #68, #52, #456, .T.);
#1214 = EDGE_CURVE('', #66, #50, #460, .T.);
#1215 = EDGE_CURVE('', #64, #48, #464, .T.);
#1216 = EDGE_CURVE('', #62, #46, #468, .T.);
#1217 = EDGE_CURVE('', #60, #44, #472, .T.);
#1218 = EDGE_CURVE('', #58, #42, #476, .T.);
#1219 = EDGE_CURVE('', #56, #38, #480, .T.);
#1220 = EDGE_CURVE('', #54, #40, #484, .T.);
#1221 = EDGE_CURVE('', #70, #72, #488, .T.);
#1222 = EDGE_CURVE('', #72, #86, #492, .T.);
#1223 = EDGE_CURVE('', #70, #88, #496, .T.);
#1224 = EDGE_CURVE('', #72, #74, #500, .T.);
#1225 = EDGE_CURVE('', #74, #90, #504, .T.);
#1226 = EDGE_CURVE('', #74, #76, #508, .T.);
#1227 = EDGE_CURVE('', #76, #92, #512, .T.);
#1228 = EDGE_CURVE('', #76, #78, #516, .T.);
#1229 = EDGE_CURVE('', #78, #94, #520, .T.);
#1230 = EDGE_CURVE('', #78, #80, #524, .T.);
#1231 = EDGE_CURVE('', #80, #96, #528, .T.);
#1232 = EDGE_CURVE('', #80, #82, #532, .T.);
#1233 = EDGE_CURVE('', #82, #98, #536, .T.);
#1234 = EDGE_CURVE('', #82, #84, #540, .T.);
#1235 = EDGE_CURVE('', #84, #100, #544, .T.);
#1236 = EDGE_CURVE('', #84, #70, #548, .T.);
#1237 = EDGE_CURVE('', #86, #88, #552, .T.);
#1238 = EDGE_CURVE('', #86, #90, #556, .T.);
#1239 = EDGE_CURVE('', #90, #92, #560, .T.);
#1240 = EDGE_CURVE('', #92, #94, #564, .T.);
#1241 = EDGE_CURVE('', #94, #96, #568, .T.);
#1242 = EDGE_CURVE('', #98, #96, #572, .T.);
#1243 = EDGE_CURVE('', #100, #98, #576, .T.);
#1244 = EDGE_CURVE('', #88, #100, #580, .T.);
#1245 = EDGE_CURVE('', #102, #104, #584, .T.);
#1246 = EDGE_CURVE('', #104, #120, #588, .T.);
#1247 = EDGE_CURVE('', #102, #118, #592, .T.);
#1248 = EDGE_CURVE('', #104, #106, #596, .T.);
#1249 = EDGE_CURVE('', #106, #122, #600, .T.);
#1250 = EDGE_CURVE('', #106, #108, #604, .T.);
#1251 = EDGE_CURVE('', #108, #124, #608, .T.);
#1252 = EDGE_CURVE('', #108, #110, #612, .T.);
#1253 = EDGE_CURVE('', #110, #126, #616, .T.);
#1254 = EDGE_CURVE('', #110, #112, #620, .T.);
#1255 = EDGE_CURVE('', #112, #128, #624, .T.);
#1256 = EDGE_CURVE('', #112, #114, #628, .T.);
#1257 = EDGE_CURVE('', #114, #130, #632, .T.);
#1258 = EDGE_CURVE('', #114, #116, #636, .T.);
#1259 = EDGE_CURVE('', #116, #132, #640, .T.);
#1260 = EDGE_CURVE('', #116, #102, #644, .T.);
#1261 = EDGE_CURVE('', #118, #120, #648, .T.);
#1262 = EDGE_CURVE('', #120, #122, #652, .T.);
#1263 = EDGE_CURVE('', #124, #122, #656, .T.);
#1264 = EDGE_CURVE('', #126, #124, #660, .T.);
#1265 = EDGE_CURVE('', #128, #126, #664, .T.);
#1266 = EDGE_CURVE('', #130, #128, #668, .T.);
#1267 = EDGE_CURVE('', #130, #132, #672, .T.);
#1268 = EDGE_CURVE('', #132, #118, #676, .T.);
#1269 = EDGE_CURVE('', #134, #136, #680, .T.);
#1270 = EDGE_CURVE('', #136, #152, #684, .T.);
#1271 = EDGE_CURVE('', #134, #150, #688, .T.);
#1272 = EDGE_CURVE('', #136, #138, #692, .T.);
#1273 = EDGE_CURVE('', #138, #154, #696, .T.);
#1274 = EDGE_CURVE('', #138, #140, #700, .T.);
#1275 = EDGE_CURVE('', #140, #156, #704, .T.);
#1276 = EDGE_CURVE('', #140, #142, #708, .T.);
#1277 = EDGE_CURVE('', #142, #158, #712, .T.);
#1278 = EDGE_CURVE('', #142, #144, #716, .T.);
#1279 = EDGE_CURVE('', #144, #160, #720, .T.);
#1280 = EDGE_CURVE('', #144, #146, #724, .T.);
#1281 = EDGE_CURVE('', #146, #162, #728, .T.);
#1282 = EDGE_CURVE('', #146, #148, #732, .T.);
#1283 = EDGE_CURVE('', #148, #164, #736, .T.);
#1284 = EDGE_CURVE('', #148, #134, #740, .T.);
#1285 = EDGE_CURVE('', #150, #152, #744, .T.);
#1286 = EDGE_CURVE('', #154, #152, #748, .T.);
#1287 = EDGE_CURVE('', #156, #154, #752, .T.);
#1288 = EDGE_CURVE('', #158, #156, #756, .T.);
#1289 = EDGE_CURVE('', #160, #158, #760, .T.);
#1290 = EDGE_CURVE('', #160, #162, #764, .T.);
#1291 = EDGE_CURVE('', #162, #164, #768, .T.);
#1292 = EDGE_CURVE('', #164, #150, #772, .T.);
#1293 = EDGE_CURVE('', #166, #168, #776, .T.);
#1294 = EDGE_CURVE('', #168, #182, #780, .T.);
#1295 = EDGE_CURVE('', #166, #184, #784, .T.);
#1296 = EDGE_CURVE('', #168, #170, #788, .T.);
#1297 = EDGE_CURVE('', #170, #186, #792, .T.);
#1298 = EDGE_CURVE('', #170, #172, #796, .T.);
#1299 = EDGE_CURVE('', #172, #188, #800, .T.);
#1300 = EDGE_CURVE('', #172, #174, #804, .T.);
#1301 = EDGE_CURVE('', #174, #190, #808, .T.);
#1302 = EDGE_CURVE('', #174, #176, #812, .T.);
#1303 = EDGE_CURVE('', #176, #192, #816, .T.);
#1304 = EDGE_CURVE('', #176, #178, #820, .T.);
#1305 = EDGE_CURVE('', #178, #194, #824, .T.);
#1306 = EDGE_CURVE('', #178, #180, #828, .T.);
#1307 = EDGE_CURVE('', #180, #196, #832, .T.);
#1308 = EDGE_CURVE('', #180, #166, #836, .T.);
#1309 = EDGE_CURVE('', #182, #184, #840, .T.);
#1310 = EDGE_CURVE('', #186, #182, #844, .T.);
#1311 = EDGE_CURVE('', #186, #188, #848, .T.);
#1312 = EDGE_CURVE('', #188, #190, #852, .T.);
#1313 = EDGE_CURVE('', #190, #192, #856, .T.);
#1314 = EDGE_CURVE('', #192, #194, #860, .T.);
#1315 = EDGE_CURVE('', #196, #194, #864, .T.);
#1316 = EDGE_CURVE('', #184, #196, #868, .T.);
#1317 = EDGE_CURVE('', #198, #200, #873, .T.);
#1318 = EDGE_CURVE('', #198, #202, #877, .T.);
#1319 = EDGE_CURVE('', #200, #198, #882, .T.);
#1320 = EDGE_CURVE('', #200, #204, #886, .T.);
#1321 = EDGE_CURVE('', #202, #208, #891, .T.);
#1322 = EDGE_CURVE('', #202, #206, #896, .T.);
#1323 = EDGE_CURVE('', #206, #204, #901, .T.);
#1324 = EDGE_CURVE('', #208, #204, #906, .T.);
#1325 = EDGE_CURVE('', #210, #212, #911, .T.);
#1326 = EDGE_CURVE('', #210, #214, #915, .T.);
#1327 = EDGE_CURVE('', #212, #210, #920, .T.);
#1328 = EDGE_CURVE('', #212, #216, #924, .T.);
#1329 = EDGE_CURVE('', #214, #220, #929, .T.);
#1330 = EDGE_CURVE('', #214, #218, #934, .T.);
#1331 = EDGE_CURVE('', #218, #216, #939, .T.);
#1332 = EDGE_CURVE('', #220, #216, #944, .T.);
#1333 = EDGE_CURVE('', #222, #224, #949, .T.);
#1334 = EDGE_CURVE('', #222, #226, #953, .T.);
#1335 = EDGE_CURVE('', #224, #222, #958, .T.);
#1336 = EDGE_CURVE('', #224, #228, #962, .T.);
#1337 = EDGE_CURVE('', #226, #232, #967, .T.);
#1338 = EDGE_CURVE('', #226, #230, #972, .T.);
#1339 = EDGE_CURVE('', #230, #228, #977, .T.);
#1340 = EDGE_CURVE('', #232, #228, #982, .T.);
#1341 = EDGE_CURVE('', #234, #236, #987, .T.);
#1342 = EDGE_CURVE('', #234, #238, #991, .T.);
#1343 = EDGE_CURVE('', #236, #234, #996, .T.);
#1344 = EDGE_CURVE('', #236, #240, #1000, .T.);
#1345 = EDGE_CURVE('', #238, #244, #1005, .T.);
#1346 = EDGE_CURVE('', #238, #242, #1010, .T.);
#1347 = EDGE_CURVE('', #242, #240, #1015, .T.);
#1348 = EDGE_CURVE('', #244, #240, #1020, .T.);
#1349 = EDGE_CURVE('', #246, #248, #1025, .T.);
#1350 = EDGE_CURVE('', #248, #246, #1030, .T.);
#1351 = EDGE_CURVE('', #250, #256, #1035, .T.);
#1352 = EDGE_CURVE('', #250, #254, #1040, .T.);
#1353 = EDGE_CURVE('', #254, #252, #1045, .T.);
#1354 = EDGE_CURVE('', #256, #252, #1050, .T.);
#1355 = EDGE_CURVE('', #252, #248, #1054, .T.);
#1356 = EDGE_CURVE('', #250, #246, #1058, .T.);
#1357 = EDGE_CURVE('', #258, #260, #1063, .T.);
#1358 = EDGE_CURVE('', #260, #258, #1068, .T.);
#1359 = EDGE_CURVE('', #262, #268, #1073, .T.);
#1360 = EDGE_CURVE('', #262, #266, #1078, .T.);
#1361 = EDGE_CURVE('', #266, #264, #1083, .T.);
#1362 = EDGE_CURVE('', #268, #264, #1088, .T.);
#1363 = EDGE_CURVE('', #264, #260, #1092, .T.);
#1364 = EDGE_CURVE('', #262, #258, #1096, .T.);
#1365 = EDGE_CURVE('', #270, #272, #1101, .T.);
#1366 = EDGE_CURVE('', #272, #270, #1106, .T.);
#1367 = EDGE_CURVE('', #274, #280, #1111, .T.);
#1368 = EDGE_CURVE('', #274, #278, #1116, .T.);
#1369 = EDGE_CURVE('', #278, #276, #1121, .T.);
#1370 = EDGE_CURVE('', #280, #276, #1126, .T.);
#1371 = EDGE_CURVE('', #276, #272, #1130, .T.);
#1372 = EDGE_CURVE('', #274, #270, #1134, .T.);
#1373 = EDGE_CURVE('', #282, #284, #1139, .T.);
#1374 = EDGE_CURVE('', #284, #282, #1144, .T.);
#1375 = EDGE_CURVE('', #286, #292, #1149, .T.);
#1376 = EDGE_CURVE('', #286, #290, #1154, .T.);
#1377 = EDGE_CURVE('', #290, #288, #1159, .T.);
#1378 = EDGE_CURVE('', #292, #288, #1164, .T.);
#1379 = EDGE_CURVE('', #288, #284, #1168, .T.);
#1380 = EDGE_CURVE('', #286, #282, #1172, .T.);
#1381 = CARTESIAN_POINT('', (65., 65., 32.));
#1382 = DIRECTION('', (0.67119739, 0.67119739, 0.31462378));
#1383 = AXIS2_PLACEMENT_3D('', #1381, #1382, $);
#1384 = PLANE('', #1383);
#1385 = CARTESIAN_POINT('', (80., 0., 32.));
#1386 = DIRECTION('', (0.95447998, 0., 0.29827499));
#1387 = AXIS2_PLACEMENT_3D('', #1385, #1386, $);
#1388 = PLANE('', #1387);
#1389 = CARTESIAN_POINT('', (65., -65., 32.));
#1390 = DIRECTION('', (0.67119739, -0.67119739, 0.31462378));
#1391 = AXIS2_PLACEMENT_3D('', #1389, #1390, $);
#1392 = PLANE('', #1391);
#1393 = CARTESIAN_POINT('', (0., -80., 32.));
#1394 = DIRECTION('', (0., -0.95447998, 0.29827499));
#1395 = AXIS2_PLACEMENT_3D('', #1393, #1394, $);
#1396 = PLANE('', #1395);
#1397 = CARTESIAN_POINT('', (-65., -65., 32.));
#1398 = DIRECTION('', (-0.67119739, -0.67119739, 0.31462378));
#1399 = AXIS2_PLACEMENT_3D('', #1397, #1398, $);
#1400 = PLANE('', #1399);
#1401 = CARTESIAN_POINT('', (-80., 0., 32.));
#1402 = DIRECTION('', (-0.95447998, 0., 0.29827499));
#1403 = AXIS2_PLACEMENT_3D('', #1401, #1402, $);
#1404 = PLANE('', #1403);
#1405 = CARTESIAN_POINT('', (-65., 65., 32.));
#1406 = DIRECTION('', (-0.67119739, 0.67119739, 0.31462378));
#1407 = AXIS2_PLACEMENT_3D('', #1405, #1406, $);
#1408 = PLANE('', #1407);
#1409 = CARTESIAN_POINT('', (0., 80., 32.));
#1410 = DIRECTION('', (-0., 0.95447998, 0.29827499));
#1411 = AXIS2_PLACEMENT_3D('', #1409, #1410, $);
#1412 = PLANE('', #1411);
#1413 = CARTESIAN_POINT('', (0., 0., 0.));
#1414 = DIRECTION('', (0., -0., 1.));
#1415 = AXIS2_PLACEMENT_3D('', #1413, #1414, $);
#1416 = PLANE('', #1415);
#1417 = CARTESIAN_POINT('', (0., 0., 64.));
#1418 = DIRECTION('', (0., -0., 1.));
#1419 = AXIS2_PLACEMENT_3D('', #1417, #1418, $);
#1420 = PLANE('', #1419);
#1421 = CARTESIAN_POINT('', (0., 0., 70.));
#1422 = DIRECTION('', (0., -0., 1.));
#1423 = AXIS2_PLACEMENT_3D('', #1421, #1422, $);
#1424 = PLANE('', #1423);
#1425 = CARTESIAN_POINT('', (26., 26., 66.5));
#1426 = DIRECTION('', (0.70710678, 0.70710678, -0.));
#1427 = AXIS2_PLACEMENT_3D('', #1425, #1426, $);
#1428 = PLANE('', #1427);
#1429 = CARTESIAN_POINT('', (30., 0., 66.5));
#1430 = DIRECTION('', (1., -0., 0.));
#1431 = AXIS2_PLACEMENT_3D('', #1429, #1430, $);
#1432 = PLANE('', #1431);
#1433 = CARTESIAN_POINT('', (26., -26., 66.5));
#1434 = DIRECTION('', (0.70710678, -0.70710678, 0.));
#1435 = AXIS2_PLACEMENT_3D('', #1433, #1434, $);
#1436 = PLANE('', #1435);
#1437 = CARTESIAN_POINT('', (0., -30., 66.5));
#1438 = DIRECTION('', (0., -1., 0.));
#1439 = AXIS2_PLACEMENT_3D('', #1437, #1438, $);
#1440 = PLANE('', #1439);
#1441 = CARTESIAN_POINT('', (-26., -26., 66.5));
#1442 = DIRECTION('', (-0.70710678, -0.70710678, 0.));
#1443 = AXIS2_PLACEMENT_3D('', #1441, #1442, $);
#1444 = PLANE('', #1443);
#1445 = CARTESIAN_POINT('', (-30., -0., 66.5));
#1446 = DIRECTION('', (-1., -0., 0.));
#1447 = AXIS2_PLACEMENT_3D('', #1445, #1446, $);
#1448 = PLANE('', #1447);
#1449 = CARTESIAN_POINT('', (-26., 26., 66.5));
#1450 = DIRECTION('', (-0.70710678, 0.70710678, 0.));
#1451 = AXIS2_PLACEMENT_3D('', #1449, #1450, $);
#1452 = PLANE('', #1451);
#1453 = CARTESIAN_POINT('', (0., 30., 66.5));
#1454 = DIRECTION('', (0., 1., -0.));
#1455 = AXIS2_PLACEMENT_3D('', #1453, #1454, $);
#1456 = PLANE('', #1455);
#1457 = CARTESIAN_POINT('', (71., 22., 22.));
#1458 = DIRECTION('', (0., 0.70710678, -0.70710678));
#1459 = AXIS2_PLACEMENT_3D('', #1457, #1458, $);
#1460 = PLANE('', #1459);
#1461 = CARTESIAN_POINT('', (71., 24., 33.));
#1462 = DIRECTION('', (0., 1., 0.));
#1463 = AXIS2_PLACEMENT_3D('', #1461, #1462, $);
#1464 = PLANE('', #1463);
#1465 = CARTESIAN_POINT('', (71., 22., 44.));
#1466 = DIRECTION('', (-0., 0.70710678, 0.70710678));
#1467 = AXIS2_PLACEMENT_3D('', #1465, #1466, $);
#1468 = PLANE('', #1467);
#1469 = CARTESIAN_POINT('', (71., 0., 46.));
#1470 = DIRECTION('', (-0., -0., 1.));
#1471 = AXIS2_PLACEMENT_3D('', #1469, #1470, $);
#1472 = PLANE('', #1471);
#1473 = CARTESIAN_POINT('', (71., -22., 44.));
#1474 = DIRECTION('', (0., -0.70710678, 0.70710678));
#1475 = AXIS2_PLACEMENT_3D('', #1473, #1474, $);
#1476 = PLANE('', #1475);
#1477 = CARTESIAN_POINT('', (71., -24., 33.));
#1478 = DIRECTION('', (0., -1., -0.));
#1479 = AXIS2_PLACEMENT_3D('', #1477, #1478, $);
#1480 = PLANE('', #1479);
#1481 = CARTESIAN_POINT('', (71., -22., 22.));
#1482 = DIRECTION('', (0., -0.70710678, -0.70710678));
#1483 = AXIS2_PLACEMENT_3D('', #1481, #1482, $);
#1484 = PLANE('', #1483);
#1485 = CARTESIAN_POINT('', (71., 0., 20.));
#1486 = DIRECTION('', (0., -0., -1.));
#1487 = AXIS2_PLACEMENT_3D('', #1485, #1486, $);
#1488 = PLANE('', #1487);
#1489 = CARTESIAN_POINT('', (47., 0., 0.));
#1490 = DIRECTION('', (1., -0., 0.));
#1491 = AXIS2_PLACEMENT_3D('', #1489, #1490, $);
#1492 = PLANE('', #1491);
#1493 = CARTESIAN_POINT('', (-22., 71., 22.));
#1494 = DIRECTION('', (-0.70710678, 0., -0.70710678));
#1495 = AXIS2_PLACEMENT_3D('', #1493, #1494, $);
#1496 = PLANE('', #1495);
#1497 = CARTESIAN_POINT('', (-24., 71., 33.));
#1498 = DIRECTION('', (-1., 0., 0.));
#1499 = AXIS2_PLACEMENT_3D('', #1497, #1498, $);
#1500 = PLANE('', #1499);
#1501 = CARTESIAN_POINT('', (-22., 71., 44.));
#1502 = DIRECTION('', (-0.70710678, 0., 0.70710678));
#1503 = AXIS2_PLACEMENT_3D('', #1501, #1502, $);
#1504 = PLANE('', #1503);
#1505 = CARTESIAN_POINT('', (0., 71., 46.));
#1506 = DIRECTION('', (0., -0., 1.));
#1507 = AXIS2_PLACEMENT_3D('', #1505, #1506, $);
#1508 = PLANE('', #1507);
#1509 = CARTESIAN_POINT('', (22., 71., 44.));
#1510 = DIRECTION('', (0.70710678, -0., 0.70710678));
#1511 = AXIS2_PLACEMENT_3D('', #1509, #1510, $);
#1512 = PLANE('', #1511);
#1513 = CARTESIAN_POINT('', (24., 71., 33.));
#1514 = DIRECTION('', (1., -0., 0.));
#1515 = AXIS2_PLACEMENT_3D('', #1513, #1514, $);
#1516 = PLANE('', #1515);
#1517 = CARTESIAN_POINT('', (22., 71., 22.));
#1518 = DIRECTION('', (0.70710678, -0., -0.70710678));
#1519 = AXIS2_PLACEMENT_3D('', #1517, #1518, $);
#1520 = PLANE('', #1519);
#1521 = CARTESIAN_POINT('', (0., 71., 20.));
#1522 = DIRECTION('', (0., 0., -1.));
#1523 = AXIS2_PLACEMENT_3D('', #1521, #1522, $);
#1524 = PLANE('', #1523);
#1525 = CARTESIAN_POINT('', (0., 47., 0.));
#1526 = DIRECTION('', (0., 1., -0.));
#1527 = AXIS2_PLACEMENT_3D('', #1525, #1526, $);
#1528 = PLANE('', #1527);
#1529 = CARTESIAN_POINT('', (-71., -22., 22.));
#1530 = DIRECTION('', (-0., -0.70710678, -0.70710678));
#1531 = AXIS2_PLACEMENT_3D('', #1529, #1530, $);
#1532 = PLANE('', #1531);
#1533 = CARTESIAN_POINT('', (-71., -24., 33.));
#1534 = DIRECTION('', (0., -1., 0.));
#1535 = AXIS2_PLACEMENT_3D('', #1533, #1534, $);
#1536 = PLANE('', #1535);
#1537 = CARTESIAN_POINT('', (-71., -22., 44.));
#1538 = DIRECTION('', (-0., -0.70710678, 0.70710678));
#1539 = AXIS2_PLACEMENT_3D('', #1537, #1538, $);
#1540 = PLANE('', #1539);
#1541 = CARTESIAN_POINT('', (-71., 0., 46.));
#1542 = DIRECTION('', (0., -0., 1.));
#1543 = AXIS2_PLACEMENT_3D('', #1541, #1542, $);
#1544 = PLANE('', #1543);
#1545 = CARTESIAN_POINT('', (-71., 22., 44.));
#1546 = DIRECTION('', (0., 0.70710678, 0.70710678));
#1547 = AXIS2_PLACEMENT_3D('', #1545, #1546, $);
#1548 = PLANE('', #1547);
#1549 = CARTESIAN_POINT('', (-71., 24., 33.));
#1550 = DIRECTION('', (0., 1., 0.));
#1551 = AXIS2_PLACEMENT_3D('', #1549, #1550, $);
#1552 = PLANE('', #1551);
#1553 = CARTESIAN_POINT('', (-71., 22., 22.));
#1554 = DIRECTION('', (0., 0.70710678, -0.70710678));
#1555 = AXIS2_PLACEMENT_3D('', #1553, #1554, $);
#1556 = PLANE('', #1555);
#1557 = CARTESIAN_POINT('', (-71., 0., 20.));
#1558 = DIRECTION('', (-0., -0., -1.));
#1559 = AXIS2_PLACEMENT_3D('', #1557, #1558, $);
#1560 = PLANE('', #1559);
#1561 = CARTESIAN_POINT('', (-47., 0., 0.));
#1562 = DIRECTION('', (-1., 0., 0.));
#1563 = AXIS2_PLACEMENT_3D('', #1561, #1562, $);
#1564 = PLANE('', #1563);
#1565 = CARTESIAN_POINT('', (22., -71., 22.));
#1566 = DIRECTION('', (0.70710678, -0., -0.70710678));
#1567 = AXIS2_PLACEMENT_3D('', #1565, #1566, $);
#1568 = PLANE('', #1567);
#1569 = CARTESIAN_POINT('', (24., -71., 33.));
#1570 = DIRECTION('', (1., 0., -0.));
#1571 = AXIS2_PLACEMENT_3D('', #1569, #1570, $);
#1572 = PLANE('', #1571);
#1573 = CARTESIAN_POINT('', (22., -71., 44.));
#1574 = DIRECTION('', (0.70710678, -0., 0.70710678));
#1575 = AXIS2_PLACEMENT_3D('', #1573, #1574, $);
#1576 = PLANE('', #1575);
#1577 = CARTESIAN_POINT('', (-0., -71., 46.));
#1578 = DIRECTION('', (0., -0., 1.));
#1579 = AXIS2_PLACEMENT_3D('', #1577, #1578, $);
#1580 = PLANE('', #1579);
#1581 = CARTESIAN_POINT('', (-22., -71., 44.));
#1582 = DIRECTION('', (-0.70710678, 0., 0.70710678));
#1583 = AXIS2_PLACEMENT_3D('', #1581, #1582, $);
#1584 = PLANE('', #1583);
#1585 = CARTESIAN_POINT('', (-24., -71., 33.));
#1586 = DIRECTION('', (-1., -0., -0.));
#1587 = AXIS2_PLACEMENT_3D('', #1585, #1586, $);
#1588 = PLANE('', #1587);
#1589 = CARTESIAN_POINT('', (-22., -71., 22.));
#1590 = DIRECTION('', (-0.70710678, 0., -0.70710678));
#1591 = AXIS2_PLACEMENT_3D('', #1589, #1590, $);
#1592 = PLANE('', #1591);
#1593 = CARTESIAN_POINT('', (-0., -71., 20.));
#1594 = DIRECTION('', (0., -0., -1.));
#1595 = AXIS2_PLACEMENT_3D('', #1593, #1594, $);
#1596 = PLANE('', #1595);
#1597 = CARTESIAN_POINT('', (-0., -47., 0.));
#1598 = DIRECTION('', (-0., -1., 0.));
#1599 = AXIS2_PLACEMENT_3D('', #1597, #1598, $);
#1600 = PLANE('', #1599);
#1601 = CARTESIAN_POINT('', (21., 21., 65.5));
#1602 = DIRECTION('', (0., -0., 1.));
#1603 = DIRECTION('', (1., 0., 0.));
#1604 = AXIS2_PLACEMENT_3D('', #1601, #1602, #1603);
#1605 = CYLINDRICAL_SURFACE('', #1604, 1.6);
#1606 = CARTESIAN_POINT('', (0., 0., 59.));
#1607 = DIRECTION('', (0., -0., 1.));
#1608 = AXIS2_PLACEMENT_3D('', #1606, #1607, $);
#1609 = PLANE('', #1608);
#1610 = CARTESIAN_POINT('', (-21., 21., 65.5));
#1611 = DIRECTION('', (0., -0., 1.));
#1612 = DIRECTION('', (1., 0., 0.));
#1613 = AXIS2_PLACEMENT_3D('', #1610, #1611, #1612);
#1614 = CYLINDRICAL_SURFACE('', #1613, 1.6);
#1615 = CARTESIAN_POINT('', (-42., 0., 59.));
#1616 = DIRECTION('', (0., -0., 1.));
#1617 = AXIS2_PLACEMENT_3D('', #1615, #1616, $);
#1618 = PLANE('', #1617);
#1619 = CARTESIAN_POINT('', (-21., -21., 65.5));
#1620 = DIRECTION('', (0., -0., 1.));
#1621 = DIRECTION('', (1., 0., 0.));
#1622 = AXIS2_PLACEMENT_3D('', #1619, #1620, #1621);
#1623 = CYLINDRICAL_SURFACE('', #1622, 1.6);
#1624 = CARTESIAN_POINT('', (-42., -42., 59.));
#1625 = DIRECTION('', (0., -0., 1.));
#1626 = AXIS2_PLACEMENT_3D('', #1624, #1625, $);
#1627 = PLANE('', #1626);
#1628 = CARTESIAN_POINT('', (21., -21., 65.5));
#1629 = DIRECTION('', (0., -0., 1.));
#1630 = DIRECTION('', (1., 0., 0.));
#1631 = AXIS2_PLACEMENT_3D('', #1628, #1629, #1630);
#1632 = CYLINDRICAL_SURFACE('', #1631, 1.6);
#1633 = CARTESIAN_POINT('', (-0., -42., 59.));
#1634 = DIRECTION('', (0., -0., 1.));
#1635 = AXIS2_PLACEMENT_3D('', #1633, #1634, $);
#1636 = PLANE('', #1635);
#1637 = CARTESIAN_POINT('', (27., 18., 6.));
#1638 = DIRECTION('', (0., -0., 1.));
#1639 = DIRECTION('', (1., 0., 0.));
#1640 = AXIS2_PLACEMENT_3D('', #1637, #1638, #1639);
#1641 = CYLINDRICAL_SURFACE('', #1640, 1.7);
#1642 = CARTESIAN_POINT('', (0., 0., 13.));
#1643 = DIRECTION('', (0., -0., 1.));
#1644 = AXIS2_PLACEMENT_3D('', #1642, #1643, $);
#1645 = PLANE('', #1644);
#1646 = CARTESIAN_POINT('', (-18., 27., 6.));
#1647 = DIRECTION('', (0., -0., 1.));
#1648 = DIRECTION('', (1., 0., 0.));
#1649 = AXIS2_PLACEMENT_3D('', #1646, #1647, #1648);
#1650 = CYLINDRICAL_SURFACE('', #1649, 1.7);
#1651 = CARTESIAN_POINT('', (-45., 9., 13.));
#1652 = DIRECTION('', (0., -0., 1.));
#1653 = AXIS2_PLACEMENT_3D('', #1651, #1652, $);
#1654 = PLANE('', #1653);
#1655 = CARTESIAN_POINT('', (-27., -18., 6.));
#1656 = DIRECTION('', (0., -0., 1.));
#1657 = DIRECTION('', (1., 0., 0.));
#1658 = AXIS2_PLACEMENT_3D('', #1655, #1656, #1657);
#1659 = CYLINDRICAL_SURFACE('', #1658, 1.7);
#1660 = CARTESIAN_POINT('', (-54., -36., 13.));
#1661 = DIRECTION('', (0., -0., 1.));
#1662 = AXIS2_PLACEMENT_3D('', #1660, #1661, $);
#1663 = PLANE('', #1662);
#1664 = CARTESIAN_POINT('', (18., -27., 6.));
#1665 = DIRECTION('', (-0., -0., 1.));
#1666 = DIRECTION('', (1., -0., 0.));
#1667 = AXIS2_PLACEMENT_3D('', #1664, #1665, #1666);
#1668 = CYLINDRICAL_SURFACE('', #1667, 1.7);
#1669 = CARTESIAN_POINT('', (-9., -45., 13.));
#1670 = DIRECTION('', (0., -0., 1.));
#1671 = AXIS2_PLACEMENT_3D('', #1669, #1670, $);
#1672 = PLANE('', #1671);
#1673 = ORIENTED_EDGE('', *, *, #1195, .F.);
#1674 = ORIENTED_EDGE('', *, *, #1173, .T.);
#1675 = ORIENTED_EDGE('', *, *, #1174, .T.);
#1676 = ORIENTED_EDGE('', *, *, #1175, .T.);
#1677 = EDGE_LOOP('', (#1673, #1674, #1675, #1676));
#1678 = FACE_BOUND('', #1677, .T.);
#1679 = ADVANCED_FACE('', (#1678), #1384, .T.);
#1680 = ORIENTED_EDGE('', *, *, #1174, .F.);
#1681 = ORIENTED_EDGE('', *, *, #1176, .T.);
#1682 = ORIENTED_EDGE('', *, *, #1177, .T.);
#1683 = ORIENTED_EDGE('', *, *, #1178, .T.);
#1684 = ORIENTED_EDGE('', *, *, #1237, .T.);
#1685 = ORIENTED_EDGE('', *, *, #1244, .T.);
#1686 = ORIENTED_EDGE('', *, *, #1243, .T.);
#1687 = ORIENTED_EDGE('', *, *, #1242, .T.);
#1688 = ORIENTED_EDGE('', *, *, #1241, .F.);
#1689 = ORIENTED_EDGE('', *, *, #1240, .F.);
#1690 = ORIENTED_EDGE('', *, *, #1239, .F.);
#1691 = ORIENTED_EDGE('', *, *, #1238, .F.);
#1692 = EDGE_LOOP('', (#1680, #1681, #1682, #1683));
#1693 = FACE_BOUND('', #1692, .T.);
#1694 = EDGE_LOOP('', (#1684, #1685, #1686, #1687, #1688, #1689, #1690, #1691));
#1695 = FACE_BOUND('', #1694, .T.);
#1696 = ADVANCED_FACE('', (#1693, #1695), #1388, .T.);
#1697 = ORIENTED_EDGE('', *, *, #1177, .F.);
#1698 = ORIENTED_EDGE('', *, *, #1179, .T.);
#1699 = ORIENTED_EDGE('', *, *, #1180, .T.);
#1700 = ORIENTED_EDGE('', *, *, #1181, .T.);
#1701 = EDGE_LOOP('', (#1697, #1698, #1699, #1700));
#1702 = FACE_BOUND('', #1701, .T.);
#1703 = ADVANCED_FACE('', (#1702), #1392, .T.);
#1704 = ORIENTED_EDGE('', *, *, #1180, .F.);
#1705 = ORIENTED_EDGE('', *, *, #1182, .T.);
#1706 = ORIENTED_EDGE('', *, *, #1183, .T.);
#1707 = ORIENTED_EDGE('', *, *, #1184, .T.);
#1708 = ORIENTED_EDGE('', *, *, #1309, .T.);
#1709 = ORIENTED_EDGE('', *, *, #1316, .T.);
#1710 = ORIENTED_EDGE('', *, *, #1315, .T.);
#1711 = ORIENTED_EDGE('', *, *, #1314, .F.);
#1712 = ORIENTED_EDGE('', *, *, #1313, .F.);
#1713 = ORIENTED_EDGE('', *, *, #1312, .F.);
#1714 = ORIENTED_EDGE('', *, *, #1311, .F.);
#1715 = ORIENTED_EDGE('', *, *, #1310, .T.);
#1716 = EDGE_LOOP('', (#1704, #1705, #1706, #1707));
#1717 = FACE_BOUND('', #1716, .T.);
#1718 = EDGE_LOOP('', (#1708, #1709, #1710, #1711, #1712, #1713, #1714, #1715));
#1719 = FACE_BOUND('', #1718, .T.);
#1720 = ADVANCED_FACE('', (#1717, #1719), #1396, .T.);
#1721 = ORIENTED_EDGE('', *, *, #1183, .F.);
#1722 = ORIENTED_EDGE('', *, *, #1185, .T.);
#1723 = ORIENTED_EDGE('', *, *, #1186, .T.);
#1724 = ORIENTED_EDGE('', *, *, #1187, .T.);
#1725 = EDGE_LOOP('', (#1721, #1722, #1723, #1724));
#1726 = FACE_BOUND('', #1725, .T.);
#1727 = ADVANCED_FACE('', (#1726), #1400, .T.);
#1728 = ORIENTED_EDGE('', *, *, #1186, .F.);
#1729 = ORIENTED_EDGE('', *, *, #1188, .T.);
#1730 = ORIENTED_EDGE('', *, *, #1189, .T.);
#1731 = ORIENTED_EDGE('', *, *, #1190, .T.);
#1732 = ORIENTED_EDGE('', *, *, #1285, .F.);
#1733 = ORIENTED_EDGE('', *, *, #1292, .F.);
#1734 = ORIENTED_EDGE('', *, *, #1291, .F.);
#1735 = ORIENTED_EDGE('', *, *, #1290, .F.);
#1736 = ORIENTED_EDGE('', *, *, #1289, .T.);
#1737 = ORIENTED_EDGE('', *, *, #1288, .T.);
#1738 = ORIENTED_EDGE('', *, *, #1287, .T.);
#1739 = ORIENTED_EDGE('', *, *, #1286, .T.);
#1740 = EDGE_LOOP('', (#1728, #1729, #1730, #1731));
#1741 = FACE_BOUND('', #1740, .T.);
#1742 = EDGE_LOOP('', (#1732, #1733, #1734, #1735, #1736, #1737, #1738, #1739));
#1743 = FACE_BOUND('', #1742, .T.);
#1744 = ADVANCED_FACE('', (#1741, #1743), #1404, .T.);
#1745 = ORIENTED_EDGE('', *, *, #1189, .F.);
#1746 = ORIENTED_EDGE('', *, *, #1191, .T.);
#1747 = ORIENTED_EDGE('', *, *, #1192, .T.);
#1748 = ORIENTED_EDGE('', *, *, #1193, .T.);
#1749 = EDGE_LOOP('', (#1745, #1746, #1747, #1748));
#1750 = FACE_BOUND('', #1749, .T.);
#1751 = ADVANCED_FACE('', (#1750), #1408, .T.);
#1752 = ORIENTED_EDGE('', *, *, #1192, .F.);
#1753 = ORIENTED_EDGE('', *, *, #1194, .T.);
#1754 = ORIENTED_EDGE('', *, *, #1195, .T.);
#1755 = ORIENTED_EDGE('', *, *, #1196, .T.);
#1756 = ORIENTED_EDGE('', *, *, #1261, .F.);
#1757 = ORIENTED_EDGE('', *, *, #1268, .F.);
#1758 = ORIENTED_EDGE('', *, *, #1267, .F.);
#1759 = ORIENTED_EDGE('', *, *, #1266, .T.);
#1760 = ORIENTED_EDGE('', *, *, #1265, .T.);
#1761 = ORIENTED_EDGE('', *, *, #1264, .T.);
#1762 = ORIENTED_EDGE('', *, *, #1263, .T.);
#1763 = ORIENTED_EDGE('', *, *, #1262, .F.);
#1764 = EDGE_LOOP('', (#1752, #1753, #1754, #1755));
#1765 = FACE_BOUND('', #1764, .T.);
#1766 = EDGE_LOOP('', (#1756, #1757, #1758, #1759, #1760, #1761, #1762, #1763));
#1767 = FACE_BOUND('', #1766, .T.);
#1768 = ADVANCED_FACE('', (#1765, #1767), #1412, .T.);
#1769 = ORIENTED_EDGE('', *, *, #1175, .F.);
#1770 = ORIENTED_EDGE('', *, *, #1178, .F.);
#1771 = ORIENTED_EDGE('', *, *, #1181, .F.);
#1772 = ORIENTED_EDGE('', *, *, #1184, .F.);
#1773 = ORIENTED_EDGE('', *, *, #1187, .F.);
#1774 = ORIENTED_EDGE('', *, *, #1190, .F.);
#1775 = ORIENTED_EDGE('', *, *, #1193, .F.);
#1776 = ORIENTED_EDGE('', *, *, #1196, .F.);
#1777 = ORIENTED_EDGE('', *, *, #1354, .T.);
#1778 = ORIENTED_EDGE('', *, *, #1353, .F.);
#1779 = ORIENTED_EDGE('', *, *, #1352, .F.);
#1780 = ORIENTED_EDGE('', *, *, #1351, .T.);
#1781 = ORIENTED_EDGE('', *, *, #1362, .T.);
#1782 = ORIENTED_EDGE('', *, *, #1361, .F.);
#1783 = ORIENTED_EDGE('', *, *, #1360, .F.);
#1784 = ORIENTED_EDGE('', *, *, #1359, .T.);
#1785 = ORIENTED_EDGE('', *, *, #1370, .T.);
#1786 = ORIENTED_EDGE('', *, *, #1369, .F.);
#1787 = ORIENTED_EDGE('', *, *, #1368, .F.);
#1788 = ORIENTED_EDGE('', *, *, #1367, .T.);
#1789 = ORIENTED_EDGE('', *, *, #1378, .T.);
#1790 = ORIENTED_EDGE('', *, *, #1377, .F.);
#1791 = ORIENTED_EDGE('', *, *, #1376, .F.);
#1792 = ORIENTED_EDGE('', *, *, #1375, .T.);
#1793 = EDGE_LOOP('', (#1769, #1770, #1771, #1772, #1773, #1774, #1775, #1776));
#1794 = FACE_BOUND('', #1793, .T.);
#1795 = EDGE_LOOP('', (#1777, #1778, #1779, #1780));
#1796 = FACE_BOUND('', #1795, .T.);
#1797 = EDGE_LOOP('', (#1781, #1782, #1783, #1784));
#1798 = FACE_BOUND('', #1797, .T.);
#1799 = EDGE_LOOP('', (#1785, #1786, #1787, #1788));
#1800 = FACE_BOUND('', #1799, .T.);
#1801 = EDGE_LOOP('', (#1789, #1790, #1791, #1792));
#1802 = FACE_BOUND('', #1801, .T.);
#1803 = ADVANCED_FACE('', (#1794, #1796, #1798, #1800, #1802), #1416, .F.);
#1804 = ORIENTED_EDGE('', *, *, #1194, .F.);
#1805 = ORIENTED_EDGE('', *, *, #1191, .F.);
#1806 = ORIENTED_EDGE('', *, *, #1188, .F.);
#1807 = ORIENTED_EDGE('', *, *, #1185, .F.);
#1808 = ORIENTED_EDGE('', *, *, #1182, .F.);
#1809 = ORIENTED_EDGE('', *, *, #1179, .F.);
#1810 = ORIENTED_EDGE('', *, *, #1176, .F.);
#1811 = ORIENTED_EDGE('', *, *, #1173, .F.);
#1812 = ORIENTED_EDGE('', *, *, #1205, .F.);
#1813 = ORIENTED_EDGE('', *, *, #1212, .F.);
#1814 = ORIENTED_EDGE('', *, *, #1211, .F.);
#1815 = ORIENTED_EDGE('', *, *, #1210, .F.);
#1816 = ORIENTED_EDGE('', *, *, #1209, .F.);
#1817 = ORIENTED_EDGE('', *, *, #1208, .F.);
#1818 = ORIENTED_EDGE('', *, *, #1207, .F.);
#1819 = ORIENTED_EDGE('', *, *, #1206, .F.);
#1820 = EDGE_LOOP('', (#1804, #1805, #1806, #1807, #1808, #1809, #1810, #1811));
#1821 = FACE_BOUND('', #1820, .T.);
#1822 = EDGE_LOOP('', (#1812, #1813, #1814, #1815, #1816, #1817, #1818, #1819));
#1823 = FACE_BOUND('', #1822, .T.);
#1824 = ADVANCED_FACE('', (#1821, #1823), #1420, .T.);
#1825 = ORIENTED_EDGE('', *, *, #1197, .T.);
#1826 = ORIENTED_EDGE('', *, *, #1198, .T.);
#1827 = ORIENTED_EDGE('', *, *, #1199, .T.);
#1828 = ORIENTED_EDGE('', *, *, #1200, .T.);
#1829 = ORIENTED_EDGE('', *, *, #1201, .T.);
#1830 = ORIENTED_EDGE('', *, *, #1202, .T.);
#1831 = ORIENTED_EDGE('', *, *, #1203, .T.);
#1832 = ORIENTED_EDGE('', *, *, #1204, .T.);
#1833 = ORIENTED_EDGE('', *, *, #1321, .F.);
#1834 = ORIENTED_EDGE('', *, *, #1322, .T.);
#1835 = ORIENTED_EDGE('', *, *, #1323, .T.);
#1836 = ORIENTED_EDGE('', *, *, #1324, .F.);
#1837 = ORIENTED_EDGE('', *, *, #1329, .F.);
#1838 = ORIENTED_EDGE('', *, *, #1330, .T.);
#1839 = ORIENTED_EDGE('', *, *, #1331, .T.);
#1840 = ORIENTED_EDGE('', *, *, #1332, .F.);
#1841 = ORIENTED_EDGE('', *, *, #1337, .F.);
#1842 = ORIENTED_EDGE('', *, *, #1338, .T.);
#1843 = ORIENTED_EDGE('', *, *, #1339, .T.);
#1844 = ORIENTED_EDGE('', *, *, #1340, .F.);
#1845 = ORIENTED_EDGE('', *, *, #1345, .F.);
#1846 = ORIENTED_EDGE('', *, *, #1346, .T.);
#1847 = ORIENTED_EDGE('', *, *, #1347, .T.);
#1848 = ORIENTED_EDGE('', *, *, #1348, .F.);
#1849 = EDGE_LOOP('', (#1825, #1826, #1827, #1828, #1829, #1830, #1831, #1832));
#1850 = FACE_BOUND('', #1849, .T.);
#1851 = EDGE_LOOP('', (#1833, #1834, #1835, #1836));
#1852 = FACE_BOUND('', #1851, .T.);
#1853 = EDGE_LOOP('', (#1837, #1838, #1839, #1840));
#1854 = FACE_BOUND('', #1853, .T.);
#1855 = EDGE_LOOP('', (#1841, #1842, #1843, #1844));
#1856 = FACE_BOUND('', #1855, .T.);
#1857 = EDGE_LOOP('', (#1845, #1846, #1847, #1848));
#1858 = FACE_BOUND('', #1857, .T.);
#1859 = ADVANCED_FACE('', (#1850, #1852, #1854, #1856, #1858), #1424, .T.);
#1860 = ORIENTED_EDGE('', *, *, #1220, .T.);
#1861 = ORIENTED_EDGE('', *, *, #1204, .F.);
#1862 = ORIENTED_EDGE('', *, *, #1213, .F.);
#1863 = ORIENTED_EDGE('', *, *, #1212, .T.);
#1864 = EDGE_LOOP('', (#1860, #1861, #1862, #1863));
#1865 = FACE_BOUND('', #1864, .T.);
#1866 = ADVANCED_FACE('', (#1865), #1428, .T.);
#1867 = ORIENTED_EDGE('', *, *, #1213, .T.);
#1868 = ORIENTED_EDGE('', *, *, #1203, .F.);
#1869 = ORIENTED_EDGE('', *, *, #1214, .F.);
#1870 = ORIENTED_EDGE('', *, *, #1211, .T.);
#1871 = EDGE_LOOP('', (#1867, #1868, #1869, #1870));
#1872 = FACE_BOUND('', #1871, .T.);
#1873 = ADVANCED_FACE('', (#1872), #1432, .T.);
#1874 = ORIENTED_EDGE('', *, *, #1214, .T.);
#1875 = ORIENTED_EDGE('', *, *, #1202, .F.);
#1876 = ORIENTED_EDGE('', *, *, #1215, .F.);
#1877 = ORIENTED_EDGE('', *, *, #1210, .T.);
#1878 = EDGE_LOOP('', (#1874, #1875, #1876, #1877));
#1879 = FACE_BOUND('', #1878, .T.);
#1880 = ADVANCED_FACE('', (#1879), #1436, .T.);
#1881 = ORIENTED_EDGE('', *, *, #1215, .T.);
#1882 = ORIENTED_EDGE('', *, *, #1201, .F.);
#1883 = ORIENTED_EDGE('', *, *, #1216, .F.);
#1884 = ORIENTED_EDGE('', *, *, #1209, .T.);
#1885 = EDGE_LOOP('', (#1881, #1882, #1883, #1884));
#1886 = FACE_BOUND('', #1885, .T.);
#1887 = ADVANCED_FACE('', (#1886), #1440, .T.);
#1888 = ORIENTED_EDGE('', *, *, #1216, .T.);
#1889 = ORIENTED_EDGE('', *, *, #1200, .F.);
#1890 = ORIENTED_EDGE('', *, *, #1217, .F.);
#1891 = ORIENTED_EDGE('', *, *, #1208, .T.);
#1892 = EDGE_LOOP('', (#1888, #1889, #1890, #1891));
#1893 = FACE_BOUND('', #1892, .T.);
#1894 = ADVANCED_FACE('', (#1893), #1444, .T.);
#1895 = ORIENTED_EDGE('', *, *, #1217, .T.);
#1896 = ORIENTED_EDGE('', *, *, #1199, .F.);
#1897 = ORIENTED_EDGE('', *, *, #1218, .F.);
#1898 = ORIENTED_EDGE('', *, *, #1207, .T.);
#1899 = EDGE_LOOP('', (#1895, #1896, #1897, #1898));
#1900 = FACE_BOUND('', #1899, .T.);
#1901 = ADVANCED_FACE('', (#1900), #1448, .T.);
#1902 = ORIENTED_EDGE('', *, *, #1218, .T.);
#1903 = ORIENTED_EDGE('', *, *, #1198, .F.);
#1904 = ORIENTED_EDGE('', *, *, #1219, .F.);
#1905 = ORIENTED_EDGE('', *, *, #1206, .T.);
#1906 = EDGE_LOOP('', (#1902, #1903, #1904, #1905));
#1907 = FACE_BOUND('', #1906, .T.);
#1908 = ADVANCED_FACE('', (#1907), #1452, .T.);
#1909 = ORIENTED_EDGE('', *, *, #1219, .T.);
#1910 = ORIENTED_EDGE('', *, *, #1197, .F.);
#1911 = ORIENTED_EDGE('', *, *, #1220, .F.);
#1912 = ORIENTED_EDGE('', *, *, #1205, .T.);
#1913 = EDGE_LOOP('', (#1909, #1910, #1911, #1912));
#1914 = FACE_BOUND('', #1913, .T.);
#1915 = ADVANCED_FACE('', (#1914), #1456, .T.);
#1916 = ORIENTED_EDGE('', *, *, #1223, .T.);
#1917 = ORIENTED_EDGE('', *, *, #1237, .F.);
#1918 = ORIENTED_EDGE('', *, *, #1222, .F.);
#1919 = ORIENTED_EDGE('', *, *, #1221, .F.);
#1920 = EDGE_LOOP('', (#1916, #1917, #1918, #1919));
#1921 = FACE_BOUND('', #1920, .T.);
#1922 = ADVANCED_FACE('', (#1921), #1460, .F.);
#1923 = ORIENTED_EDGE('', *, *, #1222, .T.);
#1924 = ORIENTED_EDGE('', *, *, #1238, .T.);
#1925 = ORIENTED_EDGE('', *, *, #1225, .F.);
#1926 = ORIENTED_EDGE('', *, *, #1224, .F.);
#1927 = EDGE_LOOP('', (#1923, #1924, #1925, #1926));
#1928 = FACE_BOUND('', #1927, .T.);
#1929 = ADVANCED_FACE('', (#1928), #1464, .F.);
#1930 = ORIENTED_EDGE('', *, *, #1225, .T.);
#1931 = ORIENTED_EDGE('', *, *, #1239, .T.);
#1932 = ORIENTED_EDGE('', *, *, #1227, .F.);
#1933 = ORIENTED_EDGE('', *, *, #1226, .F.);
#1934 = EDGE_LOOP('', (#1930, #1931, #1932, #1933));
#1935 = FACE_BOUND('', #1934, .T.);
#1936 = ADVANCED_FACE('', (#1935), #1468, .F.);
#1937 = ORIENTED_EDGE('', *, *, #1227, .T.);
#1938 = ORIENTED_EDGE('', *, *, #1240, .T.);
#1939 = ORIENTED_EDGE('', *, *, #1229, .F.);
#1940 = ORIENTED_EDGE('', *, *, #1228, .F.);
#1941 = EDGE_LOOP('', (#1937, #1938, #1939, #1940));
#1942 = FACE_BOUND('', #1941, .T.);
#1943 = ADVANCED_FACE('', (#1942), #1472, .F.);
#1944 = ORIENTED_EDGE('', *, *, #1229, .T.);
#1945 = ORIENTED_EDGE('', *, *, #1241, .T.);
#1946 = ORIENTED_EDGE('', *, *, #1231, .F.);
#1947 = ORIENTED_EDGE('', *, *, #1230, .F.);
#1948 = EDGE_LOOP('', (#1944, #1945, #1946, #1947));
#1949 = FACE_BOUND('', #1948, .T.);
#1950 = ADVANCED_FACE('', (#1949), #1476, .F.);
#1951 = ORIENTED_EDGE('', *, *, #1231, .T.);
#1952 = ORIENTED_EDGE('', *, *, #1242, .F.);
#1953 = ORIENTED_EDGE('', *, *, #1233, .F.);
#1954 = ORIENTED_EDGE('', *, *, #1232, .F.);
#1955 = EDGE_LOOP('', (#1951, #1952, #1953, #1954));
#1956 = FACE_BOUND('', #1955, .T.);
#1957 = ADVANCED_FACE('', (#1956), #1480, .F.);
#1958 = ORIENTED_EDGE('', *, *, #1233, .T.);
#1959 = ORIENTED_EDGE('', *, *, #1243, .F.);
#1960 = ORIENTED_EDGE('', *, *, #1235, .F.);
#1961 = ORIENTED_EDGE('', *, *, #1234, .F.);
#1962 = EDGE_LOOP('', (#1958, #1959, #1960, #1961));
#1963 = FACE_BOUND('', #1962, .T.);
#1964 = ADVANCED_FACE('', (#1963), #1484, .F.);
#1965 = ORIENTED_EDGE('', *, *, #1235, .T.);
#1966 = ORIENTED_EDGE('', *, *, #1244, .F.);
#1967 = ORIENTED_EDGE('', *, *, #1223, .F.);
#1968 = ORIENTED_EDGE('', *, *, #1236, .F.);
#1969 = EDGE_LOOP('', (#1965, #1966, #1967, #1968));
#1970 = FACE_BOUND('', #1969, .T.);
#1971 = ADVANCED_FACE('', (#1970), #1488, .F.);
#1972 = ORIENTED_EDGE('', *, *, #1221, .T.);
#1973 = ORIENTED_EDGE('', *, *, #1224, .T.);
#1974 = ORIENTED_EDGE('', *, *, #1226, .T.);
#1975 = ORIENTED_EDGE('', *, *, #1228, .T.);
#1976 = ORIENTED_EDGE('', *, *, #1230, .T.);
#1977 = ORIENTED_EDGE('', *, *, #1232, .T.);
#1978 = ORIENTED_EDGE('', *, *, #1234, .T.);
#1979 = ORIENTED_EDGE('', *, *, #1236, .T.);
#1980 = EDGE_LOOP('', (#1972, #1973, #1974, #1975, #1976, #1977, #1978, #1979));
#1981 = FACE_BOUND('', #1980, .T.);
#1982 = ADVANCED_FACE('', (#1981), #1492, .T.);
#1983 = ORIENTED_EDGE('', *, *, #1247, .T.);
#1984 = ORIENTED_EDGE('', *, *, #1261, .T.);
#1985 = ORIENTED_EDGE('', *, *, #1246, .F.);
#1986 = ORIENTED_EDGE('', *, *, #1245, .F.);
#1987 = EDGE_LOOP('', (#1983, #1984, #1985, #1986));
#1988 = FACE_BOUND('', #1987, .T.);
#1989 = ADVANCED_FACE('', (#1988), #1496, .F.);
#1990 = ORIENTED_EDGE('', *, *, #1246, .T.);
#1991 = ORIENTED_EDGE('', *, *, #1262, .T.);
#1992 = ORIENTED_EDGE('', *, *, #1249, .F.);
#1993 = ORIENTED_EDGE('', *, *, #1248, .F.);
#1994 = EDGE_LOOP('', (#1990, #1991, #1992, #1993));
#1995 = FACE_BOUND('', #1994, .T.);
#1996 = ADVANCED_FACE('', (#1995), #1500, .F.);
#1997 = ORIENTED_EDGE('', *, *, #1249, .T.);
#1998 = ORIENTED_EDGE('', *, *, #1263, .F.);
#1999 = ORIENTED_EDGE('', *, *, #1251, .F.);
#2000 = ORIENTED_EDGE('', *, *, #1250, .F.);
#2001 = EDGE_LOOP('', (#1997, #1998, #1999, #2000));
#2002 = FACE_BOUND('', #2001, .T.);
#2003 = ADVANCED_FACE('', (#2002), #1504, .F.);
#2004 = ORIENTED_EDGE('', *, *, #1251, .T.);
#2005 = ORIENTED_EDGE('', *, *, #1264, .F.);
#2006 = ORIENTED_EDGE('', *, *, #1253, .F.);
#2007 = ORIENTED_EDGE('', *, *, #1252, .F.);
#2008 = EDGE_LOOP('', (#2004, #2005, #2006, #2007));
#2009 = FACE_BOUND('', #2008, .T.);
#2010 = ADVANCED_FACE('', (#2009), #1508, .F.);
#2011 = ORIENTED_EDGE('', *, *, #1253, .T.);
#2012 = ORIENTED_EDGE('', *, *, #1265, .F.);
#2013 = ORIENTED_EDGE('', *, *, #1255, .F.);
#2014 = ORIENTED_EDGE('', *, *, #1254, .F.);
#2015 = EDGE_LOOP('', (#2011, #2012, #2013, #2014));
#2016 = FACE_BOUND('', #2015, .T.);
#2017 = ADVANCED_FACE('', (#2016), #1512, .F.);
#2018 = ORIENTED_EDGE('', *, *, #1255, .T.);
#2019 = ORIENTED_EDGE('', *, *, #1266, .F.);
#2020 = ORIENTED_EDGE('', *, *, #1257, .F.);
#2021 = ORIENTED_EDGE('', *, *, #1256, .F.);
#2022 = EDGE_LOOP('', (#2018, #2019, #2020, #2021));
#2023 = FACE_BOUND('', #2022, .T.);
#2024 = ADVANCED_FACE('', (#2023), #1516, .F.);
#2025 = ORIENTED_EDGE('', *, *, #1257, .T.);
#2026 = ORIENTED_EDGE('', *, *, #1267, .T.);
#2027 = ORIENTED_EDGE('', *, *, #1259, .F.);
#2028 = ORIENTED_EDGE('', *, *, #1258, .F.);
#2029 = EDGE_LOOP('', (#2025, #2026, #2027, #2028));
#2030 = FACE_BOUND('', #2029, .T.);
#2031 = ADVANCED_FACE('', (#2030), #1520, .F.);
#2032 = ORIENTED_EDGE('', *, *, #1259, .T.);
#2033 = ORIENTED_EDGE('', *, *, #1268, .T.);
#2034 = ORIENTED_EDGE('', *, *, #1247, .F.);
#2035 = ORIENTED_EDGE('', *, *, #1260, .F.);
#2036 = EDGE_LOOP('', (#2032, #2033, #2034, #2035));
#2037 = FACE_BOUND('', #2036, .T.);
#2038 = ADVANCED_FACE('', (#2037), #1524, .F.);
#2039 = ORIENTED_EDGE('', *, *, #1245, .T.);
#2040 = ORIENTED_EDGE('', *, *, #1248, .T.);
#2041 = ORIENTED_EDGE('', *, *, #1250, .T.);
#2042 = ORIENTED_EDGE('', *, *, #1252, .T.);
#2043 = ORIENTED_EDGE('', *, *, #1254, .T.);
#2044 = ORIENTED_EDGE('', *, *, #1256, .T.);
#2045 = ORIENTED_EDGE('', *, *, #1258, .T.);
#2046 = ORIENTED_EDGE('', *, *, #1260, .T.);
#2047 = EDGE_LOOP('', (#2039, #2040, #2041, #2042, #2043, #2044, #2045, #2046));
#2048 = FACE_BOUND('', #2047, .T.);
#2049 = ADVANCED_FACE('', (#2048), #1528, .T.);
#2050 = ORIENTED_EDGE('', *, *, #1271, .T.);
#2051 = ORIENTED_EDGE('', *, *, #1285, .T.);
#2052 = ORIENTED_EDGE('', *, *, #1270, .F.);
#2053 = ORIENTED_EDGE('', *, *, #1269, .F.);
#2054 = EDGE_LOOP('', (#2050, #2051, #2052, #2053));
#2055 = FACE_BOUND('', #2054, .T.);
#2056 = ADVANCED_FACE('', (#2055), #1532, .F.);
#2057 = ORIENTED_EDGE('', *, *, #1270, .T.);
#2058 = ORIENTED_EDGE('', *, *, #1286, .F.);
#2059 = ORIENTED_EDGE('', *, *, #1273, .F.);
#2060 = ORIENTED_EDGE('', *, *, #1272, .F.);
#2061 = EDGE_LOOP('', (#2057, #2058, #2059, #2060));
#2062 = FACE_BOUND('', #2061, .T.);
#2063 = ADVANCED_FACE('', (#2062), #1536, .F.);
#2064 = ORIENTED_EDGE('', *, *, #1273, .T.);
#2065 = ORIENTED_EDGE('', *, *, #1287, .F.);
#2066 = ORIENTED_EDGE('', *, *, #1275, .F.);
#2067 = ORIENTED_EDGE('', *, *, #1274, .F.);
#2068 = EDGE_LOOP('', (#2064, #2065, #2066, #2067));
#2069 = FACE_BOUND('', #2068, .T.);
#2070 = ADVANCED_FACE('', (#2069), #1540, .F.);
#2071 = ORIENTED_EDGE('', *, *, #1275, .T.);
#2072 = ORIENTED_EDGE('', *, *, #1288, .F.);
#2073 = ORIENTED_EDGE('', *, *, #1277, .F.);
#2074 = ORIENTED_EDGE('', *, *, #1276, .F.);
#2075 = EDGE_LOOP('', (#2071, #2072, #2073, #2074));
#2076 = FACE_BOUND('', #2075, .T.);
#2077 = ADVANCED_FACE('', (#2076), #1544, .F.);
#2078 = ORIENTED_EDGE('', *, *, #1277, .T.);
#2079 = ORIENTED_EDGE('', *, *, #1289, .F.);
#2080 = ORIENTED_EDGE('', *, *, #1279, .F.);
#2081 = ORIENTED_EDGE('', *, *, #1278, .F.);
#2082 = EDGE_LOOP('', (#2078, #2079, #2080, #2081));
#2083 = FACE_BOUND('', #2082, .T.);
#2084 = ADVANCED_FACE('', (#2083), #1548, .F.);
#2085 = ORIENTED_EDGE('', *, *, #1279, .T.);
#2086 = ORIENTED_EDGE('', *, *, #1290, .T.);
#2087 = ORIENTED_EDGE('', *, *, #1281, .F.);
#2088 = ORIENTED_EDGE('', *, *, #1280, .F.);
#2089 = EDGE_LOOP('', (#2085, #2086, #2087, #2088));
#2090 = FACE_BOUND('', #2089, .T.);
#2091 = ADVANCED_FACE('', (#2090), #1552, .F.);
#2092 = ORIENTED_EDGE('', *, *, #1281, .T.);
#2093 = ORIENTED_EDGE('', *, *, #1291, .T.);
#2094 = ORIENTED_EDGE('', *, *, #1283, .F.);
#2095 = ORIENTED_EDGE('', *, *, #1282, .F.);
#2096 = EDGE_LOOP('', (#2092, #2093, #2094, #2095));
#2097 = FACE_BOUND('', #2096, .T.);
#2098 = ADVANCED_FACE('', (#2097), #1556, .F.);
#2099 = ORIENTED_EDGE('', *, *, #1283, .T.);
#2100 = ORIENTED_EDGE('', *, *, #1292, .T.);
#2101 = ORIENTED_EDGE('', *, *, #1271, .F.);
#2102 = ORIENTED_EDGE('', *, *, #1284, .F.);
#2103 = EDGE_LOOP('', (#2099, #2100, #2101, #2102));
#2104 = FACE_BOUND('', #2103, .T.);
#2105 = ADVANCED_FACE('', (#2104), #1560, .F.);
#2106 = ORIENTED_EDGE('', *, *, #1269, .T.);
#2107 = ORIENTED_EDGE('', *, *, #1272, .T.);
#2108 = ORIENTED_EDGE('', *, *, #1274, .T.);
#2109 = ORIENTED_EDGE('', *, *, #1276, .T.);
#2110 = ORIENTED_EDGE('', *, *, #1278, .T.);
#2111 = ORIENTED_EDGE('', *, *, #1280, .T.);
#2112 = ORIENTED_EDGE('', *, *, #1282, .T.);
#2113 = ORIENTED_EDGE('', *, *, #1284, .T.);
#2114 = EDGE_LOOP('', (#2106, #2107, #2108, #2109, #2110, #2111, #2112, #2113));
#2115 = FACE_BOUND('', #2114, .T.);
#2116 = ADVANCED_FACE('', (#2115), #1564, .T.);
#2117 = ORIENTED_EDGE('', *, *, #1295, .T.);
#2118 = ORIENTED_EDGE('', *, *, #1309, .F.);
#2119 = ORIENTED_EDGE('', *, *, #1294, .F.);
#2120 = ORIENTED_EDGE('', *, *, #1293, .F.);
#2121 = EDGE_LOOP('', (#2117, #2118, #2119, #2120));
#2122 = FACE_BOUND('', #2121, .T.);
#2123 = ADVANCED_FACE('', (#2122), #1568, .F.);
#2124 = ORIENTED_EDGE('', *, *, #1294, .T.);
#2125 = ORIENTED_EDGE('', *, *, #1310, .F.);
#2126 = ORIENTED_EDGE('', *, *, #1297, .F.);
#2127 = ORIENTED_EDGE('', *, *, #1296, .F.);
#2128 = EDGE_LOOP('', (#2124, #2125, #2126, #2127));
#2129 = FACE_BOUND('', #2128, .T.);
#2130 = ADVANCED_FACE('', (#2129), #1572, .F.);
#2131 = ORIENTED_EDGE('', *, *, #1297, .T.);
#2132 = ORIENTED_EDGE('', *, *, #1311, .T.);
#2133 = ORIENTED_EDGE('', *, *, #1299, .F.);
#2134 = ORIENTED_EDGE('', *, *, #1298, .F.);
#2135 = EDGE_LOOP('', (#2131, #2132, #2133, #2134));
#2136 = FACE_BOUND('', #2135, .T.);
#2137 = ADVANCED_FACE('', (#2136), #1576, .F.);
#2138 = ORIENTED_EDGE('', *, *, #1299, .T.);
#2139 = ORIENTED_EDGE('', *, *, #1312, .T.);
#2140 = ORIENTED_EDGE('', *, *, #1301, .F.);
#2141 = ORIENTED_EDGE('', *, *, #1300, .F.);
#2142 = EDGE_LOOP('', (#2138, #2139, #2140, #2141));
#2143 = FACE_BOUND('', #2142, .T.);
#2144 = ADVANCED_FACE('', (#2143), #1580, .F.);
#2145 = ORIENTED_EDGE('', *, *, #1301, .T.);
#2146 = ORIENTED_EDGE('', *, *, #1313, .T.);
#2147 = ORIENTED_EDGE('', *, *, #1303, .F.);
#2148 = ORIENTED_EDGE('', *, *, #1302, .F.);
#2149 = EDGE_LOOP('', (#2145, #2146, #2147, #2148));
#2150 = FACE_BOUND('', #2149, .T.);
#2151 = ADVANCED_FACE('', (#2150), #1584, .F.);
#2152 = ORIENTED_EDGE('', *, *, #1303, .T.);
#2153 = ORIENTED_EDGE('', *, *, #1314, .T.);
#2154 = ORIENTED_EDGE('', *, *, #1305, .F.);
#2155 = ORIENTED_EDGE('', *, *, #1304, .F.);
#2156 = EDGE_LOOP('', (#2152, #2153, #2154, #2155));
#2157 = FACE_BOUND('', #2156, .T.);
#2158 = ADVANCED_FACE('', (#2157), #1588, .F.);
#2159 = ORIENTED_EDGE('', *, *, #1305, .T.);
#2160 = ORIENTED_EDGE('', *, *, #1315, .F.);
#2161 = ORIENTED_EDGE('', *, *, #1307, .F.);
#2162 = ORIENTED_EDGE('', *, *, #1306, .F.);
#2163 = EDGE_LOOP('', (#2159, #2160, #2161, #2162));
#2164 = FACE_BOUND('', #2163, .T.);
#2165 = ADVANCED_FACE('', (#2164), #1592, .F.);
#2166 = ORIENTED_EDGE('', *, *, #1307, .T.);
#2167 = ORIENTED_EDGE('', *, *, #1316, .F.);
#2168 = ORIENTED_EDGE('', *, *, #1295, .F.);
#2169 = ORIENTED_EDGE('', *, *, #1308, .F.);
#2170 = EDGE_LOOP('', (#2166, #2167, #2168, #2169));
#2171 = FACE_BOUND('', #2170, .T.);
#2172 = ADVANCED_FACE('', (#2171), #1596, .F.);
#2173 = ORIENTED_EDGE('', *, *, #1293, .T.);
#2174 = ORIENTED_EDGE('', *, *, #1296, .T.);
#2175 = ORIENTED_EDGE('', *, *, #1298, .T.);
#2176 = ORIENTED_EDGE('', *, *, #1300, .T.);
#2177 = ORIENTED_EDGE('', *, *, #1302, .T.);
#2178 = ORIENTED_EDGE('', *, *, #1304, .T.);
#2179 = ORIENTED_EDGE('', *, *, #1306, .T.);
#2180 = ORIENTED_EDGE('', *, *, #1308, .T.);
#2181 = EDGE_LOOP('', (#2173, #2174, #2175, #2176, #2177, #2178, #2179, #2180));
#2182 = FACE_BOUND('', #2181, .T.);
#2183 = ADVANCED_FACE('', (#2182), #1600, .T.);
#2184 = ORIENTED_EDGE('', *, *, #1317, .F.);
#2185 = ORIENTED_EDGE('', *, *, #1318, .T.);
#2186 = ORIENTED_EDGE('', *, *, #1321, .T.);
#2187 = ORIENTED_EDGE('', *, *, #1324, .T.);
#2188 = ORIENTED_EDGE('', *, *, #1320, .F.);
#2189 = EDGE_LOOP('', (#2184, #2185, #2186, #2187, #2188));
#2190 = FACE_BOUND('', #2189, .T.);
#2191 = ADVANCED_FACE('', (#2190), #1605, .F.);
#2192 = ORIENTED_EDGE('', *, *, #1317, .T.);
#2193 = ORIENTED_EDGE('', *, *, #1319, .T.);
#2194 = EDGE_LOOP('', (#2192, #2193));
#2195 = FACE_BOUND('', #2194, .T.);
#2196 = ADVANCED_FACE('', (#2195), #1609, .T.);
#2197 = ORIENTED_EDGE('', *, *, #1323, .F.);
#2198 = ORIENTED_EDGE('', *, *, #1322, .F.);
#2199 = ORIENTED_EDGE('', *, *, #1318, .F.);
#2200 = ORIENTED_EDGE('', *, *, #1319, .F.);
#2201 = ORIENTED_EDGE('', *, *, #1320, .T.);
#2202 = EDGE_LOOP('', (#2197, #2198, #2199, #2200, #2201));
#2203 = FACE_BOUND('', #2202, .T.);
#2204 = ADVANCED_FACE('', (#2203), #1605, .F.);
#2205 = ORIENTED_EDGE('', *, *, #1325, .F.);
#2206 = ORIENTED_EDGE('', *, *, #1326, .T.);
#2207 = ORIENTED_EDGE('', *, *, #1329, .T.);
#2208 = ORIENTED_EDGE('', *, *, #1332, .T.);
#2209 = ORIENTED_EDGE('', *, *, #1328, .F.);
#2210 = EDGE_LOOP('', (#2205, #2206, #2207, #2208, #2209));
#2211 = FACE_BOUND('', #2210, .T.);
#2212 = ADVANCED_FACE('', (#2211), #1614, .F.);
#2213 = ORIENTED_EDGE('', *, *, #1325, .T.);
#2214 = ORIENTED_EDGE('', *, *, #1327, .T.);
#2215 = EDGE_LOOP('', (#2213, #2214));
#2216 = FACE_BOUND('', #2215, .T.);
#2217 = ADVANCED_FACE('', (#2216), #1618, .T.);
#2218 = ORIENTED_EDGE('', *, *, #1331, .F.);
#2219 = ORIENTED_EDGE('', *, *, #1330, .F.);
#2220 = ORIENTED_EDGE('', *, *, #1326, .F.);
#2221 = ORIENTED_EDGE('', *, *, #1327, .F.);
#2222 = ORIENTED_EDGE('', *, *, #1328, .T.);
#2223 = EDGE_LOOP('', (#2218, #2219, #2220, #2221, #2222));
#2224 = FACE_BOUND('', #2223, .T.);
#2225 = ADVANCED_FACE('', (#2224), #1614, .F.);
#2226 = ORIENTED_EDGE('', *, *, #1333, .F.);
#2227 = ORIENTED_EDGE('', *, *, #1334, .T.);
#2228 = ORIENTED_EDGE('', *, *, #1337, .T.);
#2229 = ORIENTED_EDGE('', *, *, #1340, .T.);
#2230 = ORIENTED_EDGE('', *, *, #1336, .F.);
#2231 = EDGE_LOOP('', (#2226, #2227, #2228, #2229, #2230));
#2232 = FACE_BOUND('', #2231, .T.);
#2233 = ADVANCED_FACE('', (#2232), #1623, .F.);
#2234 = ORIENTED_EDGE('', *, *, #1333, .T.);
#2235 = ORIENTED_EDGE('', *, *, #1335, .T.);
#2236 = EDGE_LOOP('', (#2234, #2235));
#2237 = FACE_BOUND('', #2236, .T.);
#2238 = ADVANCED_FACE('', (#2237), #1627, .T.);
#2239 = ORIENTED_EDGE('', *, *, #1339, .F.);
#2240 = ORIENTED_EDGE('', *, *, #1338, .F.);
#2241 = ORIENTED_EDGE('', *, *, #1334, .F.);
#2242 = ORIENTED_EDGE('', *, *, #1335, .F.);
#2243 = ORIENTED_EDGE('', *, *, #1336, .T.);
#2244 = EDGE_LOOP('', (#2239, #2240, #2241, #2242, #2243));
#2245 = FACE_BOUND('', #2244, .T.);
#2246 = ADVANCED_FACE('', (#2245), #1623, .F.);
#2247 = ORIENTED_EDGE('', *, *, #1341, .F.);
#2248 = ORIENTED_EDGE('', *, *, #1342, .T.);
#2249 = ORIENTED_EDGE('', *, *, #1345, .T.);
#2250 = ORIENTED_EDGE('', *, *, #1348, .T.);
#2251 = ORIENTED_EDGE('', *, *, #1344, .F.);
#2252 = EDGE_LOOP('', (#2247, #2248, #2249, #2250, #2251));
#2253 = FACE_BOUND('', #2252, .T.);
#2254 = ADVANCED_FACE('', (#2253), #1632, .F.);
#2255 = ORIENTED_EDGE('', *, *, #1341, .T.);
#2256 = ORIENTED_EDGE('', *, *, #1343, .T.);
#2257 = EDGE_LOOP('', (#2255, #2256));
#2258 = FACE_BOUND('', #2257, .T.);
#2259 = ADVANCED_FACE('', (#2258), #1636, .T.);
#2260 = ORIENTED_EDGE('', *, *, #1347, .F.);
#2261 = ORIENTED_EDGE('', *, *, #1346, .F.);
#2262 = ORIENTED_EDGE('', *, *, #1342, .F.);
#2263 = ORIENTED_EDGE('', *, *, #1343, .F.);
#2264 = ORIENTED_EDGE('', *, *, #1344, .T.);
#2265 = EDGE_LOOP('', (#2260, #2261, #2262, #2263, #2264));
#2266 = FACE_BOUND('', #2265, .T.);
#2267 = ADVANCED_FACE('', (#2266), #1632, .F.);
#2268 = ORIENTED_EDGE('', *, *, #1350, .F.);
#2269 = ORIENTED_EDGE('', *, *, #1349, .F.);
#2270 = EDGE_LOOP('', (#2268, #2269));
#2271 = FACE_BOUND('', #2270, .T.);
#2272 = ADVANCED_FACE('', (#2271), #1645, .F.);
#2273 = ORIENTED_EDGE('', *, *, #1350, .T.);
#2274 = ORIENTED_EDGE('', *, *, #1356, .F.);
#2275 = ORIENTED_EDGE('', *, *, #1352, .T.);
#2276 = ORIENTED_EDGE('', *, *, #1353, .T.);
#2277 = ORIENTED_EDGE('', *, *, #1355, .T.);
#2278 = EDGE_LOOP('', (#2273, #2274, #2275, #2276, #2277));
#2279 = FACE_BOUND('', #2278, .T.);
#2280 = ADVANCED_FACE('', (#2279), #1641, .F.);
#2281 = ORIENTED_EDGE('', *, *, #1354, .F.);
#2282 = ORIENTED_EDGE('', *, *, #1351, .F.);
#2283 = ORIENTED_EDGE('', *, *, #1356, .T.);
#2284 = ORIENTED_EDGE('', *, *, #1349, .T.);
#2285 = ORIENTED_EDGE('', *, *, #1355, .F.);
#2286 = EDGE_LOOP('', (#2281, #2282, #2283, #2284, #2285));
#2287 = FACE_BOUND('', #2286, .T.);
#2288 = ADVANCED_FACE('', (#2287), #1641, .F.);
#2289 = ORIENTED_EDGE('', *, *, #1358, .F.);
#2290 = ORIENTED_EDGE('', *, *, #1357, .F.);
#2291 = EDGE_LOOP('', (#2289, #2290));
#2292 = FACE_BOUND('', #2291, .T.);
#2293 = ADVANCED_FACE('', (#2292), #1654, .F.);
#2294 = ORIENTED_EDGE('', *, *, #1358, .T.);
#2295 = ORIENTED_EDGE('', *, *, #1364, .F.);
#2296 = ORIENTED_EDGE('', *, *, #1360, .T.);
#2297 = ORIENTED_EDGE('', *, *, #1361, .T.);
#2298 = ORIENTED_EDGE('', *, *, #1363, .T.);
#2299 = EDGE_LOOP('', (#2294, #2295, #2296, #2297, #2298));
#2300 = FACE_BOUND('', #2299, .T.);
#2301 = ADVANCED_FACE('', (#2300), #1650, .F.);
#2302 = ORIENTED_EDGE('', *, *, #1362, .F.);
#2303 = ORIENTED_EDGE('', *, *, #1359, .F.);
#2304 = ORIENTED_EDGE('', *, *, #1364, .T.);
#2305 = ORIENTED_EDGE('', *, *, #1357, .T.);
#2306 = ORIENTED_EDGE('', *, *, #1363, .F.);
#2307 = EDGE_LOOP('', (#2302, #2303, #2304, #2305, #2306));
#2308 = FACE_BOUND('', #2307, .T.);
#2309 = ADVANCED_FACE('', (#2308), #1650, .F.);
#2310 = ORIENTED_EDGE('', *, *, #1366, .F.);
#2311 = ORIENTED_EDGE('', *, *, #1365, .F.);
#2312 = EDGE_LOOP('', (#2310, #2311));
#2313 = FACE_BOUND('', #2312, .T.);
#2314 = ADVANCED_FACE('', (#2313), #1663, .F.);
#2315 = ORIENTED_EDGE('', *, *, #1366, .T.);
#2316 = ORIENTED_EDGE('', *, *, #1372, .F.);
#2317 = ORIENTED_EDGE('', *, *, #1368, .T.);
#2318 = ORIENTED_EDGE('', *, *, #1369, .T.);
#2319 = ORIENTED_EDGE('', *, *, #1371, .T.);
#2320 = EDGE_LOOP('', (#2315, #2316, #2317, #2318, #2319));
#2321 = FACE_BOUND('', #2320, .T.);
#2322 = ADVANCED_FACE('', (#2321), #1659, .F.);
#2323 = ORIENTED_EDGE('', *, *, #1370, .F.);
#2324 = ORIENTED_EDGE('', *, *, #1367, .F.);
#2325 = ORIENTED_EDGE('', *, *, #1372, .T.);
#2326 = ORIENTED_EDGE('', *, *, #1365, .T.);
#2327 = ORIENTED_EDGE('', *, *, #1371, .F.);
#2328 = EDGE_LOOP('', (#2323, #2324, #2325, #2326, #2327));
#2329 = FACE_BOUND('', #2328, .T.);
#2330 = ADVANCED_FACE('', (#2329), #1659, .F.);
#2331 = ORIENTED_EDGE('', *, *, #1374, .F.);
#2332 = ORIENTED_EDGE('', *, *, #1373, .F.);
#2333 = EDGE_LOOP('', (#2331, #2332));
#2334 = FACE_BOUND('', #2333, .T.);
#2335 = ADVANCED_FACE('', (#2334), #1672, .F.);
#2336 = ORIENTED_EDGE('', *, *, #1374, .T.);
#2337 = ORIENTED_EDGE('', *, *, #1380, .F.);
#2338 = ORIENTED_EDGE('', *, *, #1376, .T.);
#2339 = ORIENTED_EDGE('', *, *, #1377, .T.);
#2340 = ORIENTED_EDGE('', *, *, #1379, .T.);
#2341 = EDGE_LOOP('', (#2336, #2337, #2338, #2339, #2340));
#2342 = FACE_BOUND('', #2341, .T.);
#2343 = ADVANCED_FACE('', (#2342), #1668, .F.);
#2344 = ORIENTED_EDGE('', *, *, #1378, .F.);
#2345 = ORIENTED_EDGE('', *, *, #1375, .F.);
#2346 = ORIENTED_EDGE('', *, *, #1380, .T.);
#2347 = ORIENTED_EDGE('', *, *, #1373, .T.);
#2348 = ORIENTED_EDGE('', *, *, #1379, .F.);
#2349 = EDGE_LOOP('', (#2344, #2345, #2346, #2347, #2348));
#2350 = FACE_BOUND('', #2349, .T.);
#2351 = ADVANCED_FACE('', (#2350), #1668, .F.);
#2352 = CLOSED_SHELL('', (#1679, #1696, #1703, #1720, #1727, #1744, #1751, #1768, #1803, #1824, #1859, #1866, #1873, #1880, #1887, #1894, #1901, #1908, #1915, #1922, #1929, #1936, #1943, #1950, #1957, #1964, #1971, #1982, #1989, #1996, #2003, #2010, #2017, #2024, #2031, #2038, #2049, #2056, #2063, #2070, #2077, #2084, #2091, #2098, #2105, #2116, #2123, #2130, #2137, #2144, #2151, #2158, #2165, #2172, #2183, #2191, #2196, #2204, #2212, #2217, #2225, #2233, #2238, #2246, #2254, #2259, #2267, #2272, #2280, #2288, #2293, #2301, #2309, #2314, #2322, #2330, #2335, #2343, #2351));
#2353 = MANIFOLD_SOLID_BREP('', #2352);
#2354 = APPLICATION_CONTEXT('configuration controlled 3D design of mechanical parts and assemblies');
#2355 = PRODUCT_DEFINITION_CONTEXT('part definition', #2354, 'design');
#2356 = PRODUCT_CONTEXT('', #2354, 'mechanical');
#2357 = PRODUCT('UNIDENTIFIED_PRODUCT', '', $, (#2356));
#2358 = PRODUCT_DEFINITION_FORMATION('', $, #2357);
#2359 = PRODUCT_DEFINITION('design', $, #2358, #2355);
#2360 = PRODUCT_DEFINITION_SHAPE('', '', #2359);
#2361 = ADVANCED_BREP_SHAPE_REPRESENTATION('', (#2353), #4);
#2362 = SHAPE_DEFINITION_REPRESENTATION(#2360, #2361);
#2363 = COLOUR_RGB('', 0.05098039, 0.06666667, 0.07450981);
#2364 = FILL_AREA_STYLE_COLOUR('', #2363);
#2365 = FILL_AREA_STYLE('', (#2364));
#2366 = SURFACE_STYLE_FILL_AREA(#2365);
#2367 = SURFACE_SIDE_STYLE('', (#2366));
#2368 = SURFACE_STYLE_USAGE(.BOTH., #2367);
#2369 = PRESENTATION_STYLE_ASSIGNMENT((#2368));
#2370 = STYLED_ITEM('', (#2369), #2353);
#2371 = MECHANICAL_DESIGN_GEOMETRIC_PRESENTATION_REPRESENTATION('', (#2370), #4);
ENDSEC;
END-ISO-10303-21;
