ISO-10303-21;
HEADER;
FILE_DESCRIPTION(('zoo.dev export'), '2;1');
FILE_NAME('output.step', '2026-06-10T17:16:06.545562528+00:00', (''), (''), 'zoo.dev beta', 'zoo.dev', '');
FILE_SCHEMA(('AP242_MANAGED_MODEL_BASED_3D_ENGINEERING_MIM_LF'));
ENDSEC;
DATA;
#1 = (
  LENGTH_UNIT()
  NAMED_UNIT(*)
  SI_UNIT(.MILLI., .METRE.)
);
#2 = (
  NAMED_UNIT(*)
  PLANE_ANGLE_UNIT()
  SI_UNIT($, .RADIAN.)
);
#3 = UNCERTAINTY_MEASURE_WITH_UNIT(LENGTH_MEASURE(0.01), #1, 'DISTANCE_ACCURACY_VALUE', $);
#4 = (
  GEOMETRIC_REPRESENTATION_CONTEXT(3)
  GLOBAL_UNCERTAINTY_ASSIGNED_CONTEXT((#3))
  GLOBAL_UNIT_ASSIGNED_CONTEXT((#1, #2))
  REPRESENTATION_CONTEXT('3D', '3D context')
);
#5 = CARTESIAN_POINT('', (20., 7., 138.));
#6 = VERTEX_POINT('', #5);
#7 = CARTESIAN_POINT('', (20., 7., 150.));
#8 = VERTEX_POINT('', #7);
#9 = CARTESIAN_POINT('', (20., -7., 150.));
#10 = VERTEX_POINT('', #9);
#11 = CARTESIAN_POINT('', (20., -7., 138.));
#12 = VERTEX_POINT('', #11);
#13 = CARTESIAN_POINT('', (-20., 7., 150.));
#14 = VERTEX_POINT('', #13);
#15 = CARTESIAN_POINT('', (-20., -7., 150.));
#16 = VERTEX_POINT('', #15);
#17 = CARTESIAN_POINT('', (-20., 7., 138.));
#18 = VERTEX_POINT('', #17);
#19 = CARTESIAN_POINT('', (-20., -7., 138.));
#20 = VERTEX_POINT('', #19);
#21 = CARTESIAN_POINT('', (-18., 7., 0.));
#22 = VERTEX_POINT('', #21);
#23 = CARTESIAN_POINT('', (-18., 7., 10.));
#24 = VERTEX_POINT('', #23);
#25 = CARTESIAN_POINT('', (-18., -7., 10.));
#26 = VERTEX_POINT('', #25);
#27 = CARTESIAN_POINT('', (-18., -7., 0.));
#28 = VERTEX_POINT('', #27);
#29 = CARTESIAN_POINT('', (-30., 7., 10.));
#30 = VERTEX_POINT('', #29);
#31 = CARTESIAN_POINT('', (-30., -7., 10.));
#32 = VERTEX_POINT('', #31);
#33 = CARTESIAN_POINT('', (-30., 7., 0.));
#34 = VERTEX_POINT('', #33);
#35 = CARTESIAN_POINT('', (-30., -7., 0.));
#36 = VERTEX_POINT('', #35);
#37 = CARTESIAN_POINT('', (-14., -4.5, 138.));
#38 = VERTEX_POINT('', #37);
#39 = CARTESIAN_POINT('', (-14., 4.5, 138.));
#40 = VERTEX_POINT('', #39);
#41 = CARTESIAN_POINT('', (-18., 4.49409986, 10.));
#42 = VERTEX_POINT('', #41);
#43 = CARTESIAN_POINT('', (-18., -4.49409986, 10.));
#44 = VERTEX_POINT('', #43);
#45 = CARTESIAN_POINT('', (-18.37021907, 4.5, 10.));
#46 = VERTEX_POINT('', #45);
#47 = CARTESIAN_POINT('', (-18.37021907, -4.5, 10.));
#48 = VERTEX_POINT('', #47);
#49 = CARTESIAN_POINT('', (-22.45986775, -3.7574973, 10.));
#50 = VERTEX_POINT('', #49);
#51 = CARTESIAN_POINT('', (-22.45986775, 3.7574973, 10.));
#52 = VERTEX_POINT('', #51);
#53 = CARTESIAN_POINT('', (-23.65309497, 0., 11.63470591));
#54 = VERTEX_POINT('', #53);
#55 = CARTESIAN_POINT('', (-7.5063871, 0.00000006, 138.));
#56 = VERTEX_POINT('', #55);
#57 = CARTESIAN_POINT('', (-14., 0., 138.));
#58 = VERTEX_POINT('', #57);
#59 = CARTESIAN_POINT('', (30., 7., 0.));
#60 = VERTEX_POINT('', #59);
#61 = CARTESIAN_POINT('', (30., 7., 10.));
#62 = VERTEX_POINT('', #61);
#63 = CARTESIAN_POINT('', (30., -7., 10.));
#64 = VERTEX_POINT('', #63);
#65 = CARTESIAN_POINT('', (30., -7., 0.));
#66 = VERTEX_POINT('', #65);
#67 = CARTESIAN_POINT('', (18., 7., 10.));
#68 = VERTEX_POINT('', #67);
#69 = CARTESIAN_POINT('', (18., -7., 10.));
#70 = VERTEX_POINT('', #69);
#71 = CARTESIAN_POINT('', (18., 7., 0.));
#72 = VERTEX_POINT('', #71);
#73 = CARTESIAN_POINT('', (18., -7., 0.));
#74 = VERTEX_POINT('', #73);
#75 = CARTESIAN_POINT('', (14., -4.5, 138.));
#76 = VERTEX_POINT('', #75);
#77 = CARTESIAN_POINT('', (14., 4.5, 138.));
#78 = VERTEX_POINT('', #77);
#79 = CARTESIAN_POINT('', (30., 4.5, 2.26943256));
#80 = VERTEX_POINT('', #79);
#81 = CARTESIAN_POINT('', (30., 4.03369275, 0.));
#82 = VERTEX_POINT('', #81);
#83 = CARTESIAN_POINT('', (30., -4.5, 2.26943256));
#84 = VERTEX_POINT('', #83);
#85 = CARTESIAN_POINT('', (30., -4.03369275, 0.));
#86 = VERTEX_POINT('', #85);
#87 = CARTESIAN_POINT('', (22.45986775, -3.7574973, 10.));
#88 = VERTEX_POINT('', #87);
#89 = CARTESIAN_POINT('', (22.45986775, 3.7574973, 10.));
#90 = VERTEX_POINT('', #89);
#91 = CARTESIAN_POINT('', (25.97881748, -0.00000017, 10.));
#92 = VERTEX_POINT('', #91);
#93 = CARTESIAN_POINT('', (22.45986775, 0., 10.));
#94 = VERTEX_POINT('', #93);
#95 = CARTESIAN_POINT('', (20., 4.5, 142.96957079));
#96 = VERTEX_POINT('', #95);
#97 = CARTESIAN_POINT('', (20., -4.5, 142.96957079));
#98 = VERTEX_POINT('', #97);
#99 = CARTESIAN_POINT('', (20., 2.21990681, 138.));
#100 = VERTEX_POINT('', #99);
#101 = CARTESIAN_POINT('', (20., -2.21990681, 138.));
#102 = VERTEX_POINT('', #101);
#103 = CARTESIAN_POINT('', (14., 0., 138.));
#104 = VERTEX_POINT('', #103);
#105 = CARTESIAN_POINT('', (-9.9, 7., 145.));
#106 = VERTEX_POINT('', #105);
#107 = CARTESIAN_POINT('', (-14.1, 7., 145.));
#108 = VERTEX_POINT('', #107);
#109 = CARTESIAN_POINT('', (-9.9, -7., 145.));
#110 = VERTEX_POINT('', #109);
#111 = CARTESIAN_POINT('', (-14.1, -7., 145.));
#112 = VERTEX_POINT('', #111);
#113 = CARTESIAN_POINT('', (-12., 7., 142.9));
#114 = VERTEX_POINT('', #113);
#115 = CARTESIAN_POINT('', (-12., 7., 147.1));
#116 = VERTEX_POINT('', #115);
#117 = CARTESIAN_POINT('', (-12., -7., 142.9));
#118 = VERTEX_POINT('', #117);
#119 = CARTESIAN_POINT('', (-12., -7., 147.1));
#120 = VERTEX_POINT('', #119);
#121 = CARTESIAN_POINT('', (14.1, 7., 145.));
#122 = VERTEX_POINT('', #121);
#123 = CARTESIAN_POINT('', (9.9, 7., 145.));
#124 = VERTEX_POINT('', #123);
#125 = CARTESIAN_POINT('', (14.1, -7., 145.));
#126 = VERTEX_POINT('', #125);
#127 = CARTESIAN_POINT('', (9.9, -7., 145.));
#128 = VERTEX_POINT('', #127);
#129 = CARTESIAN_POINT('', (12., 7., 142.9));
#130 = VERTEX_POINT('', #129);
#131 = CARTESIAN_POINT('', (12., 7., 147.1));
#132 = VERTEX_POINT('', #131);
#133 = CARTESIAN_POINT('', (12., -7., 142.9));
#134 = VERTEX_POINT('', #133);
#135 = CARTESIAN_POINT('', (12., -7., 147.1));
#136 = VERTEX_POINT('', #135);
#137 = DIRECTION('', (0., -0., 1.));
#138 = VECTOR('', #137, 1.);
#139 = CARTESIAN_POINT('', (20., 7., 138.));
#140 = LINE('', #139, #138);
#141 = DIRECTION('', (0., -1., 0.));
#142 = VECTOR('', #141, 1.);
#143 = CARTESIAN_POINT('', (20., 7., 150.));
#144 = LINE('', #143, #142);
#145 = DIRECTION('', (0., -0., 1.));
#146 = VECTOR('', #145, 1.);
#147 = CARTESIAN_POINT('', (20., -7., 138.));
#148 = LINE('', #147, #146);
#149 = DIRECTION('', (0., -1., 0.));
#150 = VECTOR('', #149, 1.);
#151 = CARTESIAN_POINT('', (20., 7., 138.));
#152 = LINE('', #151, #150);
#153 = DIRECTION('', (-1., -0., 0.));
#154 = VECTOR('', #153, 1.);
#155 = CARTESIAN_POINT('', (20., 7., 150.));
#156 = LINE('', #155, #154);
#157 = DIRECTION('', (0., -1., 0.));
#158 = VECTOR('', #157, 1.);
#159 = CARTESIAN_POINT('', (-20., 7., 150.));
#160 = LINE('', #159, #158);
#161 = DIRECTION('', (-1., -0., 0.));
#162 = VECTOR('', #161, 1.);
#163 = CARTESIAN_POINT('', (20., -7., 150.));
#164 = LINE('', #163, #162);
#165 = DIRECTION('', (0., -0., -1.));
#166 = VECTOR('', #165, 1.);
#167 = CARTESIAN_POINT('', (-20., 7., 150.));
#168 = LINE('', #167, #166);
#169 = DIRECTION('', (0., -1., 0.));
#170 = VECTOR('', #169, 1.);
#171 = CARTESIAN_POINT('', (-20., 7., 138.));
#172 = LINE('', #171, #170);
#173 = DIRECTION('', (0., -0., -1.));
#174 = VECTOR('', #173, 1.);
#175 = CARTESIAN_POINT('', (-20., -7., 150.));
#176 = LINE('', #175, #174);
#177 = DIRECTION('', (1., -0., 0.));
#178 = VECTOR('', #177, 1.);
#179 = CARTESIAN_POINT('', (-20., 7., 138.));
#180 = LINE('', #179, #178);
#181 = DIRECTION('', (1., -0., 0.));
#182 = VECTOR('', #181, 1.);
#183 = CARTESIAN_POINT('', (-20., -7., 138.));
#184 = LINE('', #183, #182);
#185 = DIRECTION('', (0., -0., 1.));
#186 = VECTOR('', #185, 1.);
#187 = CARTESIAN_POINT('', (-18., 7., 0.));
#188 = LINE('', #187, #186);
#189 = DIRECTION('', (0., -1., 0.));
#190 = VECTOR('', #189, 1.);
#191 = CARTESIAN_POINT('', (-18., 7., 10.));
#192 = LINE('', #191, #190);
#193 = DIRECTION('', (0., -0., 1.));
#194 = VECTOR('', #193, 1.);
#195 = CARTESIAN_POINT('', (-18., -7., 0.));
#196 = LINE('', #195, #194);
#197 = DIRECTION('', (0., -1., 0.));
#198 = VECTOR('', #197, 1.);
#199 = CARTESIAN_POINT('', (-18., 7., 0.));
#200 = LINE('', #199, #198);
#201 = DIRECTION('', (-1., -0., 0.));
#202 = VECTOR('', #201, 1.);
#203 = CARTESIAN_POINT('', (-18., 7., 10.));
#204 = LINE('', #203, #202);
#205 = DIRECTION('', (0., -1., 0.));
#206 = VECTOR('', #205, 1.);
#207 = CARTESIAN_POINT('', (-30., 7., 10.));
#208 = LINE('', #207, #206);
#209 = DIRECTION('', (-1., -0., 0.));
#210 = VECTOR('', #209, 1.);
#211 = CARTESIAN_POINT('', (-18., -7., 10.));
#212 = LINE('', #211, #210);
#213 = DIRECTION('', (0., -0., -1.));
#214 = VECTOR('', #213, 1.);
#215 = CARTESIAN_POINT('', (-30., 7., 10.));
#216 = LINE('', #215, #214);
#217 = DIRECTION('', (0., -1., 0.));
#218 = VECTOR('', #217, 1.);
#219 = CARTESIAN_POINT('', (-30., 7., 0.));
#220 = LINE('', #219, #218);
#221 = DIRECTION('', (0., -0., -1.));
#222 = VECTOR('', #221, 1.);
#223 = CARTESIAN_POINT('', (-30., -7., 10.));
#224 = LINE('', #223, #222);
#225 = DIRECTION('', (1., -0., 0.));
#226 = VECTOR('', #225, 1.);
#227 = CARTESIAN_POINT('', (-30., 7., 0.));
#228 = LINE('', #227, #226);
#229 = DIRECTION('', (1., -0., 0.));
#230 = VECTOR('', #229, 1.);
#231 = CARTESIAN_POINT('', (-30., -7., 0.));
#232 = LINE('', #231, #230);
#233 = DIRECTION('', (0., 1., 0.));
#234 = DIRECTION('', (-0.73973288, 0., 0.67290064));
#235 = CARTESIAN_POINT('', (-14., -0., 138.));
#236 = AXIS2_PLACEMENT_3D('', #235, #234, #233);
#237 = CIRCLE('', #236, 4.5);
#238 = CARTESIAN_POINT('', (-18., 4.49409986, 10.));
#239 = CARTESIAN_POINT('', (-18., 4.49225874, 9.95405494));
#240 = CARTESIAN_POINT('', (-18., 4.4888512, 9.88519931));
#241 = CARTESIAN_POINT('', (-18., 4.48301133, 9.79349542));
#242 = CARTESIAN_POINT('', (-18., 4.47798537, 9.72480619));
#243 = CARTESIAN_POINT('', (-18., 4.4723063, 9.65613237));
#244 = CARTESIAN_POINT('', (-18., 4.46596847, 9.58744518));
#245 = CARTESIAN_POINT('', (-18., 4.45896632, 9.51873023));
#246 = CARTESIAN_POINT('', (-18., 4.45129711, 9.45000558));
#247 = CARTESIAN_POINT('', (-18., 4.44296461, 9.38133839));
#248 = CARTESIAN_POINT('', (-18., 4.43397864, 9.31282206));
#249 = CARTESIAN_POINT('', (-18., 4.4243471, 9.24451165));
#250 = CARTESIAN_POINT('', (-18., 4.41406748, 9.17638295));
#251 = CARTESIAN_POINT('', (-18., 4.40312821, 9.10836643));
#252 = CARTESIAN_POINT('', (-18., 4.39151645, 9.04040389));
#253 = CARTESIAN_POINT('', (-18., 4.37922306, 8.97247112));
#254 = CARTESIAN_POINT('', (-18., 4.36624481, 8.90458082));
#255 = CARTESIAN_POINT('', (-18., 4.35258715, 8.83678784));
#256 = CARTESIAN_POINT('', (-18., 4.33826332, 8.76917308));
#257 = CARTESIAN_POINT('', (-18., 4.323283, 8.70178743));
#258 = CARTESIAN_POINT('', (-18., 4.30764109, 8.6346118));
#259 = CARTESIAN_POINT('', (-18., 4.29132105, 8.56758683));
#260 = CARTESIAN_POINT('', (-18., 4.27430876, 8.50067456));
#261 = CARTESIAN_POINT('', (-18., 4.25660179, 8.43388771));
#262 = CARTESIAN_POINT('', (-18., 4.23820782, 8.36727406));
#263 = CARTESIAN_POINT('', (-18., 4.21913729, 8.30088464));
#264 = CARTESIAN_POINT('', (-18., 4.1993965, 8.23475042));
#265 = CARTESIAN_POINT('', (-18., 4.17898344, 8.16887273));
#266 = CARTESIAN_POINT('', (-18., 4.15788727, 8.10322716));
#267 = CARTESIAN_POINT('', (-18., 4.13609327, 8.03778256));
#268 = CARTESIAN_POINT('', (-18., 4.11359119, 7.97252632));
#269 = CARTESIAN_POINT('', (-18., 4.09038175, 7.90747937));
#270 = CARTESIAN_POINT('', (-18., 4.06647489, 7.8426854));
#271 = CARTESIAN_POINT('', (-18., 4.04187871, 7.77817875));
#272 = CARTESIAN_POINT('', (-18., 4.01659066, 7.71396403));
#273 = CARTESIAN_POINT('', (-18., 3.99060029, 7.65002772));
#274 = CARTESIAN_POINT('', (-18., 3.96389957, 7.58636498));
#275 = CARTESIAN_POINT('', (-18., 3.93648885, 7.52299208));
#276 = CARTESIAN_POINT('', (-18., 3.90837314, 7.45993457));
#277 = CARTESIAN_POINT('', (-18., 3.87955414, 7.39720918));
#278 = CARTESIAN_POINT('', (-18., 3.85002826, 7.33482091));
#279 = CARTESIAN_POINT('', (-18., 3.81979162, 7.27277513));
#280 = CARTESIAN_POINT('', (-18., 3.78884372, 7.2110844));
#281 = CARTESIAN_POINT('', (-18., 3.7571839, 7.14976075));
#282 = CARTESIAN_POINT('', (-18., 3.72480821, 7.08880996));
#283 = CARTESIAN_POINT('', (-18., 3.6917135, 7.0282402));
#284 = CARTESIAN_POINT('', (-18., 3.65790155, 6.96806862));
#285 = CARTESIAN_POINT('', (-18., 3.62337437, 6.90831208));
#286 = CARTESIAN_POINT('', (-18., 3.58812919, 6.8489789));
#287 = CARTESIAN_POINT('', (-18., 3.55216239, 6.79007676));
#288 = CARTESIAN_POINT('', (-18., 3.51547473, 6.73162065));
#289 = CARTESIAN_POINT('', (-18., 3.4780672, 6.67362556));
#290 = CARTESIAN_POINT('', (-18., 3.43993526, 6.61609797));
#291 = CARTESIAN_POINT('', (-18., 3.40107261, 6.55904264));
#292 = CARTESIAN_POINT('', (-18., 3.36147946, 6.50247461));
#293 = CARTESIAN_POINT('', (-18., 3.32116295, 6.44641812));
#294 = CARTESIAN_POINT('', (-18., 3.28013034, 6.39089639));
#295 = CARTESIAN_POINT('', (-18., 3.23838427, 6.33592564));
#296 = CARTESIAN_POINT('', (-18., 3.19592254, 6.28151569));
#297 = CARTESIAN_POINT('', (-18., 3.15273988, 6.22767296));
#298 = CARTESIAN_POINT('', (-18., 3.10883053, 6.17440418));
#299 = CARTESIAN_POINT('', (-18., 3.06419241, 6.12172124));
#300 = CARTESIAN_POINT('', (-18., 3.01883105, 6.06964499));
#301 = CARTESIAN_POINT('', (-18., 2.97275872, 6.01820306));
#302 = CARTESIAN_POINT('', (-18., 2.92598659, 5.96742042));
#303 = CARTESIAN_POINT('', (-18., 2.87851571, 5.91731021));
#304 = CARTESIAN_POINT('', (-18., 2.83033789, 5.86787648));
#305 = CARTESIAN_POINT('', (-18., 2.78144837, 5.81912806));
#306 = CARTESIAN_POINT('', (-18., 2.73185551, 5.77108698));
#307 = CARTESIAN_POINT('', (-18., 2.681575, 5.72378128));
#308 = CARTESIAN_POINT('', (-18., 2.63061673, 5.67723213));
#309 = CARTESIAN_POINT('', (-18., 2.57897914, 5.63145003));
#310 = CARTESIAN_POINT('', (-18., 2.52665144, 5.58643821));
#311 = CARTESIAN_POINT('', (-18., 2.47361851, 5.54219781));
#312 = CARTESIAN_POINT('', (-18., 2.41986949, 5.4987353));
#313 = CARTESIAN_POINT('', (-18., 2.36540925, 5.45607081));
#314 = CARTESIAN_POINT('', (-18., 2.31026309, 5.41423943));
#315 = CARTESIAN_POINT('', (-18., 2.25446658, 5.37328138));
#316 = CARTESIAN_POINT('', (-18., 2.19805663, 5.33323469));
#317 = CARTESIAN_POINT('', (-18., 2.14107054, 5.29413474));
#318 = CARTESIAN_POINT('', (-18., 2.08353799, 5.2560088));
#319 = CARTESIAN_POINT('', (-18., 2.02546259, 5.21886543));
#320 = CARTESIAN_POINT('', (-18., 1.96681592, 5.18269422));
#321 = CARTESIAN_POINT('', (-18., 1.90756506, 5.14748569));
#322 = CARTESIAN_POINT('', (-18., 1.84770682, 5.11325074));
#323 = CARTESIAN_POINT('', (-18., 1.7872687, 5.08001742));
#324 = CARTESIAN_POINT('', (-18., 1.7262703, 5.04780741));
#325 = CARTESIAN_POINT('', (-18., 1.66468793, 5.01661966));
#326 = CARTESIAN_POINT('', (-18., 1.6024729, 4.98644434));
#327 = CARTESIAN_POINT('', (-18., 1.53961296, 4.95729345));
#328 = CARTESIAN_POINT('', (-18., 1.47616896, 4.92921217));
#329 = CARTESIAN_POINT('', (-18., 1.41224021, 4.90225636));
#330 = CARTESIAN_POINT('', (-18., 1.34791161, 4.87646833));
#331 = CARTESIAN_POINT('', (-18., 1.28324081, 4.85187435));
#332 = CARTESIAN_POINT('', (-18., 1.21827003, 4.82849148));
#333 = CARTESIAN_POINT('', (-18., 1.15302219, 4.80632767));
#334 = CARTESIAN_POINT('', (-18., 1.08748347, 4.78537847));
#335 = CARTESIAN_POINT('', (-18., 1.02161108, 4.76563326));
#336 = CARTESIAN_POINT('', (-18., 0.95535128, 4.74708278));
#337 = CARTESIAN_POINT('', (-18., 0.88865388, 4.7297238));
#338 = CARTESIAN_POINT('', (-18., 0.82150048, 4.71356537));
#339 = CARTESIAN_POINT('', (-18., 0.75393984, 4.69863335));
#340 = CARTESIAN_POINT('', (-18., 0.68609322, 4.68496427));
#341 = CARTESIAN_POINT('', (-18., 0.61809298, 4.6725873));
#342 = CARTESIAN_POINT('', (-18., 0.5499954, 4.66151012));
#343 = CARTESIAN_POINT('', (-18., 0.48555985, 4.65226916));
#344 = CARTESIAN_POINT('', (-18., 0.42855395, 4.64509701));
#345 = CARTESIAN_POINT('', (-18., 0.38281442, 4.64000041));
#346 = CARTESIAN_POINT('', (-18., 0.34460285, 4.63617036));
#347 = CARTESIAN_POINT('', (-18., 0.31018148, 4.63305041));
#348 = CARTESIAN_POINT('', (-18., 0.27577499, 4.63026123));
#349 = CARTESIAN_POINT('', (-18., 0.24140149, 4.627803));
#350 = CARTESIAN_POINT('', (-18., 0.20894989, 4.62579143));
#351 = CARTESIAN_POINT('', (-18., 0.18031625, 4.6242663));
#352 = CARTESIAN_POINT('', (-18., 0.15739193, 4.62320883));
#353 = CARTESIAN_POINT('', (-18., 0.13826497, 4.62243271));
#354 = CARTESIAN_POINT('', (-18., 0.12101963, 4.6218151));
#355 = CARTESIAN_POINT('', (-18., 0.1037541, 4.62127914));
#356 = CARTESIAN_POINT('', (-18., 0.08744037, 4.6208506));
#357 = CARTESIAN_POINT('', (-18., 0.07305147, 4.62053557));
#358 = CARTESIAN_POINT('', (-18., 0.06155206, 4.62032492));
#359 = CARTESIAN_POINT('', (-18., 0.0519793, 4.62017614));
#360 = CARTESIAN_POINT('', (-18., 0.04337014, 4.62006281));
#361 = CARTESIAN_POINT('', (-18., 0.03523961, 4.61997511));
#362 = CARTESIAN_POINT('', (-18., 0.02806644, 4.61991336));
#363 = CARTESIAN_POINT('', (-18., 0.02232853, 4.6198742));
#364 = CARTESIAN_POINT('', (-18., 0.01754746, 4.6198482));
#365 = CARTESIAN_POINT('', (-18., 0.01348386, 4.61983092));
#366 = CARTESIAN_POINT('', (-18., 0.00989854, 4.61981959));
#367 = CARTESIAN_POINT('', (-18., 0.00703046, 4.61981307));
#368 = CARTESIAN_POINT('', (-18., 0.0046405, 4.6198093));
#369 = CARTESIAN_POINT('', (-18., 0.00261018, 4.6198073));
#370 = CARTESIAN_POINT('', (-18., 0.00082102, 4.61980651));
#371 = CARTESIAN_POINT('', (-18., -0.0007249, 4.61980652));
#372 = CARTESIAN_POINT('', (-18., -0.00226659, 4.61980713));
#373 = CARTESIAN_POINT('', (-18., -0.00404306, 4.61980862));
#374 = CARTESIAN_POINT('', (-18., -0.00629337, 4.61981172));
#375 = CARTESIAN_POINT('', (-18., -0.00913599, 4.61981759));
#376 = CARTESIAN_POINT('', (-18., -0.01268951, 4.61982806));
#377 = CARTESIAN_POINT('', (-18., -0.01671708, 4.61984428));
#378 = CARTESIAN_POINT('', (-18., -0.02145577, 4.61986895));
#379 = CARTESIAN_POINT('', (-18., -0.02714286, 4.61990636));
#380 = CARTESIAN_POINT('', (-18., -0.03425251, 4.61996569));
#381 = CARTESIAN_POINT('', (-18., -0.04231107, 4.62005034));
#382 = CARTESIAN_POINT('', (-18., -0.05084405, 4.62016009));
#383 = CARTESIAN_POINT('', (-18., -0.06032385, 4.62030435));
#384 = CARTESIAN_POINT('', (-18., -0.07169674, 4.62050868));
#385 = CARTESIAN_POINT('', (-18., -0.08590878, 4.62081424));
#386 = CARTESIAN_POINT('', (-18., -0.10201217, 4.62123));
#387 = CARTESIAN_POINT('', (-18., -0.1190711, 4.6217508));
#388 = CARTESIAN_POINT('', (-18., -0.1361508, 4.62235279));
#389 = CARTESIAN_POINT('', (-18., -0.15516874, 4.62311299));
#390 = CARTESIAN_POINT('', (-18., -0.17803615, 4.62415349));
#391 = CARTESIAN_POINT('', (-18., -0.20666046, 4.62565988));
#392 = CARTESIAN_POINT('', (-18., -0.23914703, 4.62765304));
#393 = CARTESIAN_POINT('', (-18., -0.27357557, 4.63009391));
#394 = CARTESIAN_POINT('', (-18., -0.30803982, 4.63286703));
#395 = CARTESIAN_POINT('', (-18., -0.34251623, 4.63597165));
#396 = CARTESIAN_POINT('', (-18., -0.3808553, 4.63979245));
#397 = CARTESIAN_POINT('', (-18., -0.4268781, 4.64489629));
#398 = CARTESIAN_POINT('', (-18., -0.4843799, 4.65210662));
#399 = CARTESIAN_POINT('', (-18., -0.54942251, 4.66141829));
#400 = CARTESIAN_POINT('', (-18., -0.61805246, 4.67257743));
#401 = CARTESIAN_POINT('', (-18., -0.68632563, 4.68500812));
#402 = CARTESIAN_POINT('', (-18., -0.75412197, 4.69867326));
#403 = CARTESIAN_POINT('', (-18., -0.82138239, 4.71354081));
#404 = CARTESIAN_POINT('', (-18., -0.88815969, 4.72960257));
#405 = CARTESIAN_POINT('', (-18., -0.95460359, 4.74688194));
#406 = CARTESIAN_POINT('', (-18., -1.02085414, 4.76541307));
#407 = CARTESIAN_POINT('', (-18., -1.08695098, 4.78521139));
#408 = CARTESIAN_POINT('', (-18., -1.1528463, 4.80626703));
#409 = CARTESIAN_POINT('', (-18., -1.21846759, 4.82855815));
#410 = CARTESIAN_POINT('', (-18., -1.28375034, 4.8520611));
#411 = CARTESIAN_POINT('', (-18., -1.34862259, 4.8767451));
#412 = CARTESIAN_POINT('', (-18., -1.41299977, 4.90256902));
#413 = CARTESIAN_POINT('', (-18., -1.47681252, 4.92949173));
#414 = CARTESIAN_POINT('', (-18., -1.54003518, 4.95748665));
#415 = CARTESIAN_POINT('', (-18., -1.60268085, 4.98654427));
#416 = CARTESIAN_POINT('', (-18., -1.66476254, 5.01665717));
#417 = CARTESIAN_POINT('', (-18., -1.72627408, 5.04780971));
#418 = CARTESIAN_POINT('', (-18., -1.78721155, 5.07998715));
#419 = CARTESIAN_POINT('', (-18., -1.84759694, 5.11318947));
#420 = CARTESIAN_POINT('', (-18., -1.90746311, 5.14742586));
#421 = CARTESIAN_POINT('', (-18., -1.9668212, 5.18269617));
#422 = CARTESIAN_POINT('', (-18., -2.02565214, 5.21898284));
#423 = CARTESIAN_POINT('', (-18., -2.08391452, 5.25625261));
#424 = CARTESIAN_POINT('', (-18., -2.14155486, 5.29446095));
#425 = CARTESIAN_POINT('', (-18., -2.19852721, 5.33356382));
#426 = CARTESIAN_POINT('', (-18., -2.25482022, 5.373538));
#427 = CARTESIAN_POINT('', (-18., -2.31045696, 5.41438547));
#428 = CARTESIAN_POINT('', (-18., -2.36545626, 5.45610812));
#429 = CARTESIAN_POINT('', (-18., -2.41980563, 5.49868524));
#430 = CARTESIAN_POINT('', (-18., -2.47347944, 5.54208412));
#431 = CARTESIAN_POINT('', (-18., -2.52647094, 5.58628555));
#432 = CARTESIAN_POINT('', (-18., -2.57879367, 5.63128795));
#433 = CARTESIAN_POINT('', (-18., -2.63045932, 5.67709009));
#434 = CARTESIAN_POINT('', (-18., -2.68146454, 5.7236784));
#435 = CARTESIAN_POINT('', (-18., -2.73179245, 5.77102638));
#436 = CARTESIAN_POINT('', (-18., -2.7814197, 5.81909964));
#437 = CARTESIAN_POINT('', (-18., -2.83032698, 5.86786536));
#438 = CARTESIAN_POINT('', (-18., -2.87851053, 5.91730481));
#439 = CARTESIAN_POINT('', (-18., -2.92598264, 5.96741618));
#440 = CARTESIAN_POINT('', (-18., -2.97275653, 6.01820063));
#441 = CARTESIAN_POINT('', (-18., -3.01883186, 6.06964586));
#442 = CARTESIAN_POINT('', (-18., -3.06419561, 6.12172495));
#443 = CARTESIAN_POINT('', (-18., -3.10883474, 6.17440922));
#444 = CARTESIAN_POINT('', (-18., -3.15274579, 6.2276802));
#445 = CARTESIAN_POINT('', (-18., -3.19593353, 6.28152949));
#446 = CARTESIAN_POINT('', (-18., -3.23840277, 6.33594957));
#447 = CARTESIAN_POINT('', (-18., -3.28015325, 6.39092695));
#448 = CARTESIAN_POINT('', (-18., -3.32118129, 6.4464434));
#449 = CARTESIAN_POINT('', (-18., -3.36148387, 6.50248106));
#450 = CARTESIAN_POINT('', (-18., -3.40106011, 6.55902477));
#451 = CARTESIAN_POINT('', (-18., -3.43991167, 6.61606294));
#452 = CARTESIAN_POINT('', (-18., -3.47804361, 6.6735894));
#453 = CARTESIAN_POINT('', (-18., -3.5154629, 6.73160181));
#454 = CARTESIAN_POINT('', (-18., -3.55217326, 6.79009391));
#455 = CARTESIAN_POINT('', (-18., -3.58817124, 6.84904817));
#456 = CARTESIAN_POINT('', (-18., -3.62344835, 6.90843783));
#457 = CARTESIAN_POINT('', (-18., -3.6579961, 6.96823433));
#458 = CARTESIAN_POINT('', (-18., -3.69180968, 7.02841391));
#459 = CARTESIAN_POINT('', (-18., -3.72489057, 7.08896317));
#460 = CARTESIAN_POINT('', (-18., -3.75724709, 7.14988174));
#461 = CARTESIAN_POINT('', (-18., -3.78889061, 7.21117677));
#462 = CARTESIAN_POINT('', (-18., -3.81982814, 7.27284911));
#463 = CARTESIAN_POINT('', (-18., -3.85006005, 7.33488714));
#464 = CARTESIAN_POINT('', (-18., -3.87958524, 7.39727584));
#465 = CARTESIAN_POINT('', (-18., -3.90840536, 7.46000571));
#466 = CARTESIAN_POINT('', (-18., -3.9365223, 7.5230682));
#467 = CARTESIAN_POINT('', (-18., -3.96393342, 7.58644443));
#468 = CARTESIAN_POINT('', (-18., -3.99063263, 7.65010607));
#469 = CARTESIAN_POINT('', (-18., -4.01661765, 7.71403167));
#470 = CARTESIAN_POINT('', (-18., -4.04189473, 7.77822048));
#471 = CARTESIAN_POINT('', (-18., -4.06647436, 7.84268453));
#472 = CARTESIAN_POINT('', (-18., -4.09036173, 7.90742486));
#473 = CARTESIAN_POINT('', (-18., -4.11355492, 7.97242344));
#474 = CARTESIAN_POINT('', (-18., -4.13605301, 8.0376637));
#475 = CARTESIAN_POINT('', (-18., -4.15786297, 8.10315195));
#476 = CARTESIAN_POINT('', (-18., -4.17899539, 8.16890882));
#477 = CARTESIAN_POINT('', (-18., -4.19945464, 8.23493946));
#478 = CARTESIAN_POINT('', (-18., -4.21923514, 8.30121716));
#479 = CARTESIAN_POINT('', (-18., -4.23832598, 8.36769298));
#480 = CARTESIAN_POINT('', (-18., -4.25671847, 8.43431935));
#481 = CARTESIAN_POINT('', (-18., -4.27440977, 8.50106451));
#482 = CARTESIAN_POINT('', (-18., -4.29140182, 8.56791244));
#483 = CARTESIAN_POINT('', (-18., -4.30770109, 8.63486487));
#484 = CARTESIAN_POINT('', (-18., -4.32331892, 8.70194694));
#485 = CARTESIAN_POINT('', (-18., -4.33826917, 8.76920253));
#486 = CARTESIAN_POINT('', (-18., -4.35256162, 8.83666691));
#487 = CARTESIAN_POINT('', (-18., -4.3661969, 8.90433844));
#488 = CARTESIAN_POINT('', (-18., -4.37916883, 8.97217971));
#489 = CARTESIAN_POINT('', (-18., -4.39147049, 9.04014138));
#490 = CARTESIAN_POINT('', (-18., -4.40309887, 9.10818744));
#491 = CARTESIAN_POINT('', (-18., -4.41405589, 9.17630625));
#492 = CARTESIAN_POINT('', (-18., -4.4243466, 9.24450708));
#493 = CARTESIAN_POINT('', (-18., -4.43397709, 9.31281207));
#494 = CARTESIAN_POINT('', (-18., -4.44295216, 9.38124306));
#495 = CARTESIAN_POINT('', (-18., -4.45127291, 9.44980072));
#496 = CARTESIAN_POINT('', (-18., -4.45893625, 9.51844992));
#497 = CARTESIAN_POINT('', (-18., -4.46593865, 9.5871382));
#498 = CARTESIAN_POINT('', (-18., -4.47228096, 9.65584159));
#499 = CARTESIAN_POINT('', (-18., -4.4779683, 9.72458314));
#500 = CARTESIAN_POINT('', (-18., -4.48300485, 9.79339365));
#501 = CARTESIAN_POINT('', (-18., -4.4888504, 9.88518129));
#502 = CARTESIAN_POINT('', (-18., -4.49225949, 9.95407369));
#503 = CARTESIAN_POINT('', (-18., -4.49409986, 10.));
#504 = B_SPLINE_CURVE_WITH_KNOTS('', 3, (#238, #239, #240, #241, #242, #243, #244, #245, #246, #247, #248, #249, #250, #251, #252, #253, #254, #255, #256, #257, #258, #259, #260, #261, #262, #263, #264, #265, #266, #267, #268, #269, #270, #271, #272, #273, #274, #275, #276, #277, #278, #279, #280, #281, #282, #283, #284, #285, #286, #287, #288, #289, #290, #291, #292, #293, #294, #295, #296, #297, #298, #299, #300, #301, #302, #303, #304, #305, #306, #307, #308, #309, #310, #311, #312, #313, #314, #315, #316, #317, #318, #319, #320, #321, #322, #323, #324, #325, #326, #327, #328, #329, #330, #331, #332, #333, #334, #335, #336, #337, #338, #339, #340, #341, #342, #343, #344, #345, #346, #347, #348, #349, #350, #351, #352, #353, #354, #355, #356, #357, #358, #359, #360, #361, #362, #363, #364, #365, #366, #367, #368, #369, #370, #371, #372, #373, #374, #375, #376, #377, #378, #379, #380, #381, #382, #383, #384, #385, #386, #387, #388, #389, #390, #391, #392, #393, #394, #395, #396, #397, #398, #399, #400, #401, #402, #403, #404, #405, #406, #407, #408, #409, #410, #411, #412, #413, #414, #415, #416, #417, #418, #419, #420, #421, #422, #423, #424, #425, #426, #427, #428, #429, #430, #431, #432, #433, #434, #435, #436, #437, #438, #439, #440, #441, #442, #443, #444, #445, #446, #447, #448, #449, #450, #451, #452, #453, #454, #455, #456, #457, #458, #459, #460, #461, #462, #463, #464, #465, #466, #467, #468, #469, #470, #471, #472, #473, #474, #475, #476, #477, #478, #479, #480, #481, #482, #483, #484, #485, #486, #487, #488, #489, #490, #491, #492, #493, #494, #495, #496, #497, #498, #499, #500, #501, #502, #503), .UNSPECIFIED., .F., .F., (4, 1, 1, 1, 1, 1, 1, 1, 1, 1, 1, 1, 1, 1, 1, 1, 1, 1, 1, 1, 1, 1, 1, 1, 1, 1, 1, 1, 1, 1, 1, 1, 1, 1, 1, 1, 1, 1, 1, 1, 1, 1, 1, 1, 1, 1, 1, 1, 1, 1, 1, 1, 1, 1, 1, 1, 1, 1, 1, 1, 1, 1, 1, 1, 1, 1, 1, 1, 1, 1, 1, 1, 1, 1, 1, 1, 1, 1, 1, 1, 1, 1, 1, 1, 1, 1, 1, 1, 1, 1, 1, 1, 1, 1, 1, 1, 1, 1, 1, 1, 1, 1, 1, 1, 1, 1, 1, 1, 1, 1, 1, 1, 1, 1, 1, 1, 1, 1, 1, 1, 1, 1, 1, 1, 1, 1, 1, 1, 1, 1, 1, 1, 1, 1, 1, 1, 1, 1, 1, 1, 1, 1, 1, 1, 1, 1, 1, 1, 1, 1, 1, 1, 1, 1, 1, 1, 1, 1, 1, 1, 1, 1, 1, 1, 1, 1, 1, 1, 1, 1, 1, 1, 1, 1, 1, 1, 1, 1, 1, 1, 1, 1, 1, 1, 1, 1, 1, 1, 1, 1, 1, 1, 1, 1, 1, 1, 1, 1, 1, 1, 1, 1, 1, 1, 1, 1, 1, 1, 1, 1, 1, 1, 1, 1, 1, 1, 1, 1, 1, 1, 1, 1, 1, 1, 1, 1, 1, 1, 1, 1, 1, 1, 1, 1, 1, 1, 1, 1, 1, 1, 1, 1, 1, 1, 1, 1, 1, 1, 1, 1, 1, 1, 1, 1, 1, 1, 1, 1, 1, 1, 1, 1, 1, 4), (0., 0.00892048, 0.01337372, 0.01782636, 0.02228164, 0.02674174, 0.0312081, 0.0356812, 0.0401569, 0.04462708, 0.04908701, 0.05354002, 0.05799347, 0.0624516, 0.06691562, 0.07138629, 0.07586062, 0.0803315, 0.08479446, 0.08925238, 0.09371201, 0.09817702, 0.10264614, 0.10711609, 0.11158348, 0.11604631, 0.1205053, 0.12496302, 0.1294228, 0.13388682, 0.13835402, 0.14282091, 0.14728495, 0.15174692, 0.1562095, 0.16067401, 0.16513952, 0.16960435, 0.17406782, 0.1785309, 0.1829944, 0.18745768, 0.19192017, 0.19638284, 0.20084647, 0.20531003, 0.20977258, 0.21423494, 0.21869805, 0.22316118, 0.22762358, 0.23208619, 0.23655033, 0.24101573, 0.24548107, 0.24994547, 0.25440888, 0.25887166, 0.26333454, 0.26779842, 0.27226373, 0.27673006, 0.28119609, 0.28566048, 0.29012339, 0.29458662, 0.29905138, 0.30351682, 0.30798116, 0.3124439, 0.31690597, 0.32136872, 0.32583399, 0.33030371, 0.33477802, 0.33925483, 0.34373124, 0.34820533, 0.35267513, 0.35713807, 0.3615944, 0.36604844, 0.37050491, 0.37496477, 0.37942547, 0.38388498, 0.38834634, 0.39281655, 0.39729879, 0.401788, 0.40627576, 0.41075772, 0.4152325, 0.41969782, 0.42415281, 0.42860024, 0.43304537, 0.4374931, 0.44194818, 0.446415, 0.45089195, 0.4553705, 0.45984095, 0.46429997, 0.4687543, 0.47246865, 0.47544574, 0.47768251, 0.47991874, 0.48215077, 0.48437918, 0.48660414, 0.48845839, 0.48994192, 0.49105617, 0.49217206, 0.49328965, 0.49440729, 0.49533801, 0.49608176, 0.49663855, 0.49719536, 0.49775208, 0.49821597, 0.49858701, 0.49886527, 0.49914351, 0.49937535, 0.49956082, 0.49969992, 0.49983901, 0.49995471, 0.50004702, 0.50013892, 0.5002538, 0.50039165, 0.50057548, 0.50080527, 0.50108104, 0.50135683, 0.50172459, 0.50218436, 0.50273616, 0.50328803, 0.5038399, 0.50457545, 0.50549473, 0.50659767, 0.50770055, 0.5088057, 0.50991318, 0.51139297, 0.51324655, 0.51547392, 0.51770713, 0.51994236, 0.5221815, 0.52442253, 0.52741688, 0.53116448, 0.53566467, 0.54016308, 0.54465276, 0.54912664, 0.55357933, 0.55801552, 0.56245018, 0.56689748, 0.57136072, 0.57583513, 0.5803172, 0.58480499, 0.58929504, 0.59378199, 0.59826082, 0.60273074, 0.60719516, 0.61165717, 0.61611599, 0.6205709, 0.62502534, 0.62948421, 0.6339494, 0.63841972, 0.64289322, 0.64736648, 0.65183504, 0.65629818, 0.66076014, 0.66522468, 0.66969027, 0.67415359, 0.67861488, 0.683077, 0.68754176, 0.69200908, 0.69647799, 0.7009466, 0.70541276, 0.70987622, 0.71433907, 0.71880362, 0.72327004, 0.72773668, 0.73220201, 0.73666589, 0.7411293, 0.74559315, 0.7500574, 0.75452142, 0.75898495, 0.763448, 0.76791056, 0.77237315, 0.77683696, 0.78130276, 0.78577004, 0.79023735, 0.79470336, 0.79916722, 0.8036286, 0.80808845, 0.81254875, 0.81701065, 0.82147363, 0.82593685, 0.83040073, 0.83486588, 0.83933164, 0.84379619, 0.84825817, 0.85271839, 0.85717933, 0.86164221, 0.86610544, 0.87056755, 0.87503003, 0.87949597, 0.88396674, 0.88844057, 0.89291405, 0.89738411, 0.90184933, 0.90630954, 0.91076481, 0.91521726, 0.91967131, 0.92413067, 0.92859563, 0.93306324, 0.93753012, 0.94199426, 0.94645536, 0.95091485, 0.9553748, 0.9598374, 0.96430397, 0.9687724, 0.97323789, 0.97769839, 0.98215736, 0.98661914, 0.99108316, 1.), .UNSPECIFIED.);
#505 = CARTESIAN_POINT('', (-18., 4.49409986, 10.));
#506 = CARTESIAN_POINT('', (-18.0618311, 4.49607622, 10.));
#507 = CARTESIAN_POINT('', (-18.18538774, 4.49902629, 10.));
#508 = CARTESIAN_POINT('', (-18.30866589, 4.50000001, 10.));
#509 = CARTESIAN_POINT('', (-18.37021907, 4.5, 10.));
#510 = B_SPLINE_CURVE_WITH_KNOTS('', 3, (#505, #506, #507, #508, #509), .UNSPECIFIED., .F., .F., (4, 1, 4), (0., 0.5, 1.), .UNSPECIFIED.);
#511 = CARTESIAN_POINT('', (-18.37021907, -4.5, 10.));
#512 = CARTESIAN_POINT('', (-18.30866589, -4.50000001, 10.));
#513 = CARTESIAN_POINT('', (-18.18538774, -4.49902629, 10.));
#514 = CARTESIAN_POINT('', (-18.0618311, -4.49607622, 10.));
#515 = CARTESIAN_POINT('', (-18., -4.49409986, 10.));
#516 = B_SPLINE_CURVE_WITH_KNOTS('', 3, (#511, #512, #513, #514, #515), .UNSPECIFIED., .F., .F., (4, 1, 4), (0., 0.5, 1.), .UNSPECIFIED.);
#517 = DIRECTION('', (0., 1., 0.));
#518 = VECTOR('', #517, 1.);
#519 = CARTESIAN_POINT('', (-22.45986775, -3.7574973, 10.));
#520 = LINE('', #519, #518);
#521 = CARTESIAN_POINT('', (-18.37021907, 4.5, 10.));
#522 = CARTESIAN_POINT('', (-18.41373354, 4.49999999, 10.));
#523 = CARTESIAN_POINT('', (-18.47902132, 4.49963496, 10.));
#524 = CARTESIAN_POINT('', (-18.56607841, 4.49842096, 10.));
#525 = CARTESIAN_POINT('', (-18.63138991, 4.4971469, 10.));
#526 = CARTESIAN_POINT('', (-18.69667975, 4.49551066, 10.));
#527 = CARTESIAN_POINT('', (-18.76192709, 4.49351377, 10.));
#528 = CARTESIAN_POINT('', (-18.82712707, 4.49115753, 10.));
#529 = CARTESIAN_POINT('', (-18.89229429, 4.4884424, 10.));
#530 = CARTESIAN_POINT('', (-18.96470021, 4.48502595, 10.));
#531 = CARTESIAN_POINT('', (-19.04435569, 4.48075442, 10.));
#532 = CARTESIAN_POINT('', (-19.13125758, 4.47545462, 10.));
#533 = CARTESIAN_POINT('', (-19.21091536, 4.47001004, 10.));
#534 = CARTESIAN_POINT('', (-19.28333133, 4.4645935, 10.));
#535 = CARTESIAN_POINT('', (-19.34850405, 4.45935815, 10.));
#536 = CARTESIAN_POINT('', (-19.41365299, 4.45376393, 10.));
#537 = CARTESIAN_POINT('', (-19.47876132, 4.44781232, 10.));
#538 = CARTESIAN_POINT('', (-19.54381375, 4.44150494, 10.));
#539 = CARTESIAN_POINT('', (-19.60879909, 4.43484324, 10.));
#540 = CARTESIAN_POINT('', (-19.67371344, 4.42782801, 10.));
#541 = CARTESIAN_POINT('', (-19.73856268, 4.42045893, 10.));
#542 = CARTESIAN_POINT('', (-19.80336136, 4.41273436, 10.));
#543 = CARTESIAN_POINT('', (-19.87532767, 4.40375328, 10.));
#544 = CARTESIAN_POINT('', (-19.95445256, 4.39336157, 10.));
#545 = CARTESIAN_POINT('', (-20.04071447, 4.38138557, 10.));
#546 = CARTESIAN_POINT('', (-20.11972713, 4.36982083, 10.));
#547 = CARTESIAN_POINT('', (-20.19150246, 4.35884016, 10.));
#548 = CARTESIAN_POINT('', (-20.25604496, 4.34859828, 10.));
#549 = CARTESIAN_POINT('', (-20.32051155, 4.33799981, 10.));
#550 = CARTESIAN_POINT('', (-20.38489779, 4.32704504, 10.));
#551 = CARTESIAN_POINT('', (-20.44921321, 4.31573172, 10.));
#552 = CARTESIAN_POINT('', (-20.51346769, 4.30405719, 10.));
#553 = CARTESIAN_POINT('', (-20.57765917, 4.29202071, 10.));
#554 = CARTESIAN_POINT('', (-20.64890216, 4.2782455, 10.));
#555 = CARTESIAN_POINT('', (-20.72716333, 4.26257667, 10.));
#556 = CARTESIAN_POINT('', (-20.81241075, 4.24483624, 10.));
#557 = CARTESIAN_POINT('', (-20.89043682, 4.22797781, 10.));
#558 = CARTESIAN_POINT('', (-20.9612716, 4.2121759, 10.));
#559 = CARTESIAN_POINT('', (-21.02493702, 4.19758765, 10.));
#560 = CARTESIAN_POINT('', (-21.08850414, 4.18263425, 10.));
#561 = CARTESIAN_POINT('', (-21.15197173, 4.16731455, 10.));
#562 = CARTESIAN_POINT('', (-21.21534686, 4.1516252, 10.));
#563 = CARTESIAN_POINT('', (-21.28567299, 4.1337767, 10.));
#564 = CARTESIAN_POINT('', (-21.36290918, 4.11360805, 10.));
#565 = CARTESIAN_POINT('', (-21.44699778, 4.09093755, 10.));
#566 = CARTESIAN_POINT('', (-21.52390441, 4.06954413, 10.));
#567 = CARTESIAN_POINT('', (-21.59366973, 4.04960788, 10.));
#568 = CARTESIAN_POINT('', (-21.6563391, 4.03128791, 10.));
#569 = CARTESIAN_POINT('', (-21.71889771, 4.01258561, 10.));
#570 = CARTESIAN_POINT('', (-21.78135044, 3.99349674, 10.));
#571 = CARTESIAN_POINT('', (-21.84369634, 3.97401857, 10.));
#572 = CARTESIAN_POINT('', (-21.90592951, 3.95414984, 10.));
#573 = CARTESIAN_POINT('', (-21.96804276, 3.93388968, 10.));
#574 = CARTESIAN_POINT('', (-22.03002981, 3.91323695, 10.));
#575 = CARTESIAN_POINT('', (-22.09188415, 3.89219052, 10.));
#576 = CARTESIAN_POINT('', (-22.15359787, 3.87074976, 10.));
#577 = CARTESIAN_POINT('', (-22.21516289, 3.84891411, 10.));
#578 = CARTESIAN_POINT('', (-22.27657417, 3.82668193, 10.));
#579 = CARTESIAN_POINT('', (-22.35825332, 3.79650463, 10.));
#580 = CARTESIAN_POINT('', (-22.41928493, 3.7732646, 10.));
#581 = CARTESIAN_POINT('', (-22.45986775, 3.75749733, 10.));
#582 = B_SPLINE_CURVE_WITH_KNOTS('', 3, (#521, #522, #523, #524, #525, #526, #527, #528, #529, #530, #531, #532, #533, #534, #535, #536, #537, #538, #539, #540, #541, #542, #543, #544, #545, #546, #547, #548, #549, #550, #551, #552, #553, #554, #555, #556, #557, #558, #559, #560, #561, #562, #563, #564, #565, #566, #567, #568, #569, #570, #571, #572, #573, #574, #575, #576, #577, #578, #579, #580, #581), .UNSPECIFIED., .F., .F., (4, 1, 1, 1, 1, 1, 1, 1, 1, 1, 1, 1, 1, 1, 1, 1, 1, 1, 1, 1, 1, 1, 1, 1, 1, 1, 1, 1, 1, 1, 1, 1, 1, 1, 1, 1, 1, 1, 1, 1, 1, 1, 1, 1, 1, 1, 1, 1, 1, 1, 1, 1, 1, 1, 1, 1, 1, 1, 4), (0., 0.03123204, 0.04685962, 0.06249013, 0.07811742, 0.09373524, 0.10934247, 0.12494438, 0.14054873, 0.16136866, 0.18219808, 0.20303664, 0.21867526, 0.23431886, 0.24996418, 0.26560711, 0.28124433, 0.29687365, 0.31249391, 0.32810702, 0.34371787, 0.35933159, 0.38016054, 0.40099629, 0.4218381, 0.43747494, 0.45311143, 0.46874223, 0.4843661, 0.49998789, 0.51561249, 0.53123893, 0.54686342, 0.56769324, 0.58852446, 0.60935875, 0.62498754, 0.64061483, 0.656238, 0.67185733, 0.68747607, 0.70309779, 0.72393319, 0.74477001, 0.76560539, 0.78122759, 0.79684744, 0.81246795, 0.8280917, 0.84371909, 0.85934884, 0.87497986, 0.89061162, 0.90624355, 0.92187448, 0.93750281, 0.95312792, 0.96875097, 1.), .UNSPECIFIED.);
#583 = CARTESIAN_POINT('', (-18.37021907, -4.5, 10.));
#584 = CARTESIAN_POINT('', (-18.42374337, -4.49999999, 10.));
#585 = CARTESIAN_POINT('', (-18.50405282, -4.49944769, 10.));
#586 = CARTESIAN_POINT('', (-18.6111504, -4.49761162, 10.));
#587 = CARTESIAN_POINT('', (-18.69152533, -4.49568416, 10.));
#588 = CARTESIAN_POINT('', (-18.77189307, -4.49320812, 10.));
#589 = CARTESIAN_POINT('', (-18.85220663, -4.49018626, 10.));
#590 = CARTESIAN_POINT('', (-18.93244661, -4.48662122, 10.));
#591 = CARTESIAN_POINT('', (-19.01263816, -4.48251353, 10.));
#592 = CARTESIAN_POINT('', (-19.09282218, -4.47786171, 10.));
#593 = CARTESIAN_POINT('', (-19.17301978, -4.47266428, 10.));
#594 = CARTESIAN_POINT('', (-19.25322821, -4.46692083, 10.));
#595 = CARTESIAN_POINT('', (-19.33343278, -4.46063183, 10.));
#596 = CARTESIAN_POINT('', (-19.41360856, -4.45379882, 10.));
#597 = CARTESIAN_POINT('', (-19.49371966, -4.44642488, 10.));
#598 = CARTESIAN_POINT('', (-19.57373619, -4.43851333, 10.));
#599 = CARTESIAN_POINT('', (-19.65365283, -4.43006544, 10.));
#600 = CARTESIAN_POINT('', (-19.7334845, -4.42108005, 10.));
#601 = CARTESIAN_POINT('', (-19.81325036, -4.41155478, 10.));
#602 = CARTESIAN_POINT('', (-19.89296411, -4.40148729, 10.));
#603 = CARTESIAN_POINT('', (-19.97263076, -4.39087576, 10.));
#604 = CARTESIAN_POINT('', (-20.05224266, -4.37971987, 10.));
#605 = CARTESIAN_POINT('', (-20.13177831, -4.36802136, 10.));
#606 = CARTESIAN_POINT('', (-20.21121297, -4.35578288, 10.));
#607 = CARTESIAN_POINT('', (-20.29053443, -4.34300557, 10.));
#608 = CARTESIAN_POINT('', (-20.36974924, -4.32968742, 10.));
#609 = CARTESIAN_POINT('', (-20.44887524, -4.31582399, 10.));
#610 = CARTESIAN_POINT('', (-20.52792659, -4.30141071, 10.));
#611 = CARTESIAN_POINT('', (-20.60690517, -4.28644474, 10.));
#612 = CARTESIAN_POINT('', (-20.68580357, -4.2709248, 10.));
#613 = CARTESIAN_POINT('', (-20.76461091, -4.25485032, 10.));
#614 = CARTESIAN_POINT('', (-20.84331458, -4.2382211, 10.));
#615 = CARTESIAN_POINT('', (-20.92189737, -4.2210381, 10.));
#616 = CARTESIAN_POINT('', (-21.00033905, -4.20330316, 10.));
#617 = CARTESIAN_POINT('', (-21.07862533, -4.18501714, 10.));
#618 = CARTESIAN_POINT('', (-21.15675596, -4.16617755, 10.));
#619 = CARTESIAN_POINT('', (-21.23474171, -4.14677886, 10.));
#620 = CARTESIAN_POINT('', (-21.31258985, -4.12681574, 10.));
#621 = CARTESIAN_POINT('', (-21.39029365, -4.10628605, 10.));
#622 = CARTESIAN_POINT('', (-21.46783742, -4.08519006, 10.));
#623 = CARTESIAN_POINT('', (-21.54521064, -4.06352678, 10.));
#624 = CARTESIAN_POINT('', (-21.62241535, -4.04129148, 10.));
#625 = CARTESIAN_POINT('', (-21.6994611, -4.01847679, 10.));
#626 = CARTESIAN_POINT('', (-21.77635408, -3.99507561, 10.));
#627 = CARTESIAN_POINT('', (-21.85309074, -3.97108333, 10.));
#628 = CARTESIAN_POINT('', (-21.9381703, -3.94376487, 10.));
#629 = CARTESIAN_POINT('', (-22.03149669, -3.91286674, 10.));
#630 = CARTESIAN_POINT('', (-22.13295684, -3.87809635, 10.));
#631 = CARTESIAN_POINT('', (-22.22561423, -3.84524396, 10.));
#632 = CARTESIAN_POINT('', (-22.33472232, -3.80540356, 10.));
#633 = CARTESIAN_POINT('', (-22.4099096, -3.7769071, 10.));
#634 = CARTESIAN_POINT('', (-22.45986775, -3.75749733, 10.));
#635 = B_SPLINE_CURVE_WITH_KNOTS('', 3, (#583, #584, #585, #586, #587, #588, #589, #590, #591, #592, #593, #594, #595, #596, #597, #598, #599, #600, #601, #602, #603, #604, #605, #606, #607, #608, #609, #610, #611, #612, #613, #614, #615, #616, #617, #618, #619, #620, #621, #622, #623, #624, #625, #626, #627, #628, #629, #630, #631, #632, #633, #634), .UNSPECIFIED., .F., .F., (4, 1, 1, 1, 1, 1, 1, 1, 1, 1, 1, 1, 1, 1, 1, 1, 1, 1, 1, 1, 1, 1, 1, 1, 1, 1, 1, 1, 1, 1, 1, 1, 1, 1, 1, 1, 1, 1, 1, 1, 1, 1, 1, 1, 1, 1, 1, 1, 1, 4), (0., 0.03841649, 0.05764126, 0.07687899, 0.09612098, 0.11535137, 0.13456364, 0.15376886, 0.17298313, 0.19221131, 0.21145025, 0.23069895, 0.24995365, 0.26920383, 0.28844057, 0.30766437, 0.32688241, 0.34610037, 0.36532189, 0.38455026, 0.40378493, 0.42302043, 0.44224998, 0.46147068, 0.48068611, 0.49990317, 0.51912727, 0.5383594, 0.55759762, 0.57684059, 0.59608682, 0.61533311, 0.63457481, 0.65380815, 0.67303433, 0.69225908, 0.71148688, 0.73071651, 0.74994344, 0.76916556, 0.78838552, 0.80760824, 0.82683743, 0.84607339, 0.86531398, 0.89097254, 0.91663225, 0.94229117, 0.96153194, 1.), .UNSPECIFIED.);
#636 = DIRECTION('', (-0.32441506, -0.8349994, 0.44444445));
#637 = DIRECTION('', (-0.80771242, 0., -0.58957666));
#638 = CARTESIAN_POINT('', (-21., -0., 8.));
#639 = AXIS2_PLACEMENT_3D('', #638, #637, #636);
#640 = CIRCLE('', #639, 4.5);
#641 = DIRECTION('', (-0.58957666, 0., 0.80771242));
#642 = DIRECTION('', (-0.80771242, -0., -0.58957666));
#643 = CARTESIAN_POINT('', (-21., -0., 8.));
#644 = AXIS2_PLACEMENT_3D('', #643, #642, #641);
#645 = CIRCLE('', #644, 4.5);
#646 = CARTESIAN_POINT('', (-18.37021907, -4.5, 10.));
#647 = CARTESIAN_POINT('', (-12.44271497, -4.5, 14.69478625));
#648 = CARTESIAN_POINT('', (-4.34321276, -4.5, 23.90350322));
#649 = CARTESIAN_POINT('', (0.71860596, -4.5, 31.15252717));
#650 = CARTESIAN_POINT('', (4.19019658, -4.5, 37.34276485));
#651 = CARTESIAN_POINT('', (6.4598701, -4.5, 42.15493921));
#652 = CARTESIAN_POINT('', (8.22923811, -4.5, 46.52778868));
#653 = CARTESIAN_POINT('', (9.74487447, -4.5, 50.97529161));
#654 = CARTESIAN_POINT('', (11.0032686, -4.5, 55.47571291));
#655 = CARTESIAN_POINT('', (12.00326678, -4.5, 60.00648243));
#656 = CARTESIAN_POINT('', (12.74648481, -4.5, 64.5486367));
#657 = CARTESIAN_POINT('', (13.17526337, -4.5, 68.51237099));
#658 = CARTESIAN_POINT('', (13.36542504, -4.5, 71.33801557));
#659 = CARTESIAN_POINT('', (13.47978334, -4.5, 74.16774188));
#660 = CARTESIAN_POINT('', (13.47911362, -4.5, 78.15460031));
#661 = CARTESIAN_POINT('', (13.22793383, -4.5, 82.75029908));
#662 = CARTESIAN_POINT('', (12.7202361, -4.5, 87.36225222));
#663 = CARTESIAN_POINT('', (11.95237766, -4.5, 91.97177942));
#664 = CARTESIAN_POINT('', (10.92308195, -4.5, 96.55631716));
#665 = CARTESIAN_POINT('', (9.63350532, -4.5, 101.09387904));
#666 = CARTESIAN_POINT('', (8.08731049, -4.5, 105.56238811));
#667 = CARTESIAN_POINT('', (6.29063449, -4.5, 109.94025461));
#668 = CARTESIAN_POINT('', (4.25201524, -4.5, 114.2066737));
#669 = CARTESIAN_POINT('', (1.98225566, -4.5, 118.34196369));
#670 = CARTESIAN_POINT('', (-0.50576369, -4.5, 122.32786462));
#671 = CARTESIAN_POINT('', (-3.19731824, -4.5, 126.14780159));
#672 = CARTESIAN_POINT('', (-6.07611044, -4.5, 129.78710236));
#673 = CARTESIAN_POINT('', (-10.62783177, -4.5, 134.9324952));
#674 = CARTESIAN_POINT('', (-14., -4.5, 138.));
#675 = (
  BOUNDED_CURVE()
  B_SPLINE_CURVE(2, (#646, #647, #648, #649, #650, #651, #652, #653, #654, #655, #656, #657, #658, #659, #660, #661, #662, #663, #664, #665, #666, #667, #668, #669, #670, #671, #672, #673, #674), .UNSPECIFIED., .F., .F.)
  B_SPLINE_CURVE_WITH_KNOTS((3, 1, 1, 1, 1, 1, 1, 1, 1, 1, 1, 1, 1, 1, 1, 1, 1, 1, 1, 1, 1, 1, 1, 1, 1, 1, 1, 3), (0.02282884, 0.125, 0.1875, 0.2421875, 0.28125, 0.3125, 0.34375, 0.375, 0.40625, 0.4375, 0.46875, 0.4921875, 0.5078125, 0.53125, 0.5625, 0.59375, 0.625, 0.65625, 0.6875, 0.71875, 0.75, 0.78125, 0.8125, 0.84375, 0.875, 0.90625, 0.9375, 1.), .UNSPECIFIED.)
  CURVE()
  GEOMETRIC_REPRESENTATION_ITEM()
  RATIONAL_B_SPLINE_CURVE((0.99157903, 0.97363643, 0.95772418, 0.95206224, 0.95149605, 0.9531946, 0.95621447, 0.96074304, 0.96678817, 0.97430406, 0.98355763, 0.99181371, 1.00204657, 0.99181371, 0.98355763, 0.97430406, 0.96678817, 0.96074304, 0.95621447, 0.9531946, 0.95168478, 0.95168478, 0.95319463, 0.95621433, 0.96074388, 0.96678328, 0.97433254, 0.98792119, 1.))
  REPRESENTATION_ITEM('')
);
#676 = CARTESIAN_POINT('', (-18.37021907, 4.5, 10.));
#677 = CARTESIAN_POINT('', (-12.44271497, 4.5, 14.69478625));
#678 = CARTESIAN_POINT('', (-4.34321276, 4.5, 23.90350322));
#679 = CARTESIAN_POINT('', (0.71860596, 4.5, 31.15252717));
#680 = CARTESIAN_POINT('', (4.19019658, 4.5, 37.34276485));
#681 = CARTESIAN_POINT('', (6.4598701, 4.5, 42.15493921));
#682 = CARTESIAN_POINT('', (8.22923811, 4.5, 46.52778868));
#683 = CARTESIAN_POINT('', (9.74487447, 4.5, 50.97529161));
#684 = CARTESIAN_POINT('', (11.0032686, 4.5, 55.47571291));
#685 = CARTESIAN_POINT('', (12.00326678, 4.5, 60.00648243));
#686 = CARTESIAN_POINT('', (12.74648481, 4.5, 64.5486367));
#687 = CARTESIAN_POINT('', (13.17526337, 4.5, 68.51237099));
#688 = CARTESIAN_POINT('', (13.36542504, 4.5, 71.33801557));
#689 = CARTESIAN_POINT('', (13.47978334, 4.5, 74.16774188));
#690 = CARTESIAN_POINT('', (13.47911362, 4.5, 78.15460031));
#691 = CARTESIAN_POINT('', (13.22793383, 4.5, 82.75029908));
#692 = CARTESIAN_POINT('', (12.7202361, 4.5, 87.36225222));
#693 = CARTESIAN_POINT('', (11.95237766, 4.5, 91.97177942));
#694 = CARTESIAN_POINT('', (10.92308195, 4.5, 96.55631716));
#695 = CARTESIAN_POINT('', (9.63350532, 4.5, 101.09387904));
#696 = CARTESIAN_POINT('', (8.08731049, 4.5, 105.56238811));
#697 = CARTESIAN_POINT('', (6.29063449, 4.5, 109.94025461));
#698 = CARTESIAN_POINT('', (4.25201524, 4.5, 114.2066737));
#699 = CARTESIAN_POINT('', (1.98225566, 4.5, 118.34196369));
#700 = CARTESIAN_POINT('', (-0.50576369, 4.5, 122.32786462));
#701 = CARTESIAN_POINT('', (-3.19731824, 4.5, 126.14780159));
#702 = CARTESIAN_POINT('', (-6.07611044, 4.5, 129.78710236));
#703 = CARTESIAN_POINT('', (-10.62783177, 4.5, 134.9324952));
#704 = CARTESIAN_POINT('', (-14., 4.5, 138.));
#705 = (
  BOUNDED_CURVE()
  B_SPLINE_CURVE(2, (#676, #677, #678, #679, #680, #681, #682, #683, #684, #685, #686, #687, #688, #689, #690, #691, #692, #693, #694, #695, #696, #697, #698, #699, #700, #701, #702, #703, #704), .UNSPECIFIED., .F., .F.)
  B_SPLINE_CURVE_WITH_KNOTS((3, 1, 1, 1, 1, 1, 1, 1, 1, 1, 1, 1, 1, 1, 1, 1, 1, 1, 1, 1, 1, 1, 1, 1, 1, 1, 1, 3), (0.02282884, 0.125, 0.1875, 0.2421875, 0.28125, 0.3125, 0.34375, 0.375, 0.40625, 0.4375, 0.46875, 0.4921875, 0.5078125, 0.53125, 0.5625, 0.59375, 0.625, 0.65625, 0.6875, 0.71875, 0.75, 0.78125, 0.8125, 0.84375, 0.875, 0.90625, 0.9375, 1.), .UNSPECIFIED.)
  CURVE()
  GEOMETRIC_REPRESENTATION_ITEM()
  RATIONAL_B_SPLINE_CURVE((0.99157903, 0.97363643, 0.95772418, 0.95206224, 0.95149605, 0.9531946, 0.95621447, 0.96074304, 0.96678817, 0.97430406, 0.98355763, 0.99181371, 1.00204657, 0.99181371, 0.98355763, 0.97430406, 0.96678817, 0.96074304, 0.95621447, 0.9531946, 0.95168478, 0.95168478, 0.95319463, 0.95621433, 0.96074388, 0.96678328, 0.97433254, 0.98792119, 1.))
  REPRESENTATION_ITEM('')
);
#706 = DIRECTION('', (0., -1., 0.));
#707 = VECTOR('', #706, 1.);
#708 = CARTESIAN_POINT('', (-18., -4.49409986, 10.));
#709 = LINE('', #708, #707);
#710 = CARTESIAN_POINT('', (-14., 4.5, 138.));
#711 = CARTESIAN_POINT('', (-13.94560933, 4.49999999, 138.));
#712 = CARTESIAN_POINT('', (-13.86396181, 4.49932978, 138.));
#713 = CARTESIAN_POINT('', (-13.75503569, 4.49708609, 138.));
#714 = CARTESIAN_POINT('', (-13.67316886, 4.4947197, 138.));
#715 = CARTESIAN_POINT('', (-13.59119914, 4.49166585, 138.));
#716 = CARTESIAN_POINT('', (-13.50913853, 4.48791953, 138.));
#717 = CARTESIAN_POINT('', (-13.42699866, 4.4834758, 138.));
#718 = CARTESIAN_POINT('', (-13.34479242, 4.47832983, 138.));
#719 = CARTESIAN_POINT('', (-13.26253534, 4.47247706, 138.));
#720 = CARTESIAN_POINT('', (-13.18023957, 4.46591284, 138.));
#721 = CARTESIAN_POINT('', (-13.09790871, 4.4586318, 138.));
#722 = CARTESIAN_POINT('', (-13.0155605, 4.45062961, 138.));
#723 = CARTESIAN_POINT('', (-12.93326092, 4.44190737, 138.));
#724 = CARTESIAN_POINT('', (-12.85111464, 4.43247288, 138.));
#725 = CARTESIAN_POINT('', (-12.7691993, 4.42233417, 138.));
#726 = CARTESIAN_POINT('', (-12.68751987, 4.41149177, 138.));
#727 = CARTESIAN_POINT('', (-12.60604259, 4.39994011, 138.));
#728 = CARTESIAN_POINT('', (-12.52475146, 4.38767465, 138.));
#729 = CARTESIAN_POINT('', (-12.44365537, 4.37469418, 138.));
#730 = CARTESIAN_POINT('', (-12.36275005, 4.36099527, 138.));
#731 = CARTESIAN_POINT('', (-12.28199816, 4.34656789, 138.));
#732 = CARTESIAN_POINT('', (-12.2013472, 4.33139718, 138.));
#733 = CARTESIAN_POINT('', (-12.12075995, 4.31546881, 138.));
#734 = CARTESIAN_POINT('', (-12.04023072, 4.29877321, 138.));
#735 = CARTESIAN_POINT('', (-11.95977757, 4.28130539, 138.));
#736 = CARTESIAN_POINT('', (-11.87942092, 4.26306118, 138.));
#737 = CARTESIAN_POINT('', (-11.79917133, 4.24403425, 138.));
#738 = CARTESIAN_POINT('', (-11.71905792, 4.22422264, 138.));
#739 = CARTESIAN_POINT('', (-11.63916384, 4.20363906, 138.));
#740 = CARTESIAN_POINT('', (-11.55959791, 4.1823064, 138.));
#741 = CARTESIAN_POINT('', (-11.48040595, 4.16023421, 138.));
#742 = CARTESIAN_POINT('', (-11.40152565, 4.13740163, 138.));
#743 = CARTESIAN_POINT('', (-11.32285541, 4.11377206, 138.));
#744 = CARTESIAN_POINT('', (-11.24434501, 4.08931981, 138.));
#745 = CARTESIAN_POINT('', (-11.1660074, 4.06403717, 138.));
#746 = CARTESIAN_POINT('', (-11.08787985, 4.03792472, 138.));
#747 = CARTESIAN_POINT('', (-11.01000545, 4.01098586, 138.));
#748 = CARTESIAN_POINT('', (-10.93243771, 3.98322907, 138.));
#749 = CARTESIAN_POINT('', (-10.85522432, 3.95466257, 138.));
#750 = CARTESIAN_POINT('', (-10.77837931, 3.92528319, 138.));
#751 = CARTESIAN_POINT('', (-10.70188304, 3.89507412, 138.));
#752 = CARTESIAN_POINT('', (-10.62571161, 3.86401474, 138.));
#753 = CARTESIAN_POINT('', (-10.5498676, 3.83209349, 138.));
#754 = CARTESIAN_POINT('', (-10.4743836, 3.79931123, 138.));
#755 = CARTESIAN_POINT('', (-10.39929791, 3.76567232, 138.));
#756 = CARTESIAN_POINT('', (-10.32462949, 3.73117326, 138.));
#757 = CARTESIAN_POINT('', (-10.25037584, 3.69580006, 138.));
#758 = CARTESIAN_POINT('', (-10.1765326, 3.65953642, 138.));
#759 = CARTESIAN_POINT('', (-10.10311274, 3.62237337, 138.));
#760 = CARTESIAN_POINT('', (-10.03014786, 3.58431128, 138.));
#761 = CARTESIAN_POINT('', (-9.95767334, 3.54535334, 138.));
#762 = CARTESIAN_POINT('', (-9.88571332, 3.50549737, 138.));
#763 = CARTESIAN_POINT('', (-9.81427862, 3.46473356, 138.));
#764 = CARTESIAN_POINT('', (-9.74337692, 3.42304938, 138.));
#765 = CARTESIAN_POINT('', (-9.67302355, 3.38043585, 138.));
#766 = CARTESIAN_POINT('', (-9.60324207, 3.33688858, 138.));
#767 = CARTESIAN_POINT('', (-9.53405696, 3.29240375, 138.));
#768 = CARTESIAN_POINT('', (-9.46548974, 3.24697549, 138.));
#769 = CARTESIAN_POINT('', (-9.39756242, 3.20059787, 138.));
#770 = CARTESIAN_POINT('', (-9.3302996, 3.1532665, 138.));
#771 = CARTESIAN_POINT('', (-9.26372306, 3.10497472, 138.));
#772 = CARTESIAN_POINT('', (-9.19784476, 3.05570802, 138.));
#773 = CARTESIAN_POINT('', (-9.13266999, 3.00544504, 138.));
#774 = CARTESIAN_POINT('', (-9.06820956, 2.95416635, 138.));
#775 = CARTESIAN_POINT('', (-9.00448978, 2.90186325, 138.));
#776 = CARTESIAN_POINT('', (-8.94155367, 2.84854074, 138.));
#777 = CARTESIAN_POINT('', (-8.87945318, 2.79421284, 138.));
#778 = CARTESIAN_POINT('', (-8.81824454, 2.73889963, 138.));
#779 = CARTESIAN_POINT('', (-8.75798643, 2.68262637, 138.));
#780 = CARTESIAN_POINT('', (-8.69873195, 2.62541646, 138.));
#781 = CARTESIAN_POINT('', (-8.64051418, 2.56727628, 138.));
#782 = CARTESIAN_POINT('', (-8.58333675, 2.50818189, 138.));
#783 = CARTESIAN_POINT('', (-8.52718687, 2.44808742, 138.));
#784 = CARTESIAN_POINT('', (-8.47206292, 2.38695203, 138.));
#785 = CARTESIAN_POINT('', (-8.41799613, 2.32476681, 138.));
#786 = CARTESIAN_POINT('', (-8.36505469, 2.2615663, 138.));
#787 = CARTESIAN_POINT('', (-8.31332443, 2.19741292, 138.));
#788 = CARTESIAN_POINT('', (-8.2628773, 2.13236108, 138.));
#789 = CARTESIAN_POINT('', (-8.21374892, 2.06642401, 138.));
#790 = CARTESIAN_POINT('', (-8.16594691, 1.99957565, 138.));
#791 = CARTESIAN_POINT('', (-8.11948271, 1.931789, 138.));
#792 = CARTESIAN_POINT('', (-8.07438698, 1.86306083, 138.));
#793 = CARTESIAN_POINT('', (-8.03069514, 1.79339464, 138.));
#794 = CARTESIAN_POINT('', (-7.98842908, 1.72277046, 138.));
#795 = CARTESIAN_POINT('', (-7.94760385, 1.65114953, 138.));
#796 = CARTESIAN_POINT('', (-7.90825246, 1.57851626, 138.));
#797 = CARTESIAN_POINT('', (-7.87043818, 1.50490996, 138.));
#798 = CARTESIAN_POINT('', (-7.83424495, 1.43042139, 138.));
#799 = CARTESIAN_POINT('', (-7.79975564, 1.3551598, 138.));
#800 = CARTESIAN_POINT('', (-7.76704317, 1.27923622, 138.));
#801 = CARTESIAN_POINT('', (-7.73617175, 1.20276575, 138.));
#802 = CARTESIAN_POINT('', (-7.70718757, 1.12584487, 138.));
#803 = CARTESIAN_POINT('', (-7.68010263, 1.0484959, 138.));
#804 = CARTESIAN_POINT('', (-7.65489189, 0.97062361, 138.));
#805 = CARTESIAN_POINT('', (-7.63152366, 0.8920642, 138.));
#806 = CARTESIAN_POINT('', (-7.61000089, 0.81270951, 138.));
#807 = CARTESIAN_POINT('', (-7.59037638, 0.73260718, 138.));
#808 = CARTESIAN_POINT('', (-7.57370681, 0.65642047, 138.));
#809 = CARTESIAN_POINT('', (-7.56055372, 0.58891971, 138.));
#810 = CARTESIAN_POINT('', (-7.55107107, 0.53484339, 138.));
#811 = CARTESIAN_POINT('', (-7.54384878, 0.48977684, 138.));
#812 = CARTESIAN_POINT('', (-7.53787011, 0.44920653, 138.));
#813 = CARTESIAN_POINT('', (-7.53240513, 0.4085736, 138.));
#814 = CARTESIAN_POINT('', (-7.52745006, 0.36783759, 138.));
#815 = CARTESIAN_POINT('', (-7.52300533, 0.32697499, 138.));
#816 = CARTESIAN_POINT('', (-7.51929263, 0.2882567, 138.));
#817 = CARTESIAN_POINT('', (-7.51641396, 0.2540144, 138.));
#818 = CARTESIAN_POINT('', (-7.51437289, 0.22657684, 138.));
#819 = CARTESIAN_POINT('', (-7.51284309, 0.20369761, 138.));
#820 = CARTESIAN_POINT('', (-7.51159922, 0.18310892, 138.));
#821 = CARTESIAN_POINT('', (-7.5104889, 0.16253748, 138.));
#822 = CARTESIAN_POINT('', (-7.50951224, 0.14199582, 138.));
#823 = CARTESIAN_POINT('', (-7.50871498, 0.12261164, 138.));
#824 = CARTESIAN_POINT('', (-7.50811223, 0.10551393, 138.));
#825 = CARTESIAN_POINT('', (-7.50769586, 0.09183852, 138.));
#826 = CARTESIAN_POINT('', (-7.50739174, 0.08045263, 138.));
#827 = CARTESIAN_POINT('', (-7.50715119, 0.07022238, 138.));
#828 = CARTESIAN_POINT('', (-7.50694349, 0.06000207, 138.));
#829 = CARTESIAN_POINT('', (-7.5067782, 0.05035416, 138.));
#830 = CARTESIAN_POINT('', (-7.50665723, 0.04184147, 138.));
#831 = CARTESIAN_POINT('', (-7.50657675, 0.03503225, 138.));
#832 = CARTESIAN_POINT('', (-7.50652025, 0.02935877, 138.));
#833 = CARTESIAN_POINT('', (-7.50647754, 0.02425327, 138.));
#834 = CARTESIAN_POINT('', (-7.50644488, 0.01943156, 138.));
#835 = CARTESIAN_POINT('', (-7.50642228, 0.01517745, 138.));
#836 = CARTESIAN_POINT('', (-7.50640827, 0.01177442, 138.));
#837 = CARTESIAN_POINT('', (-7.50639923, 0.00893877, 138.));
#838 = CARTESIAN_POINT('', (-7.50639313, 0.00638685, 138.));
#839 = CARTESIAN_POINT('', (-7.50638906, 0.00383507, 138.));
#840 = CARTESIAN_POINT('', (-7.50638736, 0.00170616, 138.));
#841 = CARTESIAN_POINT('', (-7.5063871, 0.00042784, 138.));
#842 = CARTESIAN_POINT('', (-7.5063871, 0.00000006, 138.));
#843 = B_SPLINE_CURVE_WITH_KNOTS('', 3, (#710, #711, #712, #713, #714, #715, #716, #717, #718, #719, #720, #721, #722, #723, #724, #725, #726, #727, #728, #729, #730, #731, #732, #733, #734, #735, #736, #737, #738, #739, #740, #741, #742, #743, #744, #745, #746, #747, #748, #749, #750, #751, #752, #753, #754, #755, #756, #757, #758, #759, #760, #761, #762, #763, #764, #765, #766, #767, #768, #769, #770, #771, #772, #773, #774, #775, #776, #777, #778, #779, #780, #781, #782, #783, #784, #785, #786, #787, #788, #789, #790, #791, #792, #793, #794, #795, #796, #797, #798, #799, #800, #801, #802, #803, #804, #805, #806, #807, #808, #809, #810, #811, #812, #813, #814, #815, #816, #817, #818, #819, #820, #821, #822, #823, #824, #825, #826, #827, #828, #829, #830, #831, #832, #833, #834, #835, #836, #837, #838, #839, #840, #841, #842), .UNSPECIFIED., .F., .F., (4, 1, 1, 1, 1, 1, 1, 1, 1, 1, 1, 1, 1, 1, 1, 1, 1, 1, 1, 1, 1, 1, 1, 1, 1, 1, 1, 1, 1, 1, 1, 1, 1, 1, 1, 1, 1, 1, 1, 1, 1, 1, 1, 1, 1, 1, 1, 1, 1, 1, 1, 1, 1, 1, 1, 1, 1, 1, 1, 1, 1, 1, 1, 1, 1, 1, 1, 1, 1, 1, 1, 1, 1, 1, 1, 1, 1, 1, 1, 1, 1, 1, 1, 1, 1, 1, 1, 1, 1, 1, 1, 1, 1, 1, 1, 1, 1, 1, 1, 1, 1, 1, 1, 1, 1, 1, 1, 1, 1, 1, 1, 1, 1, 1, 1, 1, 1, 1, 1, 1, 1, 1, 1, 1, 1, 1, 1, 1, 1, 1, 4), (0., 0.00935393, 0.01404146, 0.01873656, 0.02343887, 0.028148, 0.03286365, 0.03758554, 0.0423131, 0.04704558, 0.05178331, 0.05652721, 0.06127412, 0.06601604, 0.07074717, 0.07546899, 0.08018607, 0.08489935, 0.08960726, 0.09431008, 0.09901106, 0.10371446, 0.10842326, 0.11313815, 0.11785795, 0.12258151, 0.12730915, 0.13204144, 0.136774, 0.14149756, 0.14620801, 0.15091208, 0.15561981, 0.16033438, 0.16505354, 0.1697761, 0.17450088, 0.17922457, 0.18394407, 0.18865919, 0.1933728, 0.19808808, 0.20280581, 0.20752412, 0.21224068, 0.21695519, 0.22166944, 0.22638526, 0.23110291, 0.23582101, 0.2405379, 0.24525311, 0.24996751, 0.25468215, 0.25939737, 0.26411268, 0.26882764, 0.27354249, 0.27825749, 0.28297224, 0.28768659, 0.29240156, 0.29711904, 0.30184065, 0.3065666, 0.31129572, 0.31602609, 0.32075593, 0.325483, 0.33020467, 0.33492024, 0.33963217, 0.34434526, 0.34906368, 0.35378816, 0.35851587, 0.36324145, 0.36796024, 0.37267225, 0.37738174, 0.3820926, 0.3868048, 0.39151764, 0.39623388, 0.40095842, 0.40569426, 0.41043949, 0.41518862, 0.41993553, 0.42467587, 0.42940489, 0.43411666, 0.43881117, 0.4434978, 0.44819193, 0.45290527, 0.45763664, 0.46237363, 0.46631625, 0.46946247, 0.47181507, 0.47416535, 0.4765148, 0.47886574, 0.48122247, 0.4835835, 0.48555477, 0.48713199, 0.48831512, 0.48949823, 0.4906792, 0.49185806, 0.49303489, 0.49401564, 0.49480029, 0.49538784, 0.49597445, 0.49656014, 0.49714586, 0.49763391, 0.49802427, 0.49831697, 0.49860966, 0.49890233, 0.49914621, 0.49934128, 0.49948758, 0.49963388, 0.49978016, 0.49992643, 0.5), .UNSPECIFIED.);
#844 = DIRECTION('', (0., 1., 0.));
#845 = VECTOR('', #844, 1.);
#846 = CARTESIAN_POINT('', (-14., -4.5, 138.));
#847 = LINE('', #846, #845);
#848 = CARTESIAN_POINT('', (-7.5063871, 0.00000006, 138.));
#849 = CARTESIAN_POINT('', (-7.5063871, -0.00042284, 138.));
#850 = CARTESIAN_POINT('', (-7.50638736, -0.00169659, 138.));
#851 = CARTESIAN_POINT('', (-7.50638927, -0.00410506, 138.));
#852 = CARTESIAN_POINT('', (-7.50639514, -0.0075091, 138.));
#853 = CARTESIAN_POINT('', (-7.50640756, -0.01176454, 138.));
#854 = CARTESIAN_POINT('', (-7.50642868, -0.01658768, 138.));
#855 = CARTESIAN_POINT('', (-7.50645919, -0.0216949, 138.));
#856 = CARTESIAN_POINT('', (-7.50650214, -0.02737008, 138.));
#857 = CARTESIAN_POINT('', (-7.50656635, -0.03418114, 138.));
#858 = CARTESIAN_POINT('', (-7.50666699, -0.04269596, 138.));
#859 = CARTESIAN_POINT('', (-7.50680928, -0.05234724, 138.));
#860 = CARTESIAN_POINT('', (-7.50699254, -0.06256657, 138.));
#861 = CARTESIAN_POINT('', (-7.50723262, -0.07393186, 138.));
#862 = CARTESIAN_POINT('', (-7.50757199, -0.08758837, 138.));
#863 = CARTESIAN_POINT('', (-7.5080788, -0.10468076, 138.));
#864 = CARTESIAN_POINT('', (-7.50876732, -0.12406078, 138.));
#865 = CARTESIAN_POINT('', (-7.50962833, -0.14459079, 138.));
#866 = CARTESIAN_POINT('', (-7.5106218, -0.165135, 138.));
#867 = CARTESIAN_POINT('', (-7.51187409, -0.1879925, 138.));
#868 = CARTESIAN_POINT('', (-7.51358377, -0.21543456, 138.));
#869 = CARTESIAN_POINT('', (-7.51605167, -0.24972445, 138.));
#870 = CARTESIAN_POINT('', (-7.51930272, -0.28852197, 138.));
#871 = CARTESIAN_POINT('', (-7.52326545, -0.32950672, 138.));
#872 = CARTESIAN_POINT('', (-7.52774176, -0.37036087, 138.));
#873 = CARTESIAN_POINT('', (-7.53272913, -0.41109599, 138.));
#874 = CARTESIAN_POINT('', (-7.53822731, -0.45173426, 138.));
#875 = CARTESIAN_POINT('', (-7.54423968, -0.49231198, 138.));
#876 = CARTESIAN_POINT('', (-7.55150005, -0.53738863, 138.));
#877 = CARTESIAN_POINT('', (-7.56102907, -0.5914778, 138.));
#878 = CARTESIAN_POINT('', (-7.57423662, -0.6589723, 138.));
#879 = CARTESIAN_POINT('', (-7.59095049, -0.73507414, 138.));
#880 = CARTESIAN_POINT('', (-7.61058963, -0.81497861, 138.));
#881 = CARTESIAN_POINT('', (-7.63210674, -0.89410585, 138.));
#882 = CARTESIAN_POINT('', (-7.65550087, -0.97258367, 138.));
#883 = CARTESIAN_POINT('', (-7.68081604, -1.05061951, 138.));
#884 = CARTESIAN_POINT('', (-7.70807507, -1.12829347, 138.));
#885 = CARTESIAN_POINT('', (-7.73725032, -1.20553292, 138.));
#886 = CARTESIAN_POINT('', (-7.76828267, -1.28220636, 138.));
#887 = CARTESIAN_POINT('', (-7.80110055, -1.35818163, 138.));
#888 = CARTESIAN_POINT('', (-7.83562199, -1.43333186, 138.));
#889 = CARTESIAN_POINT('', (-7.87176959, -1.50756567, 138.));
#890 = CARTESIAN_POINT('', (-7.90949003, -1.58085394, 138.));
#891 = CARTESIAN_POINT('', (-7.94874745, -1.65320156, 138.));
#892 = CARTESIAN_POINT('', (-7.98950899, -1.7246155, 138.));
#893 = CARTESIAN_POINT('', (-8.03174718, -1.79510928, 138.));
#894 = CARTESIAN_POINT('', (-8.07545056, -1.86471751, 138.));
#895 = CARTESIAN_POINT('', (-8.12061279, -1.93347426, 138.));
#896 = CARTESIAN_POINT('', (-8.16720442, -2.00137303, 138.));
#897 = CARTESIAN_POINT('', (-8.21516231, -2.06836121, 138.));
#898 = CARTESIAN_POINT('', (-8.26440877, -2.13437498, 138.));
#899 = CARTESIAN_POINT('', (-8.31488273, -2.19938088, 138.));
#900 = CARTESIAN_POINT('', (-8.36655194, -2.2633847, 138.));
#901 = CARTESIAN_POINT('', (-8.4193969, -2.32640529, 138.));
#902 = CARTESIAN_POINT('', (-8.47339098, -2.3884501, 138.));
#903 = CARTESIAN_POINT('', (-8.52849811, -2.44951513, 138.));
#904 = CARTESIAN_POINT('', (-8.58468151, -2.5095959, 138.));
#905 = CARTESIAN_POINT('', (-8.64190475, -2.56868852, 138.));
#906 = CARTESIAN_POINT('', (-8.70012901, -2.62678705, 138.));
#907 = CARTESIAN_POINT('', (-8.75931921, -2.68388998, 138.));
#908 = CARTESIAN_POINT('', (-8.81945222, -2.7400069, 138.));
#909 = CARTESIAN_POINT('', (-8.8805122, -2.79515253, 138.));
#910 = CARTESIAN_POINT('', (-8.94247675, -2.84933398, 138.));
#911 = CARTESIAN_POINT('', (-9.00530951, -2.90254584, 138.));
#912 = CARTESIAN_POINT('', (-9.0689639, -2.9547753, 138.));
#913 = CARTESIAN_POINT('', (-9.13339369, -3.00601158, 138.));
#914 = CARTESIAN_POINT('', (-9.19856263, -3.05625305, 138.));
#915 = CARTESIAN_POINT('', (-9.26444816, -3.10550868, 138.));
#916 = CARTESIAN_POINT('', (-9.33103907, -3.15379475, 138.));
#917 = CARTESIAN_POINT('', (-9.39832736, -3.20112815, 138.));
#918 = CARTESIAN_POINT('', (-9.46630001, -3.24752067, 138.));
#919 = CARTESIAN_POINT('', (-9.53493414, -3.29297661, 138.));
#920 = CARTESIAN_POINT('', (-9.60419542, -3.33749278, 138.));
#921 = CARTESIAN_POINT('', (-9.67404193, -3.3810621, 138.));
#922 = CARTESIAN_POINT('', (-9.74443392, -3.42368007, 138.));
#923 = CARTESIAN_POINT('', (-9.81534589, -3.46535152, 138.));
#924 = CARTESIAN_POINT('', (-9.88677242, -3.50609251, 138.));
#925 = CARTESIAN_POINT('', (-9.95871935, -3.54592385, 138.));
#926 = CARTESIAN_POINT('', (-10.0311857, -3.58486067, 138.));
#927 = CARTESIAN_POINT('', (-10.10415035, -3.62290642, 138.));
#928 = CARTESIAN_POINT('', (-10.17757513, -3.6600561, 138.));
#929 = CARTESIAN_POINT('', (-10.25142261, -3.69630624, 138.));
#930 = CARTESIAN_POINT('', (-10.32567154, -3.73166196, 138.));
#931 = CARTESIAN_POINT('', (-10.40031678, -3.76613559, 138.));
#932 = CARTESIAN_POINT('', (-10.47535868, -3.79974098, 138.));
#933 = CARTESIAN_POINT('', (-10.55079324, -3.83248892, 138.));
#934 = CARTESIAN_POINT('', (-10.62660838, -3.86438611, 138.));
#935 = CARTESIAN_POINT('', (-10.70278529, -3.89543622, 138.));
#936 = CARTESIAN_POINT('', (-10.77930545, -3.92564311, 138.));
#937 = CARTESIAN_POINT('', (-10.85615827, -3.95501371, 138.));
#938 = CARTESIAN_POINT('', (-10.93333428, -3.98355497, 138.));
#939 = CARTESIAN_POINT('', (-11.01080921, -4.01126812, 138.));
#940 = CARTESIAN_POINT('', (-11.08854882, -4.03815155, 138.));
#941 = CARTESIAN_POINT('', (-11.16653772, -4.06421082, 138.));
#942 = CARTESIAN_POINT('', (-11.24478754, -4.08945991, 138.));
#943 = CARTESIAN_POINT('', (-11.32330464, -4.11390969, 138.));
#944 = CARTESIAN_POINT('', (-11.40207052, -4.1375628, 138.));
#945 = CARTESIAN_POINT('', (-11.48106864, -4.16042283, 138.));
#946 = CARTESIAN_POINT('', (-11.560306, -4.18249989, 138.));
#947 = CARTESIAN_POINT('', (-11.63978547, -4.20380185, 138.));
#948 = CARTESIAN_POINT('', (-11.71947682, -4.2243275, 138.));
#949 = CARTESIAN_POINT('', (-11.79934131, -4.24407454, 138.));
#950 = CARTESIAN_POINT('', (-11.87937385, -4.26304963, 138.));
#951 = CARTESIAN_POINT('', (-11.95959884, -4.28126544, 138.));
#952 = CARTESIAN_POINT('', (-12.04002759, -4.29873021, 138.));
#953 = CARTESIAN_POINT('', (-12.12063298, -4.3154435, 138.));
#954 = CARTESIAN_POINT('', (-12.20136384, -4.33140093, 138.));
#955 = CARTESIAN_POINT('', (-12.28217898, -4.34660157, 138.));
#956 = CARTESIAN_POINT('', (-12.363072, -4.36105165, 138.));
#957 = CARTESIAN_POINT('', (-12.44406924, -4.37476251, 138.));
#958 = CARTESIAN_POINT('', (-12.52520653, -4.38774543, 138.));
#959 = CARTESIAN_POINT('', (-12.6065032, -4.40000746, 138.));
#960 = CARTESIAN_POINT('', (-12.68795651, -4.41155159, 138.));
#961 = CARTESIAN_POINT('', (-12.76955508, -4.42237945, 138.));
#962 = CARTESIAN_POINT('', (-12.85128475, -4.43249243, 138.));
#963 = CARTESIAN_POINT('', (-12.93311878, -4.44189054, 138.));
#964 = CARTESIAN_POINT('', (-13.01500584, -4.45057193, 138.));
#965 = CARTESIAN_POINT('', (-13.09688577, -4.45853541, 138.));
#966 = CARTESIAN_POINT('', (-13.17874201, -4.46578542, 138.));
#967 = CARTESIAN_POINT('', (-13.26063836, -4.47233274, 138.));
#968 = CARTESIAN_POINT('', (-13.3426789, -4.478188, 138.));
#969 = CARTESIAN_POINT('', (-13.42490698, -4.48335399, 138.));
#970 = CARTESIAN_POINT('', (-13.50725278, -4.4878261, 138.));
#971 = CARTESIAN_POINT('', (-13.58959673, -4.49160012, 138.));
#972 = CARTESIAN_POINT('', (-13.67186143, -4.49467718, 138.));
#973 = CARTESIAN_POINT('', (-13.75403037, -4.49706202, 138.));
#974 = CARTESIAN_POINT('', (-13.86339348, -4.49932416, 138.));
#975 = CARTESIAN_POINT('', (-13.94537945, -4.49999999, 138.));
#976 = CARTESIAN_POINT('', (-14., -4.5, 138.));
#977 = B_SPLINE_CURVE_WITH_KNOTS('', 3, (#848, #849, #850, #851, #852, #853, #854, #855, #856, #857, #858, #859, #860, #861, #862, #863, #864, #865, #866, #867, #868, #869, #870, #871, #872, #873, #874, #875, #876, #877, #878, #879, #880, #881, #882, #883, #884, #885, #886, #887, #888, #889, #890, #891, #892, #893, #894, #895, #896, #897, #898, #899, #900, #901, #902, #903, #904, #905, #906, #907, #908, #909, #910, #911, #912, #913, #914, #915, #916, #917, #918, #919, #920, #921, #922, #923, #924, #925, #926, #927, #928, #929, #930, #931, #932, #933, #934, #935, #936, #937, #938, #939, #940, #941, #942, #943, #944, #945, #946, #947, #948, #949, #950, #951, #952, #953, #954, #955, #956, #957, #958, #959, #960, #961, #962, #963, #964, #965, #966, #967, #968, #969, #970, #971, #972, #973, #974, #975, #976), .UNSPECIFIED., .F., .F., (4, 1, 1, 1, 1, 1, 1, 1, 1, 1, 1, 1, 1, 1, 1, 1, 1, 1, 1, 1, 1, 1, 1, 1, 1, 1, 1, 1, 1, 1, 1, 1, 1, 1, 1, 1, 1, 1, 1, 1, 1, 1, 1, 1, 1, 1, 1, 1, 1, 1, 1, 1, 1, 1, 1, 1, 1, 1, 1, 1, 1, 1, 1, 1, 1, 1, 1, 1, 1, 1, 1, 1, 1, 1, 1, 1, 1, 1, 1, 1, 1, 1, 1, 1, 1, 1, 1, 1, 1, 1, 1, 1, 1, 1, 1, 1, 1, 1, 1, 1, 1, 1, 1, 1, 1, 1, 1, 1, 1, 1, 1, 1, 1, 1, 1, 1, 1, 1, 1, 1, 1, 1, 1, 1, 1, 1, 4), (0.5, 0.50007273, 0.50021906, 0.5004142, 0.50065815, 0.5009509, 0.50124368, 0.50153649, 0.50192693, 0.50241508, 0.50300094, 0.5035869, 0.50417285, 0.50495595, 0.50593623, 0.50711362, 0.50829095, 0.50947, 0.51065086, 0.51222778, 0.51419851, 0.51656305, 0.51892327, 0.52127963, 0.52363089, 0.52598091, 0.52833197, 0.53068533, 0.53383276, 0.53777697, 0.5425119, 0.54723112, 0.55192624, 0.55661276, 0.56131305, 0.56603378, 0.57076829, 0.57551119, 0.58025764, 0.5849999, 0.58973247, 0.59445609, 0.5991741, 0.60388721, 0.60859637, 0.61330602, 0.6180211, 0.62274266, 0.62746687, 0.63218861, 0.63690566, 0.64161983, 0.64633408, 0.65104906, 0.65576402, 0.66047915, 0.66519472, 0.66990987, 0.67462405, 0.6793383, 0.68405438, 0.68877305, 0.69349346, 0.69821396, 0.702933, 0.70764983, 0.71236497, 0.71707966, 0.72179533, 0.72651285, 0.73123214, 0.73595236, 0.7406719, 0.74538912, 0.75010361, 0.75481658, 0.75953021, 0.76424609, 0.76896382, 0.77368151, 0.77839738, 0.78311118, 0.78782408, 0.79253724, 0.79725133, 0.80196653, 0.80668238, 0.81139822, 0.81611421, 0.82083132, 0.825549, 0.83026463, 0.83497734, 0.83968999, 0.84440478, 0.84911977, 0.85383327, 0.85854781, 0.86326559, 0.86798412, 0.87269997, 0.87741386, 0.88212923, 0.88684781, 0.89156791, 0.89628616, 0.90100009, 0.90570978, 0.91041793, 0.91512774, 0.91984085, 0.92455705, 0.92927565, 0.93399677, 0.9387197, 0.94344156, 0.94815821, 0.95286744, 0.95757389, 0.96228728, 0.96701226, 0.97174295, 0.97646957, 0.98118824, 0.98590033, 0.99060654, 1.), .UNSPECIFIED.);
#978 = DIRECTION('', (0., 1., 0.));
#979 = VECTOR('', #978, 1.);
#980 = CARTESIAN_POINT('', (-14., 0., 138.));
#981 = LINE('', #980, #979);
#982 = DIRECTION('', (0., -0., 1.));
#983 = VECTOR('', #982, 1.);
#984 = CARTESIAN_POINT('', (30., 7., 0.));
#985 = LINE('', #984, #983);
#986 = DIRECTION('', (0., -1., 0.));
#987 = VECTOR('', #986, 1.);
#988 = CARTESIAN_POINT('', (30., 7., 10.));
#989 = LINE('', #988, #987);
#990 = DIRECTION('', (0., -0., 1.));
#991 = VECTOR('', #990, 1.);
#992 = CARTESIAN_POINT('', (30., -7., 0.));
#993 = LINE('', #992, #991);
#994 = DIRECTION('', (0., -1., 0.));
#995 = VECTOR('', #994, 1.);
#996 = CARTESIAN_POINT('', (30., 7., 0.));
#997 = LINE('', #996, #995);
#998 = DIRECTION('', (-1., -0., 0.));
#999 = VECTOR('', #998, 1.);
#1000 = CARTESIAN_POINT('', (30., 7., 10.));
#1001 = LINE('', #1000, #999);
#1002 = DIRECTION('', (0., -1., 0.));
#1003 = VECTOR('', #1002, 1.);
#1004 = CARTESIAN_POINT('', (18., 7., 10.));
#1005 = LINE('', #1004, #1003);
#1006 = DIRECTION('', (-1., -0., 0.));
#1007 = VECTOR('', #1006, 1.);
#1008 = CARTESIAN_POINT('', (30., -7., 10.));
#1009 = LINE('', #1008, #1007);
#1010 = DIRECTION('', (0., -0., -1.));
#1011 = VECTOR('', #1010, 1.);
#1012 = CARTESIAN_POINT('', (18., 7., 10.));
#1013 = LINE('', #1012, #1011);
#1014 = DIRECTION('', (0., -1., 0.));
#1015 = VECTOR('', #1014, 1.);
#1016 = CARTESIAN_POINT('', (18., 7., 0.));
#1017 = LINE('', #1016, #1015);
#1018 = DIRECTION('', (0., -0., -1.));
#1019 = VECTOR('', #1018, 1.);
#1020 = CARTESIAN_POINT('', (18., -7., 10.));
#1021 = LINE('', #1020, #1019);
#1022 = DIRECTION('', (1., -0., 0.));
#1023 = VECTOR('', #1022, 1.);
#1024 = CARTESIAN_POINT('', (18., 7., 0.));
#1025 = LINE('', #1024, #1023);
#1026 = DIRECTION('', (1., -0., 0.));
#1027 = VECTOR('', #1026, 1.);
#1028 = CARTESIAN_POINT('', (18., -7., 0.));
#1029 = LINE('', #1028, #1027);
#1030 = DIRECTION('', (0., 1., 0.));
#1031 = DIRECTION('', (-0.73973288, 0., -0.67290064));
#1032 = CARTESIAN_POINT('', (14., -0., 138.));
#1033 = AXIS2_PLACEMENT_3D('', #1032, #1031, #1030);
#1034 = CIRCLE('', #1033, 4.5);
#1035 = CARTESIAN_POINT('', (30., 4.5, 2.26943256));
#1036 = CARTESIAN_POINT('', (30., 4.5, 2.23421741));
#1037 = CARTESIAN_POINT('', (30., 4.49952389, 2.18135327));
#1038 = CARTESIAN_POINT('', (30., 4.49793384, 2.11082562));
#1039 = CARTESIAN_POINT('', (30., 4.49625848, 2.05781418));
#1040 = CARTESIAN_POINT('', (30., 4.4940992, 2.0047469));
#1041 = CARTESIAN_POINT('', (30., 4.49145589, 1.95166866));
#1042 = CARTESIAN_POINT('', (30., 4.48833129, 1.89864591));
#1043 = CARTESIAN_POINT('', (30., 4.48473026, 1.84574027));
#1044 = CARTESIAN_POINT('', (30., 4.48065644, 1.79297201));
#1045 = CARTESIAN_POINT('', (30., 4.476109, 1.74030566));
#1046 = CARTESIAN_POINT('', (30., 4.47108289, 1.68767989));
#1047 = CARTESIAN_POINT('', (30., 4.46557215, 1.63504784));
#1048 = CARTESIAN_POINT('', (30., 4.45957252, 1.58239304));
#1049 = CARTESIAN_POINT('', (30., 4.45308167, 1.52971951));
#1050 = CARTESIAN_POINT('', (30., 4.44609824, 1.47703864));
#1051 = CARTESIAN_POINT('', (30., 4.43862282, 1.42437362));
#1052 = CARTESIAN_POINT('', (30., 4.43065969, 1.37176702));
#1053 = CARTESIAN_POINT('', (30., 4.4222171, 1.31927643));
#1054 = CARTESIAN_POINT('', (30., 4.41330412, 1.26695189));
#1055 = CARTESIAN_POINT('', (30., 4.4039256, 1.21481083));
#1056 = CARTESIAN_POINT('', (30., 4.39407979, 1.16283418));
#1057 = CARTESIAN_POINT('', (30., 4.38375945, 1.1109805));
#1058 = CARTESIAN_POINT('', (30., 4.37295544, 1.05920811));
#1059 = CARTESIAN_POINT('', (30., 4.36166021, 1.00749047));
#1060 = CARTESIAN_POINT('', (30., 4.34986945, 0.95582021));
#1061 = CARTESIAN_POINT('', (30., 4.33758115, 0.90420129));
#1062 = CARTESIAN_POINT('', (30., 4.32479336, 0.85263784));
#1063 = CARTESIAN_POINT('', (30., 4.31150685, 0.80114496));
#1064 = CARTESIAN_POINT('', (30., 4.29773095, 0.74976789));
#1065 = CARTESIAN_POINT('', (30., 4.28348174, 0.6985694));
#1066 = CARTESIAN_POINT('', (30., 4.26876879, 0.64758107));
#1067 = CARTESIAN_POINT('', (30., 4.25358565, 0.59677816));
#1068 = CARTESIAN_POINT('', (30., 4.23791903, 0.54611893));
#1069 = CARTESIAN_POINT('', (30., 4.22176533, 0.4955978));
#1070 = CARTESIAN_POINT('', (30., 4.20513378, 0.44524827));
#1071 = CARTESIAN_POINT('', (30., 4.18803445, 0.39510223));
#1072 = CARTESIAN_POINT('', (30., 4.17046726, 0.34515967));
#1073 = CARTESIAN_POINT('', (30., 4.15242209, 0.29539408));
#1074 = CARTESIAN_POINT('', (30., 4.13388692, 0.24577771));
#1075 = CARTESIAN_POINT('', (30., 4.11485482, 0.19629974));
#1076 = CARTESIAN_POINT('', (30., 4.09532494, 0.14696616));
#1077 = CARTESIAN_POINT('', (30., 4.06861698, 0.0813801));
#1078 = CARTESIAN_POINT('', (30., 4.04785712, 0.03247347));
#1079 = CARTESIAN_POINT('', (30., 4.03369275, 0.));
#1080 = B_SPLINE_CURVE_WITH_KNOTS('', 3, (#1035, #1036, #1037, #1038, #1039, #1040, #1041, #1042, #1043, #1044, #1045, #1046, #1047, #1048, #1049, #1050, #1051, #1052, #1053, #1054, #1055, #1056, #1057, #1058, #1059, #1060, #1061, #1062, #1063, #1064, #1065, #1066, #1067, #1068, #1069, #1070, #1071, #1072, #1073, #1074, #1075, #1076, #1077, #1078, #1079), .UNSPECIFIED., .F., .F., (4, 1, 1, 1, 1, 1, 1, 1, 1, 1, 1, 1, 1, 1, 1, 1, 1, 1, 1, 1, 1, 1, 1, 1, 1, 1, 1, 1, 1, 1, 1, 1, 1, 1, 1, 1, 1, 1, 1, 1, 1, 1, 4), (0., 0.04527947, 0.06797243, 0.0907062, 0.11347462, 0.13626182, 0.15903778, 0.18176856, 0.2044443, 0.22708813, 0.24973794, 0.27241744, 0.29513136, 0.31787856, 0.34065636, 0.36345998, 0.38627299, 0.40906745, 0.43181879, 0.45451996, 0.47718529, 0.49983784, 0.52250011, 0.54518725, 0.56790285, 0.5906445, 0.61341259, 0.63621054, 0.65902152, 0.68180567, 0.70454252, 0.72725611, 0.74998187, 0.77272281, 0.79545489, 0.81816073, 0.840845, 0.86352674, 0.88622501, 0.90894684, 0.93168867, 0.95444667, 1.), .UNSPECIFIED.);
#1081 = CARTESIAN_POINT('', (30., -4.5, 2.26943256));
#1082 = CARTESIAN_POINT('', (30., -4.5, 2.22634475));
#1083 = CARTESIAN_POINT('', (30., -4.49928706, 2.16164768));
#1084 = CARTESIAN_POINT('', (30., -4.49690587, 2.07535979));
#1085 = CARTESIAN_POINT('', (30., -4.49439889, 2.01056378));
#1086 = CARTESIAN_POINT('', (30., -4.49117414, 1.94581752));
#1087 = CARTESIAN_POINT('', (30., -4.48723324, 1.88114666));
#1088 = CARTESIAN_POINT('', (30., -4.4825744, 1.81652346));
#1089 = CARTESIAN_POINT('', (30., -4.47719301, 1.75190866));
#1090 = CARTESIAN_POINT('', (30., -4.47108746, 1.68731781));
#1091 = CARTESIAN_POINT('', (30., -4.46426298, 1.62282244));
#1092 = CARTESIAN_POINT('', (30., -4.45672514, 1.55846934));
#1093 = CARTESIAN_POINT('', (30., -4.44847079, 1.49422674));
#1094 = CARTESIAN_POINT('', (30., -4.43949078, 1.43003806));
#1095 = CARTESIAN_POINT('', (30., -4.42978319, 1.36591296));
#1096 = CARTESIAN_POINT('', (30., -4.41935899, 1.30193594));
#1097 = CARTESIAN_POINT('', (30., -4.40823227, 1.2381866));
#1098 = CARTESIAN_POINT('', (30., -4.39640575, 1.17466687));
#1099 = CARTESIAN_POINT('', (30., -4.38386666, 1.11130487));
#1100 = CARTESIAN_POINT('', (30., -4.37059675, 1.04802234));
#1101 = CARTESIAN_POINT('', (30., -4.35658408, 0.98478741));
#1102 = CARTESIAN_POINT('', (30., -4.34182512, 0.92161065));
#1103 = CARTESIAN_POINT('', (30., -4.32632149, 0.85852255));
#1104 = CARTESIAN_POINT('', (30., -4.31007995, 0.79556971));
#1105 = CARTESIAN_POINT('', (30., -4.29311395, 0.73281601));
#1106 = CARTESIAN_POINT('', (30., -4.27543717, 0.67031594));
#1107 = CARTESIAN_POINT('', (30., -4.25705446, 0.60808665));
#1108 = CARTESIAN_POINT('', (30., -4.23796235, 0.54611783));
#1109 = CARTESIAN_POINT('', (30., -4.21815745, 0.4844028));
#1110 = CARTESIAN_POINT('', (30., -4.19764194, 0.42295327));
#1111 = CARTESIAN_POINT('', (30., -4.17641908, 0.36178317));
#1112 = CARTESIAN_POINT('', (30., -4.15448528, 0.30088663));
#1113 = CARTESIAN_POINT('', (30., -4.1318281, 0.24023661));
#1114 = CARTESIAN_POINT('', (30., -4.1084335, 0.17980738));
#1115 = CARTESIAN_POINT('', (30., -4.0762389, 0.09950151));
#1116 = CARTESIAN_POINT('', (30., -4.05100197, 0.03968339));
#1117 = CARTESIAN_POINT('', (30., -4.03369275, 0.));
#1118 = B_SPLINE_CURVE_WITH_KNOTS('', 3, (#1081, #1082, #1083, #1084, #1085, #1086, #1087, #1088, #1089, #1090, #1091, #1092, #1093, #1094, #1095, #1096, #1097, #1098, #1099, #1100, #1101, #1102, #1103, #1104, #1105, #1106, #1107, #1108, #1109, #1110, #1111, #1112, #1113, #1114, #1115, #1116, #1117), .UNSPECIFIED., .F., .F., (4, 1, 1, 1, 1, 1, 1, 1, 1, 1, 1, 1, 1, 1, 1, 1, 1, 1, 1, 1, 1, 1, 1, 1, 1, 1, 1, 1, 1, 1, 1, 1, 1, 1, 4), (0., 0.0554021, 0.08318715, 0.11098906, 0.13877752, 0.16653947, 0.19429548, 0.22208406, 0.24990719, 0.27771498, 0.30547351, 0.33321647, 0.36099553, 0.38880942, 0.41660631, 0.44434031, 0.47201582, 0.49968188, 0.52738948, 0.5551525, 0.58296004, 0.61080764, 0.63868294, 0.66655355, 0.6943915, 0.72219609, 0.74998432, 0.77776511, 0.80553337, 0.83328142, 0.86101515, 0.88875648, 0.91652729, 0.94433272, 1.), .UNSPECIFIED.);
#1119 = CARTESIAN_POINT('', (30., 4.5, 2.26943256));
#1120 = CARTESIAN_POINT('', (30., 4.49999999, 2.31309542));
#1121 = CARTESIAN_POINT('', (30., 4.49926819, 2.37863125));
#1122 = CARTESIAN_POINT('', (30., 4.49682915, 2.46599929));
#1123 = CARTESIAN_POINT('', (30., 4.49426709, 2.53152521));
#1124 = CARTESIAN_POINT('', (30., 4.49097724, 2.5969542));
#1125 = CARTESIAN_POINT('', (30., 4.48696256, 2.66227655));
#1126 = CARTESIAN_POINT('', (30., 4.48222254, 2.72752737));
#1127 = CARTESIAN_POINT('', (30., 4.47675266, 2.79276325));
#1128 = CARTESIAN_POINT('', (30., 4.47054647, 2.85803038));
#1129 = CARTESIAN_POINT('', (30., 4.46359958, 2.92333334));
#1130 = CARTESIAN_POINT('', (30., 4.45591355, 2.9886237));
#1131 = CARTESIAN_POINT('', (30., 4.44749598, 3.053823));
#1132 = CARTESIAN_POINT('', (30., 4.43835505, 3.11887219));
#1133 = CARTESIAN_POINT('', (30., 4.42849466, 3.1837543));
#1134 = CARTESIAN_POINT('', (30., 4.41791586, 3.24847023));
#1135 = CARTESIAN_POINT('', (30., 4.40662031, 3.31301518));
#1136 = CARTESIAN_POINT('', (30., 4.39460858, 3.37739018));
#1137 = CARTESIAN_POINT('', (30., 4.38187485, 3.44162581));
#1138 = CARTESIAN_POINT('', (30., 4.36840784, 3.50576882));
#1139 = CARTESIAN_POINT('', (30., 4.35420051, 3.56983483));
#1140 = CARTESIAN_POINT('', (30., 4.33925868, 3.63378078));
#1141 = CARTESIAN_POINT('', (30., 4.32359831, 3.69753075));
#1142 = CARTESIAN_POINT('', (30., 4.30723174, 3.76103597));
#1143 = CARTESIAN_POINT('', (30., 4.29015667, 3.82430804));
#1144 = CARTESIAN_POINT('', (30., 4.27236013, 3.88739118));
#1145 = CARTESIAN_POINT('', (30., 4.25383267, 3.95030868));
#1146 = CARTESIAN_POINT('', (30., 4.23457745, 4.01303839));
#1147 = CARTESIAN_POINT('', (30., 4.2146076, 4.07553015));
#1148 = CARTESIAN_POINT('', (30., 4.19393647, 4.13773962));
#1149 = CARTESIAN_POINT('', (30., 4.17256875, 4.19965271));
#1150 = CARTESIAN_POINT('', (30., 4.15049724, 4.26128867));
#1151 = CARTESIAN_POINT('', (30., 4.12770723, 4.32268244));
#1152 = CARTESIAN_POINT('', (30., 4.10418607, 4.38385749));
#1153 = CARTESIAN_POINT('', (30., 4.07992898, 4.44481349));
#1154 = CARTESIAN_POINT('', (30., 4.05493731, 4.50553433));
#1155 = CARTESIAN_POINT('', (30., 4.0292174, 4.5659932));
#1156 = CARTESIAN_POINT('', (30., 4.0027827, 4.62614911));
#1157 = CARTESIAN_POINT('', (30., 3.97565219, 4.68595329));
#1158 = CARTESIAN_POINT('', (30., 3.94783851, 4.74537544));
#1159 = CARTESIAN_POINT('', (30., 3.91933772, 4.80442179));
#1160 = CARTESIAN_POINT('', (30., 3.89013535, 4.86311728));
#1161 = CARTESIAN_POINT('', (30., 3.86022194, 4.92147296));
#1162 = CARTESIAN_POINT('', (30., 3.82960097, 4.97947344));
#1163 = CARTESIAN_POINT('', (30., 3.79828305, 5.03709125));
#1164 = CARTESIAN_POINT('', (30., 3.76627503, 5.09430766));
#1165 = CARTESIAN_POINT('', (30., 3.73357499, 5.15112));
#1166 = CARTESIAN_POINT('', (30., 3.69646081, 5.21380822));
#1167 = CARTESIAN_POINT('', (30., 3.65463213, 5.28219397));
#1168 = CARTESIAN_POINT('', (30., 3.60775785, 5.35605142));
#1169 = CARTESIAN_POINT('', (30., 3.56367001, 5.42302288));
#1170 = CARTESIAN_POINT('', (30., 3.52271095, 5.48329498));
#1171 = CARTESIAN_POINT('', (30., 3.48517539, 5.53705374));
#1172 = CARTESIAN_POINT('', (30., 3.44695664, 5.59033479));
#1173 = CARTESIAN_POINT('', (30., 3.40804556, 5.64314223));
#1174 = CARTESIAN_POINT('', (30., 3.36844253, 5.69546612));
#1175 = CARTESIAN_POINT('', (30., 3.32815771, 5.74728402));
#1176 = CARTESIAN_POINT('', (30., 3.2872044, 5.7985709));
#1177 = CARTESIAN_POINT('', (30., 3.24559321, 5.84930642));
#1178 = CARTESIAN_POINT('', (30., 3.2033305, 5.89947624));
#1179 = CARTESIAN_POINT('', (30., 3.16041867, 5.94907095));
#1180 = CARTESIAN_POINT('', (30., 3.11685647, 5.99808508));
#1181 = CARTESIAN_POINT('', (30., 3.07264127, 6.04651409));
#1182 = CARTESIAN_POINT('', (30., 3.02777366, 6.09434936));
#1183 = CARTESIAN_POINT('', (30., 2.98226085, 6.1415751));
#1184 = CARTESIAN_POINT('', (30., 2.93611305, 6.18817325));
#1185 = CARTESIAN_POINT('', (30., 2.88933403, 6.23413268));
#1186 = CARTESIAN_POINT('', (30., 2.84191912, 6.27945032));
#1187 = CARTESIAN_POINT('', (30., 2.79386564, 6.32412012));
#1188 = CARTESIAN_POINT('', (30., 2.74518505, 6.36812282));
#1189 = CARTESIAN_POINT('', (30., 2.69590064, 6.41142979));
#1190 = CARTESIAN_POINT('', (30., 2.64603295, 6.4540168));
#1191 = CARTESIAN_POINT('', (30., 2.59558687, 6.49587403));
#1192 = CARTESIAN_POINT('', (30., 2.544547, 6.53700772));
#1193 = CARTESIAN_POINT('', (30., 2.49288462, 6.57743239));
#1194 = CARTESIAN_POINT('', (30., 2.44057518, 6.61715623));
#1195 = CARTESIAN_POINT('', (30., 2.38761769, 6.65616759));
#1196 = CARTESIAN_POINT('', (30., 2.33404062, 6.6944338));
#1197 = CARTESIAN_POINT('', (30., 2.27988581, 6.73191545));
#1198 = CARTESIAN_POINT('', (30., 2.22519012, 6.76857983));
#1199 = CARTESIAN_POINT('', (30., 2.1699807, 6.80440302));
#1200 = CARTESIAN_POINT('', (30., 2.11428291, 6.83936391));
#1201 = CARTESIAN_POINT('', (30., 2.05812609, 6.87344059));
#1202 = CARTESIAN_POINT('', (30., 2.00154046, 6.90661253));
#1203 = CARTESIAN_POINT('', (30., 1.9445495, 6.93886483));
#1204 = CARTESIAN_POINT('', (30., 1.88715535, 6.97019539));
#1205 = CARTESIAN_POINT('', (30., 1.82932745, 7.00061859));
#1206 = CARTESIAN_POINT('', (30., 1.77100272, 7.03016183));
#1207 = CARTESIAN_POINT('', (30., 1.71211007, 7.05885069));
#1208 = CARTESIAN_POINT('', (30., 1.65261281, 7.0866887));
#1209 = CARTESIAN_POINT('', (30., 1.59253801, 7.11364804));
#1210 = CARTESIAN_POINT('', (30., 1.53197029, 7.13967856));
#1211 = CARTESIAN_POINT('', (30., 1.471006, 7.16473174));
#1212 = CARTESIAN_POINT('', (30., 1.4097142, 7.18877627));
#1213 = CARTESIAN_POINT('', (30., 1.34813441, 7.21179592));
#1214 = CARTESIAN_POINT('', (30., 1.28629982, 7.23377871));
#1215 = CARTESIAN_POINT('', (30., 1.2242481, 7.25471293));
#1216 = CARTESIAN_POINT('', (30., 1.16198675, 7.2745986));
#1217 = CARTESIAN_POINT('', (30., 1.09945713, 7.29345514));
#1218 = CARTESIAN_POINT('', (30., 1.03656435, 7.31130655));
#1219 = CARTESIAN_POINT('', (30., 0.97326548, 7.3281554));
#1220 = CARTESIAN_POINT('', (30., 0.90959963, 7.34398123));
#1221 = CARTESIAN_POINT('', (30., 0.84561107, 7.35876548));
#1222 = CARTESIAN_POINT('', (30., 0.78129333, 7.3725025));
#1223 = CARTESIAN_POINT('', (30., 0.71664505, 7.38518363));
#1224 = CARTESIAN_POINT('', (30., 0.65174588, 7.39678553));
#1225 = CARTESIAN_POINT('', (30., 0.58672597, 7.40728274));
#1226 = CARTESIAN_POINT('', (30., 0.52168929, 7.41666205));
#1227 = CARTESIAN_POINT('', (30., 0.46027911, 7.42446617));
#1228 = CARTESIAN_POINT('', (30., 0.40612856, 7.43050142));
#1229 = CARTESIAN_POINT('', (30., 0.36284962, 7.43477402));
#1230 = CARTESIAN_POINT('', (30., 0.32680754, 7.43797657));
#1231 = CARTESIAN_POINT('', (30., 0.29433641, 7.44058768));
#1232 = CARTESIAN_POINT('', (30., 0.26179104, 7.44292983));
#1233 = CARTESIAN_POINT('', (30., 0.22914392, 7.44500308));
#1234 = CARTESIAN_POINT('', (30., 0.19823572, 7.44670388));
#1235 = CARTESIAN_POINT('', (30., 0.17090596, 7.44799507));
#1236 = CARTESIAN_POINT('', (30., 0.14902217, 7.44888954));
#1237 = CARTESIAN_POINT('', (30., 0.13077799, 7.44954481));
#1238 = CARTESIAN_POINT('', (30., 0.11436417, 7.45006466));
#1239 = CARTESIAN_POINT('', (30., 0.09795285, 7.45051479));
#1240 = CARTESIAN_POINT('', (30., 0.08245826, 7.45087405));
#1241 = CARTESIAN_POINT('', (30., 0.06879555, 7.45113775));
#1242 = CARTESIAN_POINT('', (30., 0.05788241, 7.45131373));
#1243 = CARTESIAN_POINT('', (30., 0.04880256, 7.45143776));
#1244 = CARTESIAN_POINT('', (30., 0.04063962, 7.45153206));
#1245 = CARTESIAN_POINT('', (30., 0.03293054, 7.45160486));
#1246 = CARTESIAN_POINT('', (30., 0.02612919, 7.45165594));
#1247 = CARTESIAN_POINT('', (30., 0.0206887, 7.4516882));
#1248 = CARTESIAN_POINT('', (30., 0.01615546, 7.45170951));
#1249 = CARTESIAN_POINT('', (30., 0.01230248, 7.45172356));
#1250 = CARTESIAN_POINT('', (30., 0.008903, 7.45173267));
#1251 = CARTESIAN_POINT('', (30., 0.00618359, 7.45173781));
#1252 = CARTESIAN_POINT('', (30., 0.00403081, 7.45174055));
#1253 = CARTESIAN_POINT('', (30., 0.00233133, 7.4517419));
#1254 = CARTESIAN_POINT('', (30., 0.00097237, 7.45174244));
#1255 = CARTESIAN_POINT('', (30., -0.00015876, 7.45174254));
#1256 = CARTESIAN_POINT('', (30., -0.0012875, 7.45174235));
#1257 = CARTESIAN_POINT('', (30., -0.00264045, 7.4517417));
#1258 = CARTESIAN_POINT('', (30., -0.00433092, 7.45174023));
#1259 = CARTESIAN_POINT('', (30., -0.00647228, 7.45173733));
#1260 = CARTESIAN_POINT('', (30., -0.00917725, 7.45173202));
#1261 = CARTESIAN_POINT('', (30., -0.01255868, 7.45172273));
#1262 = CARTESIAN_POINT('', (30., -0.01639118, 7.45170851));
#1263 = CARTESIAN_POINT('', (30., -0.02090033, 7.45168706));
#1264 = CARTESIAN_POINT('', (30., -0.0263119, 7.45165469));
#1265 = CARTESIAN_POINT('', (30., -0.03307708, 7.45160359));
#1266 = CARTESIAN_POINT('', (30., -0.04074514, 7.45153092));
#1267 = CARTESIAN_POINT('', (30., -0.04886465, 7.45143695));
#1268 = CARTESIAN_POINT('', (30., -0.05788793, 7.45131359));
#1269 = CARTESIAN_POINT('', (30., -0.06871827, 7.45113901));
#1270 = CARTESIAN_POINT('', (30., -0.0822588, 7.45087811));
#1271 = CARTESIAN_POINT('', (30., -0.09760501, 7.45052335));
#1272 = CARTESIAN_POINT('', (30., -0.1138612, 7.45007927));
#1273 = CARTESIAN_POINT('', (30., -0.13013258, 7.44956638));
#1274 = CARTESIAN_POINT('', (30., -0.14824167, 7.4489193));
#1275 = CARTESIAN_POINT('', (30., -0.17000559, 7.44803449));
#1276 = CARTESIAN_POINT('', (30., -0.19723855, 7.44675466));
#1277 = CARTESIAN_POINT('', (30., -0.22813437, 7.44506286));
#1278 = CARTESIAN_POINT('', (30., -0.26086952, 7.44299259));
#1279 = CARTESIAN_POINT('', (30., -0.29363547, 7.44064179));
#1280 = CARTESIAN_POINT('', (30., -0.3264197, 7.43801041));
#1281 = CARTESIAN_POINT('', (30., -0.3628973, 7.43477114));
#1282 = CARTESIAN_POINT('', (30., -0.40669153, 7.43044455));
#1283 = CARTESIAN_POINT('', (30., -0.46136215, 7.42433917));
#1284 = CARTESIAN_POINT('', (30., -0.52310057, 7.41647152));
#1285 = CARTESIAN_POINT('', (30., -0.58817449, 7.40706027));
#1286 = CARTESIAN_POINT('', (30., -0.65297297, 7.39657472));
#1287 = CARTESIAN_POINT('', (30., -0.71753982, 7.38501377));
#1288 = CARTESIAN_POINT('', (30., -0.78184949, 7.37238667));
#1289 = CARTESIAN_POINT('', (30., -0.84584871, 7.35871085));
#1290 = CARTESIAN_POINT('', (30., -0.90954899, 7.34399174));
#1291 = CARTESIAN_POINT('', (30., -0.97302358, 7.32821687));
#1292 = CARTESIAN_POINT('', (30., -1.03633432, 7.31137061));
#1293 = CARTESIAN_POINT('', (30., -1.09949351, 7.29344691));
#1294 = CARTESIAN_POINT('', (30., -1.16246827, 7.27445218));
#1295 = CARTESIAN_POINT('', (30., -1.2251902, 7.25440607));
#1296 = CARTESIAN_POINT('', (30., -1.28756671, 7.23334102));
#1297 = CARTESIAN_POINT('', (30., -1.34951692, 7.21129156));
#1298 = CARTESIAN_POINT('', (30., -1.41100959, 7.18827873));
#1299 = CARTESIAN_POINT('', (30., -1.47206412, 7.16430479));
#1300 = CARTESIAN_POINT('', (30., -1.53271673, 7.13936265));
#1301 = CARTESIAN_POINT('', (30., -1.59297846, 7.11345273));
#1302 = CARTESIAN_POINT('', (30., -1.65281645, 7.08659417));
#1303 = CARTESIAN_POINT('', (30., -1.71217153, 7.05882076));
#1304 = CARTESIAN_POINT('', (30., -1.77100277, 7.03016164));
#1305 = CARTESIAN_POINT('', (30., -1.82932332, 7.00062084));
#1306 = CARTESIAN_POINT('', (30., -1.88719217, 6.97017607));
#1307 = CARTESIAN_POINT('', (30., -1.94466391, 6.93880188));
#1308 = CARTESIAN_POINT('', (30., -2.00174802, 6.90649362));
#1309 = CARTESIAN_POINT('', (30., -2.0584148, 6.87326885));
#1310 = CARTESIAN_POINT('', (30., -2.11462669, 6.839152));
#1311 = CARTESIAN_POINT('', (30., -2.17035674, 6.80416318));
#1312 = CARTESIAN_POINT('', (30., -2.22557738, 6.76832443));
#1313 = CARTESIAN_POINT('', (30., -2.28024635, 6.7316695));
#1314 = CARTESIAN_POINT('', (30., -2.33431596, 6.69423932));
#1315 = CARTESIAN_POINT('', (30., -2.38775911, 6.65606383));
#1316 = CARTESIAN_POINT('', (30., -2.44058125, 6.61715075));
#1317 = CARTESIAN_POINT('', (30., -2.49280046, 6.57749683));
#1318 = CARTESIAN_POINT('', (30., -2.54442608, 6.53710365));
#1319 = CARTESIAN_POINT('', (30., -2.59545986, 6.4959779));
#1320 = CARTESIAN_POINT('', (30., -2.64590758, 6.45412234));
#1321 = CARTESIAN_POINT('', (30., -2.69577684, 6.41153704));
#1322 = CARTESIAN_POINT('', (30., -2.7450628, 6.36823178));
#1323 = CARTESIAN_POINT('', (30., -2.79374443, 6.32423122));
#1324 = CARTESIAN_POINT('', (30., -2.84179733, 6.27956509));
#1325 = CARTESIAN_POINT('', (30., -2.88921038, 6.23425246));
#1326 = CARTESIAN_POINT('', (30., -2.93598896, 6.18829682));
#1327 = CARTESIAN_POINT('', (30., -2.98214155, 6.14169728));
#1328 = CARTESIAN_POINT('', (30., -3.02766591, 6.0944628));
#1329 = CARTESIAN_POINT('', (30., -3.07254899, 6.04661397));
#1330 = CARTESIAN_POINT('', (30., -3.11677755, 5.99817279));
#1331 = CARTESIAN_POINT('', (30., -3.16034633, 5.94915345));
#1332 = CARTESIAN_POINT('', (30., -3.20325635, 5.89956303));
#1333 = CARTESIAN_POINT('', (30., -3.245508, 5.84940874));
#1334 = CARTESIAN_POINT('', (30., -3.28709792, 5.79870217));
#1335 = CARTESIAN_POINT('', (30., -3.32802136, 5.74745665));
#1336 = CARTESIAN_POINT('', (30., -3.36827486, 5.69568429));
#1337 = CARTESIAN_POINT('', (30., -3.4078549, 5.64339728));
#1338 = CARTESIAN_POINT('', (30., -3.44675768, 5.59060839));
#1339 = CARTESIAN_POINT('', (30., -3.48498239, 5.53732655));
#1340 = CARTESIAN_POINT('', (30., -3.52253189, 5.48355509));
#1341 = CARTESIAN_POINT('', (30., -3.55940703, 5.42929939));
#1342 = CARTESIAN_POINT('', (30., -3.595601, 5.37457608));
#1343 = CARTESIAN_POINT('', (30., -3.63110151, 5.31941118));
#1344 = CARTESIAN_POINT('', (30., -3.66589897, 5.26382842));
#1345 = CARTESIAN_POINT('', (30., -3.69999227, 5.20783881));
#1346 = CARTESIAN_POINT('', (30., -3.73338895, 5.15143864));
#1347 = CARTESIAN_POINT('', (30., -3.76609989, 5.09461653));
#1348 = CARTESIAN_POINT('', (30., -3.79813312, 5.03736361));
#1349 = CARTESIAN_POINT('', (30., -3.82948991, 4.97968151));
#1350 = CARTESIAN_POINT('', (30., -3.86016384, 4.92158575));
#1351 = CARTESIAN_POINT('', (30., -3.89014338, 4.86310281));
#1352 = CARTESIAN_POINT('', (30.00000001, -3.91941581, 4.80426393));
#1353 = CARTESIAN_POINT('', (30., -3.94797098, 4.74509775));
#1354 = CARTESIAN_POINT('', (30., -3.9758014, 4.68562943));
#1355 = CARTESIAN_POINT('', (30., -4.00290057, 4.62588385));
#1356 = CARTESIAN_POINT('', (30., -4.02926556, 4.56587967));
#1357 = CARTESIAN_POINT('', (30., -4.05490189, 4.50561671));
#1358 = CARTESIAN_POINT('', (30., -4.07982237, 4.4450751));
#1359 = CARTESIAN_POINT('', (30., -4.10403786, 4.38423546));
#1360 = CARTESIAN_POINT('', (30., -4.1275522, 4.32309287));
#1361 = CARTESIAN_POINT('', (30., -4.15036676, 4.26164761));
#1362 = CARTESIAN_POINT('', (30., -4.17248376, 4.19989625));
#1363 = CARTESIAN_POINT('', (30., -4.19390186, 4.13784365));
#1364 = CARTESIAN_POINT('', (30., -4.21461134, 4.07551986));
#1365 = CARTESIAN_POINT('', (30., -4.23459824, 4.01297227));
#1366 = CARTESIAN_POINT('', (30., -4.25385166, 3.9502451));
#1367 = CARTESIAN_POINT('', (30., -4.27236718, 3.88736599));
#1368 = CARTESIAN_POINT('', (30., -4.29015025, 3.82433058));
#1369 = CARTESIAN_POINT('', (30., -4.30721693, 3.7610918));
#1370 = CARTESIAN_POINT('', (30., -4.32358458, 3.69758565));
#1371 = CARTESIAN_POINT('', (30., -4.33925602, 3.63379299));
#1372 = CARTESIAN_POINT('', (30., -4.35421534, 3.56977123));
#1373 = CARTESIAN_POINT('', (30., -4.36844247, 3.50561022));
#1374 = CARTESIAN_POINT('', (30., -4.38192681, 3.44137293));
#1375 = CARTESIAN_POINT('', (30., -4.39466777, 3.37708303));
#1376 = CARTESIAN_POINT('', (30., -4.40667054, 3.31273553));
#1377 = CARTESIAN_POINT('', (30., -4.4179449, 3.24829534));
#1378 = CARTESIAN_POINT('', (30., -4.42850227, 3.18370325));
#1379 = CARTESIAN_POINT('', (30., -4.43834811, 3.11891782));
#1380 = CARTESIAN_POINT('', (30., -4.44747922, 3.05394518));
#1381 = CARTESIAN_POINT('', (30., -4.45588963, 2.98881517));
#1382 = CARTESIAN_POINT('', (30., -4.4635752, 2.92355116));
#1383 = CARTESIAN_POINT('', (30., -4.47053205, 2.85817854));
#1384 = CARTESIAN_POINT('', (30., -4.47675444, 2.79275199));
#1385 = CARTESIAN_POINT('', (30., -4.4822374, 2.727345));
#1386 = CARTESIAN_POINT('', (30., -4.48698131, 2.66199899));
#1387 = CARTESIAN_POINT('', (30., -4.49099179, 2.59668875));
#1388 = CARTESIAN_POINT('', (30., -4.49427483, 2.53134286));
#1389 = CARTESIAN_POINT('', (30., -4.49683185, 2.46590946));
#1390 = CARTESIAN_POINT('', (30., -4.49926854, 2.37860163));
#1391 = CARTESIAN_POINT('', (30., -4.5, 2.31309041));
#1392 = CARTESIAN_POINT('', (30., -4.5, 2.26943256));
#1393 = B_SPLINE_CURVE_WITH_KNOTS('', 3, (#1119, #1120, #1121, #1122, #1123, #1124, #1125, #1126, #1127, #1128, #1129, #1130, #1131, #1132, #1133, #1134, #1135, #1136, #1137, #1138, #1139, #1140, #1141, #1142, #1143, #1144, #1145, #1146, #1147, #1148, #1149, #1150, #1151, #1152, #1153, #1154, #1155, #1156, #1157, #1158, #1159, #1160, #1161, #1162, #1163, #1164, #1165, #1166, #1167, #1168, #1169, #1170, #1171, #1172, #1173, #1174, #1175, #1176, #1177, #1178, #1179, #1180, #1181, #1182, #1183, #1184, #1185, #1186, #1187, #1188, #1189, #1190, #1191, #1192, #1193, #1194, #1195, #1196, #1197, #1198, #1199, #1200, #1201, #1202, #1203, #1204, #1205, #1206, #1207, #1208, #1209, #1210, #1211, #1212, #1213, #1214, #1215, #1216, #1217, #1218, #1219, #1220, #1221, #1222, #1223, #1224, #1225, #1226, #1227, #1228, #1229, #1230, #1231, #1232, #1233, #1234, #1235, #1236, #1237, #1238, #1239, #1240, #1241, #1242, #1243, #1244, #1245, #1246, #1247, #1248, #1249, #1250, #1251, #1252, #1253, #1254, #1255, #1256, #1257, #1258, #1259, #1260, #1261, #1262, #1263, #1264, #1265, #1266, #1267, #1268, #1269, #1270, #1271, #1272, #1273, #1274, #1275, #1276, #1277, #1278, #1279, #1280, #1281, #1282, #1283, #1284, #1285, #1286, #1287, #1288, #1289, #1290, #1291, #1292, #1293, #1294, #1295, #1296, #1297, #1298, #1299, #1300, #1301, #1302, #1303, #1304, #1305, #1306, #1307, #1308, #1309, #1310, #1311, #1312, #1313, #1314, #1315, #1316, #1317, #1318, #1319, #1320, #1321, #1322, #1323, #1324, #1325, #1326, #1327, #1328, #1329, #1330, #1331, #1332, #1333, #1334, #1335, #1336, #1337, #1338, #1339, #1340, #1341, #1342, #1343, #1344, #1345, #1346, #1347, #1348, #1349, #1350, #1351, #1352, #1353, #1354, #1355, #1356, #1357, #1358, #1359, #1360, #1361, #1362, #1363, #1364, #1365, #1366, #1367, #1368, #1369, #1370, #1371, #1372, #1373, #1374, #1375, #1376, #1377, #1378, #1379, #1380, #1381, #1382, #1383, #1384, #1385, #1386, #1387, #1388, #1389, #1390, #1391, #1392), .UNSPECIFIED., .F., .F., (4, 1, 1, 1, 1, 1, 1, 1, 1, 1, 1, 1, 1, 1, 1, 1, 1, 1, 1, 1, 1, 1, 1, 1, 1, 1, 1, 1, 1, 1, 1, 1, 1, 1, 1, 1, 1, 1, 1, 1, 1, 1, 1, 1, 1, 1, 1, 1, 1, 1, 1, 1, 1, 1, 1, 1, 1, 1, 1, 1, 1, 1, 1, 1, 1, 1, 1, 1, 1, 1, 1, 1, 1, 1, 1, 1, 1, 1, 1, 1, 1, 1, 1, 1, 1, 1, 1, 1, 1, 1, 1, 1, 1, 1, 1, 1, 1, 1, 1, 1, 1, 1, 1, 1, 1, 1, 1, 1, 1, 1, 1, 1, 1, 1, 1, 1, 1, 1, 1, 1, 1, 1, 1, 1, 1, 1, 1, 1, 1, 1, 1, 1, 1, 1, 1, 1, 1, 1, 1, 1, 1, 1, 1, 1, 1, 1, 1, 1, 1, 1, 1, 1, 1, 1, 1, 1, 1, 1, 1, 1, 1, 1, 1, 1, 1, 1, 1, 1, 1, 1, 1, 1, 1, 1, 1, 1, 1, 1, 1, 1, 1, 1, 1, 1, 1, 1, 1, 1, 1, 1, 1, 1, 1, 1, 1, 1, 1, 1, 1, 1, 1, 1, 1, 1, 1, 1, 1, 1, 1, 1, 1, 1, 1, 1, 1, 1, 1, 1, 1, 1, 1, 1, 1, 1, 1, 1, 1, 1, 1, 1, 1, 1, 1, 1, 1, 1, 1, 1, 1, 1, 1, 1, 1, 1, 1, 1, 1, 1, 1, 1, 1, 1, 1, 1, 1, 1, 1, 1, 1, 1, 1, 1, 1, 1, 1, 1, 1, 1, 1, 1, 1, 4), (0., 0.00860772, 0.01291977, 0.01723022, 0.0215352, 0.02583457, 0.030132, 0.03443247, 0.03874013, 0.04305663, 0.04737877, 0.05170018, 0.05601653, 0.06032839, 0.06463773, 0.06894379, 0.07324599, 0.07754748, 0.08185345, 0.08616666, 0.09048411, 0.09479915, 0.0991078, 0.10341244, 0.10771865, 0.11202924, 0.11634241, 0.12065449, 0.12496242, 0.12926552, 0.13356631, 0.13786872, 0.14217549, 0.14648689, 0.15080193, 0.15512006, 0.15943923, 0.16375538, 0.16806612, 0.17237326, 0.17668066, 0.18099015, 0.18530068, 0.18961033, 0.1939182, 0.19822513, 0.20253283, 0.20827979, 0.21402822, 0.2197767, 0.22408613, 0.22839398, 0.23270217, 0.23701253, 0.24132511, 0.24563854, 0.24995156, 0.25426348, 0.258574, 0.26288335, 0.26719213, 0.27150113, 0.27581093, 0.28012115, 0.2844307, 0.28873947, 0.29304899, 0.29736052, 0.3016733, 0.30598508, 0.31029421, 0.31460096, 0.31890732, 0.32321676, 0.32753269, 0.33185571, 0.33618333, 0.34051186, 0.34483909, 0.34916413, 0.3534859, 0.35780282, 0.36211331, 0.36641631, 0.37071198, 0.37500365, 0.37929751, 0.38360062, 0.38791762, 0.39224675, 0.3965812, 0.40091352, 0.40524006, 0.40956031, 0.41387338, 0.41817709, 0.42247012, 0.42675796, 0.43105202, 0.4353581, 0.43967072, 0.44398457, 0.44830463, 0.4526358, 0.4569717, 0.46130117, 0.46561928, 0.46992516, 0.47350448, 0.47636026, 0.47849857, 0.48063778, 0.48278226, 0.48493113, 0.48708677, 0.4888847, 0.49032492, 0.49140455, 0.49248369, 0.49356238, 0.49464111, 0.49553913, 0.49625636, 0.49679283, 0.49732931, 0.49786572, 0.49831267, 0.49867017, 0.49893828, 0.49920637, 0.49942976, 0.49960846, 0.49974248, 0.49985416, 0.4999435, 0.50001039, 0.50007716, 0.50016602, 0.50027711, 0.50041042, 0.50058817, 0.50081037, 0.50107704, 0.50134372, 0.50169933, 0.5021439, 0.50267746, 0.50321109, 0.5037447, 0.50445649, 0.50534647, 0.50641459, 0.50748266, 0.50855243, 0.50962394, 0.51105498, 0.51284653, 0.51499856, 0.51715489, 0.5193128, 0.52147461, 0.52363873, 0.52653226, 0.53015015, 0.53448312, 0.53880133, 0.54311178, 0.54742315, 0.55173197, 0.55603136, 0.56032431, 0.56462024, 0.5689249, 0.5732392, 0.57756263, 0.58189171, 0.58621988, 0.59054134, 0.59485461, 0.59916319, 0.60347184, 0.60778278, 0.61209429, 0.61640169, 0.62070124, 0.62499481, 0.62928938, 0.63359157, 0.63790269, 0.64221995, 0.64654104, 0.65086526, 0.65519199, 0.6595186, 0.66384065, 0.66815579, 0.67246591, 0.67677424, 0.68108169, 0.6853881, 0.68969488, 0.69400396, 0.69831578, 0.70262858, 0.70693992, 0.71124903, 0.71555745, 0.71986718, 0.72417843, 0.72848984, 0.73280023, 0.73710956, 0.7414186, 0.74572801, 0.7500376, 0.75434698, 0.75865633, 0.76296576, 0.76727483, 0.77158355, 0.77589297, 0.78020392, 0.78451584, 0.78882704, 0.79313621, 0.7974434, 0.80174992, 0.80605778, 0.81036864, 0.81468308, 0.81900063, 0.8233198, 0.82763877, 0.83195611, 0.836271, 0.84058244, 0.8448891, 0.84919154, 0.8534928, 0.85779566, 0.86210041, 0.86640692, 0.87071682, 0.87503115, 0.87934798, 0.8836637, 0.88797584, 0.89228323, 0.89658576, 0.9008875, 0.90519597, 0.90951431, 0.91383734, 0.91815701, 0.92247007, 0.9267769, 0.93107744, 0.93537416, 0.93967344, 0.94397992, 0.94829244, 0.95260785, 0.95692609, 0.96124732, 0.965568, 0.96988231, 0.97418672, 0.97848405, 0.98278166, 0.98708509, 0.99139327, 1.), .UNSPECIFIED.);
#1394 = DIRECTION('', (0., 1., 0.));
#1395 = VECTOR('', #1394, 1.);
#1396 = CARTESIAN_POINT('', (22.45986775, -3.7574973, 10.));
#1397 = LINE('', #1396, #1395);
#1398 = CARTESIAN_POINT('', (22.45986775, 3.75749733, 10.));
#1399 = CARTESIAN_POINT('', (22.5033016, 3.74062233, 10.));
#1400 = CARTESIAN_POINT('', (22.56826901, 3.71484041, 10.));
#1401 = CARTESIAN_POINT('', (22.65450574, 3.6795112, 10.));
#1402 = CARTESIAN_POINT('', (22.71898552, 3.65253361, 10.));
#1403 = CARTESIAN_POINT('', (22.78326546, 3.62506999, 10.));
#1404 = CARTESIAN_POINT('', (22.84734009, 3.59711617, 10.));
#1405 = CARTESIAN_POINT('', (22.91119937, 3.56866977, 10.));
#1406 = CARTESIAN_POINT('', (22.97483138, 3.53972925, 10.));
#1407 = CARTESIAN_POINT('', (23.03822873, 3.51029088, 10.));
#1408 = CARTESIAN_POINT('', (23.10139141, 3.48034729, 10.));
#1409 = CARTESIAN_POINT('', (23.16432122, 3.44988958, 10.));
#1410 = CARTESIAN_POINT('', (23.22701458, 3.41891095, 10.));
#1411 = CARTESIAN_POINT('', (23.28946107, 3.38740763, 10.));
#1412 = CARTESIAN_POINT('', (23.35164679, 3.35537751, 10.));
#1413 = CARTESIAN_POINT('', (23.41355727, 3.32281873, 10.));
#1414 = CARTESIAN_POINT('', (23.47517766, 3.28972959, 10.));
#1415 = CARTESIAN_POINT('', (23.53649314, 3.25610835, 10.));
#1416 = CARTESIAN_POINT('', (23.59749228, 3.22195137, 10.));
#1417 = CARTESIAN_POINT('', (23.65817016, 3.187251, 10.));
#1418 = CARTESIAN_POINT('', (23.71852652, 3.15199629, 10.));
#1419 = CARTESIAN_POINT('', (23.77855812, 3.11617717, 10.));
#1420 = CARTESIAN_POINT('', (23.83825325, 3.07978804, 10.));
#1421 = CARTESIAN_POINT('', (23.8975946, 3.04282647, 10.));
#1422 = CARTESIAN_POINT('', (23.9565659, 3.00528931, 10.));
#1423 = CARTESIAN_POINT('', (24.01515546, 2.96717021, 10.));
#1424 = CARTESIAN_POINT('', (24.07335615, 2.92845932, 10.));
#1425 = CARTESIAN_POINT('', (24.13116355, 2.88914402, 10.));
#1426 = CARTESIAN_POINT('', (24.1885723, 2.84921138, 10.));
#1427 = CARTESIAN_POINT('', (24.24557067, 2.80865185, 10.));
#1428 = CARTESIAN_POINT('', (24.30213826, 2.76746152, 10.));
#1429 = CARTESIAN_POINT('', (24.35824932, 2.72564025, 10.));
#1430 = CARTESIAN_POINT('', (24.41387503, 2.68319038, 10.));
#1431 = CARTESIAN_POINT('', (24.46898403, 2.64011653, 10.));
#1432 = CARTESIAN_POINT('', (24.52354898, 2.59642064, 10.));
#1433 = CARTESIAN_POINT('', (24.57755797, 2.55209218, 10.));
#1434 = CARTESIAN_POINT('', (24.63101768, 2.50710369, 9.99999999));
#1435 = CARTESIAN_POINT('', (24.6839381, 2.46142166, 10.));
#1436 = CARTESIAN_POINT('', (24.73631308, 2.41502353, 10.));
#1437 = CARTESIAN_POINT('', (24.78811475, 2.36790429, 10.));
#1438 = CARTESIAN_POINT('', (24.8393017, 2.32007136, 10.));
#1439 = CARTESIAN_POINT('', (24.88983044, 2.27153511, 10.));
#1440 = CARTESIAN_POINT('', (24.93965713, 2.22230735, 10.));
#1441 = CARTESIAN_POINT('', (24.98873586, 2.17240333, 10.));
#1442 = CARTESIAN_POINT('', (25.03702595, 2.1218346, 10.));
#1443 = CARTESIAN_POINT('', (25.0845053, 2.07059381, 10.));
#1444 = CARTESIAN_POINT('', (25.13117243, 2.01864908, 10.));
#1445 = CARTESIAN_POINT('', (25.1770267, 1.96596269, 10.));
#1446 = CARTESIAN_POINT('', (25.22204662, 1.91251651, 10.));
#1447 = CARTESIAN_POINT('', (25.26618863, 1.8583173, 10.));
#1448 = CARTESIAN_POINT('', (25.30940366, 1.80337994, 10.));
#1449 = CARTESIAN_POINT('', (25.35165265, 1.74770784, 10.));
#1450 = CARTESIAN_POINT('', (25.39290616, 1.69129098, 10.));
#1451 = CARTESIAN_POINT('', (25.4331339, 1.63411803, 10.));
#1452 = CARTESIAN_POINT('', (25.47230309, 1.5761792, 10.));
#1453 = CARTESIAN_POINT('', (25.5103853, 1.51745565, 10.));
#1454 = CARTESIAN_POINT('', (25.54735355, 1.45792173, 10.));
#1455 = CARTESIAN_POINT('', (25.58316534, 1.39757197, 10.));
#1456 = CARTESIAN_POINT('', (25.61775239, 1.33644533, 10.));
#1457 = CARTESIAN_POINT('', (25.65103409, 1.27461205, 10.));
#1458 = CARTESIAN_POINT('', (25.68293309, 1.21215039, 10.));
#1459 = CARTESIAN_POINT('', (25.7133816, 1.14913497, 10.));
#1460 = CARTESIAN_POINT('', (25.74233223, 1.08561192, 10.));
#1461 = CARTESIAN_POINT('', (25.76977026, 1.02156021, 10.));
#1462 = CARTESIAN_POINT('', (25.79570397, 0.95689029, 10.));
#1463 = CARTESIAN_POINT('', (25.82012811, 0.89151728, 10.));
#1464 = CARTESIAN_POINT('', (25.84300016, 0.82543647, 10.));
#1465 = CARTESIAN_POINT('', (25.86425316, 0.75872026, 10.));
#1466 = CARTESIAN_POINT('', (25.88382012, 0.69146847, 10.));
#1467 = CARTESIAN_POINT('', (25.90164709, 0.62376877, 10.));
#1468 = CARTESIAN_POINT('', (25.91769774, 0.55566969, 10.));
#1469 = CARTESIAN_POINT('', (25.93115617, 0.49098477, 10.));
#1470 = CARTESIAN_POINT('', (25.94164177, 0.43358909, 10.));
#1471 = CARTESIAN_POINT('', (25.94911448, 0.38742936, 10.));
#1472 = CARTESIAN_POINT('', (25.95474314, 0.34878766, 10.));
#1473 = CARTESIAN_POINT('', (25.95933873, 0.31390102, 10.));
#1474 = CARTESIAN_POINT('', (25.96345407, 0.27896302, 10.));
#1475 = CARTESIAN_POINT('', (25.96708358, 0.24401547, 10.));
#1476 = CARTESIAN_POINT('', (25.9700518, 0.2110139, 10.));
#1477 = CARTESIAN_POINT('', (25.97229828, 0.18191715, 10.));
#1478 = CARTESIAN_POINT('', (25.97385187, 0.15866109, 10.));
#1479 = CARTESIAN_POINT('', (25.97498818, 0.13931199, 10.));
#1480 = CARTESIAN_POINT('', (25.97588898, 0.12192838, 10.));
#1481 = CARTESIAN_POINT('', (25.97666917, 0.10456104, 10.));
#1482 = CARTESIAN_POINT('', (25.97729272, 0.08816624, 10.));
#1483 = CARTESIAN_POINT('', (25.97775152, 0.0737018, 10.));
#1484 = CARTESIAN_POINT('', (25.97805863, 0.06213709, 10.));
#1485 = CARTESIAN_POINT('', (25.97827574, 0.05250609, 10.));
#1486 = CARTESIAN_POINT('', (25.97844128, 0.0438422, 10.));
#1487 = CARTESIAN_POINT('', (25.9785695, 0.03565974, 10.));
#1488 = CARTESIAN_POINT('', (25.97865989, 0.02844059, 10.));
#1489 = CARTESIAN_POINT('', (25.97871731, 0.02266581, 10.));
#1490 = CARTESIAN_POINT('', (25.97875551, 0.01785399, 10.));
#1491 = CARTESIAN_POINT('', (25.97878096, 0.01376422, 10.));
#1492 = CARTESIAN_POINT('', (25.97879773, 0.01015579, 10.));
#1493 = CARTESIAN_POINT('', (25.97880743, 0.00726922, 10.));
#1494 = CARTESIAN_POINT('', (25.9788131, 0.00486384, 10.));
#1495 = CARTESIAN_POINT('', (25.97881617, 0.00281905, 10.));
#1496 = CARTESIAN_POINT('', (25.97881732, 0.00119772, 10.));
#1497 = CARTESIAN_POINT('', (25.97881748, 0.00029797, 10.));
#1498 = CARTESIAN_POINT('', (25.97881748, -0.00000017, 10.));
#1499 = B_SPLINE_CURVE_WITH_KNOTS('', 3, (#1398, #1399, #1400, #1401, #1402, #1403, #1404, #1405, #1406, #1407, #1408, #1409, #1410, #1411, #1412, #1413, #1414, #1415, #1416, #1417, #1418, #1419, #1420, #1421, #1422, #1423, #1424, #1425, #1426, #1427, #1428, #1429, #1430, #1431, #1432, #1433, #1434, #1435, #1436, #1437, #1438, #1439, #1440, #1441, #1442, #1443, #1444, #1445, #1446, #1447, #1448, #1449, #1450, #1451, #1452, #1453, #1454, #1455, #1456, #1457, #1458, #1459, #1460, #1461, #1462, #1463, #1464, #1465, #1466, #1467, #1468, #1469, #1470, #1471, #1472, #1473, #1474, #1475, #1476, #1477, #1478, #1479, #1480, #1481, #1482, #1483, #1484, #1485, #1486, #1487, #1488, #1489, #1490, #1491, #1492, #1493, #1494, #1495, #1496, #1497, #1498), .UNSPECIFIED., .F., .F., (4, 1, 1, 1, 1, 1, 1, 1, 1, 1, 1, 1, 1, 1, 1, 1, 1, 1, 1, 1, 1, 1, 1, 1, 1, 1, 1, 1, 1, 1, 1, 1, 1, 1, 1, 1, 1, 1, 1, 1, 1, 1, 1, 1, 1, 1, 1, 1, 1, 1, 1, 1, 1, 1, 1, 1, 1, 1, 1, 1, 1, 1, 1, 1, 1, 1, 1, 1, 1, 1, 1, 1, 1, 1, 1, 1, 1, 1, 1, 1, 1, 1, 1, 1, 1, 1, 1, 1, 1, 1, 1, 1, 1, 1, 1, 1, 1, 1, 4), (0., 0.01281191, 0.01921759, 0.02562344, 0.0320298, 0.03843692, 0.04484436, 0.05125117, 0.05765706, 0.06406304, 0.07047043, 0.07687965, 0.08329014, 0.08970125, 0.09611236, 0.10252282, 0.10893192, 0.11533911, 0.12174488, 0.12815069, 0.13455761, 0.14096537, 0.14737288, 0.15377955, 0.16018553, 0.16659136, 0.17299812, 0.1794071, 0.1858188, 0.19223244, 0.19864661, 0.20506013, 0.21147129, 0.21787787, 0.22428017, 0.2306821, 0.23708851, 0.24350164, 0.24992026, 0.25634178, 0.26276364, 0.26918386, 0.27559976, 0.28200796, 0.28840849, 0.29480622, 0.30120685, 0.30761205, 0.31401922, 0.32042528, 0.32682961, 0.3332342, 0.3396409, 0.34604971, 0.35246234, 0.35888387, 0.36531662, 0.37175591, 0.37819334, 0.38462269, 0.39103837, 0.39743463, 0.40381527, 0.41019572, 0.4165905, 0.42300144, 0.42942045, 0.43584058, 0.4422572, 0.44866708, 0.45507546, 0.46042133, 0.46470769, 0.46793189, 0.47115776, 0.47438245, 0.4776043, 0.48081806, 0.48349267, 0.48562812, 0.48722656, 0.48882188, 0.49041417, 0.49200654, 0.49333291, 0.49439319, 0.49518741, 0.49598165, 0.49677578, 0.49743747, 0.49796673, 0.49836365, 0.49876053, 0.49909124, 0.4993558, 0.49955421, 0.49975261, 0.49991803, 0.5), .UNSPECIFIED.);
#1500 = CARTESIAN_POINT('', (30., 4.03369275, 0.));
#1501 = CARTESIAN_POINT('', (29.95306225, 4.02275365, -0.));
#1502 = CARTESIAN_POINT('', (29.88272618, 4.00599964, 0.));
#1503 = CARTESIAN_POINT('', (29.78910709, 3.98295737, -0.));
#1504 = CARTESIAN_POINT('', (29.71896657, 3.96531728, -0.));
#1505 = CARTESIAN_POINT('', (29.64892345, 3.94732, 0.));
#1506 = CARTESIAN_POINT('', (29.57898814, 3.92896358, -0.));
#1507 = CARTESIAN_POINT('', (29.50916087, 3.91024339, -0.));
#1508 = CARTESIAN_POINT('', (29.4394326, 3.89115203, 0.));
#1509 = CARTESIAN_POINT('', (29.3697945, 3.87168172, -0.));
#1510 = CARTESIAN_POINT('', (29.30024484, 3.85182631, 0.));
#1511 = CARTESIAN_POINT('', (29.23078755, 3.83158108, -0.));
#1512 = CARTESIAN_POINT('', (29.16143176, 3.81094272, 0.));
#1513 = CARTESIAN_POINT('', (29.09219531, 3.78991054, -0.));
#1514 = CARTESIAN_POINT('', (29.02310066, 3.76848553, 0.));
#1515 = CARTESIAN_POINT('', (28.95415903, 3.74666549, -0.));
#1516 = CARTESIAN_POINT('', (28.8853613, 3.72444158, 0.));
#1517 = CARTESIAN_POINT('', (28.81669086, 3.70180194, -0.));
#1518 = CARTESIAN_POINT('', (28.74814171, 3.67873753, 0.));
#1519 = CARTESIAN_POINT('', (28.67972113, 3.65524345, -0.));
#1520 = CARTESIAN_POINT('', (28.61144156, 3.63131654, 0.));
#1521 = CARTESIAN_POINT('', (28.54331552, 3.60695367, -0.));
#1522 = CARTESIAN_POINT('', (28.47535609, 3.58215192, 0.));
#1523 = CARTESIAN_POINT('', (28.40757505, 3.55690793, -0.));
#1524 = CARTESIAN_POINT('', (28.33997837, 3.5312161, 0.));
#1525 = CARTESIAN_POINT('', (28.27256523, 3.50506795, -0.));
#1526 = CARTESIAN_POINT('', (28.20533152, 3.47845326, 0.));
#1527 = CARTESIAN_POINT('', (28.13827592, 3.45136233, -0.));
#1528 = CARTESIAN_POINT('', (28.07140484, 3.42378817, 0.));
#1529 = CARTESIAN_POINT('', (28.00473233, 3.39572673, -0.));
#1530 = CARTESIAN_POINT('', (27.93827433, 3.36717481, 0.));
#1531 = CARTESIAN_POINT('', (27.87204097, 3.3381266, -0.));
#1532 = CARTESIAN_POINT('', (27.80603478, 3.30857276, 0.));
#1533 = CARTESIAN_POINT('', (27.74025704, 3.27850274, -0.));
#1534 = CARTESIAN_POINT('', (27.67471462, 3.24790807, 0.));
#1535 = CARTESIAN_POINT('', (27.60942026, 3.21678267, -0.));
#1536 = CARTESIAN_POINT('', (27.544388, 3.18512094, 0.));
#1537 = CARTESIAN_POINT('', (27.47962957, 3.15291593, -0.));
#1538 = CARTESIAN_POINT('', (27.41515361, 3.12015881, 0.));
#1539 = CARTESIAN_POINT('', (27.35096667, 3.08683919, -0.));
#1540 = CARTESIAN_POINT('', (27.28707526, 3.05294605, 0.));
#1541 = CARTESIAN_POINT('', (27.22348871, 3.01846924, -0.));
#1542 = CARTESIAN_POINT('', (27.16022108, 2.98340064, 0.));
#1543 = CARTESIAN_POINT('', (27.09728974, 2.9477337, -0.));
#1544 = CARTESIAN_POINT('', (27.03471143, 2.91146119, 0.));
#1545 = CARTESIAN_POINT('', (26.972499, 2.87457327, -0.));
#1546 = CARTESIAN_POINT('', (26.91066306, 2.83705807, 0.));
#1547 = CARTESIAN_POINT('', (26.84921698, 2.79890464, -0.));
#1548 = CARTESIAN_POINT('', (26.78817762, 2.76010358, -0.));
#1549 = CARTESIAN_POINT('', (26.72756054, 2.7206441, 0.));
#1550 = CARTESIAN_POINT('', (26.66737838, 2.68051266, 0.));
#1551 = CARTESIAN_POINT('', (26.60764672, 2.63969672, -0.));
#1552 = CARTESIAN_POINT('', (26.54838958, 2.59818876, 0.));
#1553 = CARTESIAN_POINT('', (26.48963567, 2.55598425, -0.));
#1554 = CARTESIAN_POINT('', (26.43141012, 2.51307594, -0.));
#1555 = CARTESIAN_POINT('', (26.37373162, 2.46945116, -0.));
#1556 = CARTESIAN_POINT('', (26.316616, 2.42509384, 0.));
#1557 = CARTESIAN_POINT('', (26.26008053, 2.37998761, -0.));
#1558 = CARTESIAN_POINT('', (26.20414238, 2.33411444, 0.));
#1559 = CARTESIAN_POINT('', (26.14881515, 2.28745156, -0.));
#1560 = CARTESIAN_POINT('', (26.09411232, 2.23997356, 0.));
#1561 = CARTESIAN_POINT('', (26.04005765, 2.19166147, -0.));
#1562 = CARTESIAN_POINT('', (25.98669279, 2.14251089, 0.));
#1563 = CARTESIAN_POINT('', (25.93407215, 2.09252956, -0.));
#1564 = CARTESIAN_POINT('', (25.88225463, 2.04173096, 0.));
#1565 = CARTESIAN_POINT('', (25.83129929, 1.99013067, -0.));
#1566 = CARTESIAN_POINT('', (25.78126459, 1.93774589, 0.));
#1567 = CARTESIAN_POINT('', (25.73220338, 1.88459018, -0.));
#1568 = CARTESIAN_POINT('', (25.68414981, 1.83065788, 0.));
#1569 = CARTESIAN_POINT('', (25.63711317, 1.77591294, -0.));
#1570 = CARTESIAN_POINT('', (25.59108971, 1.72029714, 0.));
#1571 = CARTESIAN_POINT('', (25.54608948, 1.66375961, -0.));
#1572 = CARTESIAN_POINT('', (25.50215242, 1.60628057, 0.));
#1573 = CARTESIAN_POINT('', (25.45934129, 1.54786843, -0.));
#1574 = CARTESIAN_POINT('', (25.41773315, 1.48855364, 0.));
#1575 = CARTESIAN_POINT('', (25.37741474, 1.42838638, -0.));
#1576 = CARTESIAN_POINT('', (25.33846265, 1.36741076, 0.));
#1577 = CARTESIAN_POINT('', (25.30091509, 1.30561566, -0.));
#1578 = CARTESIAN_POINT('', (25.26477775, 1.24292738, 0.));
#1579 = CARTESIAN_POINT('', (25.23007391, 1.1792842, -0.));
#1580 = CARTESIAN_POINT('', (25.1968849, 1.11472234, 0.));
#1581 = CARTESIAN_POINT('', (25.16533066, 1.04937017, 0.));
#1582 = CARTESIAN_POINT('', (25.13551323, 0.98335267, -0.));
#1583 = CARTESIAN_POINT('', (25.10748246, 0.91670312, 0.));
#1584 = CARTESIAN_POINT('', (25.08125627, 0.8493748, -0.));
#1585 = CARTESIAN_POINT('', (25.05686564, 0.78133451, 0.));
#1586 = CARTESIAN_POINT('', (25.03436709, 0.71261337, -0.));
#1587 = CARTESIAN_POINT('', (25.01381887, 0.64326188, 0.));
#1588 = CARTESIAN_POINT('', (24.99630146, 0.57720217, -0.));
#1589 = CARTESIAN_POINT('', (24.98240465, 0.51846684, 0.));
#1590 = CARTESIAN_POINT('', (24.97233111, 0.47121493, -0.));
#1591 = CARTESIAN_POINT('', (24.96462667, 0.43169854, 0.));
#1592 = CARTESIAN_POINT('', (24.95823636, 0.3960723, -0.));
#1593 = CARTESIAN_POINT('', (24.95239103, 0.36038371, 0.));
#1594 = CARTESIAN_POINT('', (24.94709163, 0.32462845, -0.));
#1595 = CARTESIAN_POINT('', (24.94233861, 0.28879403, 0.));
#1596 = CARTESIAN_POINT('', (24.938134, 0.25287466, -0.));
#1597 = CARTESIAN_POINT('', (24.9346845, 0.21887701, 0.));
#1598 = CARTESIAN_POINT('', (24.93206517, 0.18882411, -0.));
#1599 = CARTESIAN_POINT('', (24.93024918, 0.16475462, -0.));
#1600 = CARTESIAN_POINT('', (24.92891765, 0.14468291, 0.));
#1601 = CARTESIAN_POINT('', (24.92785998, 0.1266133, -0.));
#1602 = CARTESIAN_POINT('', (24.92694304, 0.10853771, 0.));
#1603 = CARTESIAN_POINT('', (24.92621025, 0.09146572, -0.));
#1604 = CARTESIAN_POINT('', (24.92567163, 0.07640886, 0.));
#1605 = CARTESIAN_POINT('', (24.92531164, 0.06438013, -0.));
#1606 = CARTESIAN_POINT('', (24.92505748, 0.05437089, 0.));
#1607 = CARTESIAN_POINT('', (24.92486391, 0.04537166, -0.));
#1608 = CARTESIAN_POINT('', (24.92471408, 0.03687237, 0.));
#1609 = CARTESIAN_POINT('', (24.92460857, 0.02937364, -0.));
#1610 = CARTESIAN_POINT('', (24.92454164, 0.02337522, -0.));
#1611 = CARTESIAN_POINT('', (24.92449717, 0.01837704, 0.));
#1612 = CARTESIAN_POINT('', (24.92446763, 0.01412888, -0.));
#1613 = CARTESIAN_POINT('', (24.92444822, 0.01038071, 0.));
#1614 = CARTESIAN_POINT('', (24.92443706, 0.00738236, -0.));
#1615 = CARTESIAN_POINT('', (24.92443058, 0.00488383, 0.));
#1616 = CARTESIAN_POINT('', (24.92442714, 0.00276093, -0.));
#1617 = CARTESIAN_POINT('', (24.92442577, 0.00088941, 0.));
#1618 = CARTESIAN_POINT('', (24.92442576, -0.00072927, -0.));
#1619 = CARTESIAN_POINT('', (24.92442679, -0.00234498, 0.));
#1620 = CARTESIAN_POINT('', (24.92442932, -0.0042076, -0.));
#1621 = CARTESIAN_POINT('', (24.92443461, -0.00656703, 0.));
#1622 = CARTESIAN_POINT('', (24.92444465, -0.0095475, 0.));
#1623 = CARTESIAN_POINT('', (24.92446258, -0.01327334, -0.));
#1624 = CARTESIAN_POINT('', (24.92449038, -0.0174962, 0.));
#1625 = CARTESIAN_POINT('', (24.92453266, -0.02246465, -0.));
#1626 = CARTESIAN_POINT('', (24.92459682, -0.02842742, -0.));
#1627 = CARTESIAN_POINT('', (24.9246986, -0.03588162, 0.));
#1628 = CARTESIAN_POINT('', (24.92484384, -0.04433048, -0.));
#1629 = CARTESIAN_POINT('', (24.92503214, -0.05327635, 0.));
#1630 = CARTESIAN_POINT('', (24.92527983, -0.06322025, -0.));
#1631 = CARTESIAN_POINT('', (24.92563101, -0.07515968, 0.));
#1632 = CARTESIAN_POINT('', (24.92615677, -0.09009133, -0.));
#1633 = CARTESIAN_POINT('', (24.92687262, -0.10701426, 0.));
#1634 = CARTESIAN_POINT('', (24.92776975, -0.12494398, -0.));
#1635 = CARTESIAN_POINT('', (24.92880713, -0.14289788, 0.));
#1636 = CARTESIAN_POINT('', (24.93011793, -0.16289615, -0.));
#1637 = CARTESIAN_POINT('', (24.93191274, -0.18694506, -0.));
#1638 = CARTESIAN_POINT('', (24.93451128, -0.21704084, 0.));
#1639 = CARTESIAN_POINT('', (24.93794806, -0.25117576, -0.));
#1640 = CARTESIAN_POINT('', (24.94215311, -0.28731567, 0.));
#1641 = CARTESIAN_POINT('', (24.94692337, -0.32343951, -0.));
#1642 = CARTESIAN_POINT('', (24.95225269, -0.35950651, 0.));
#1643 = CARTESIAN_POINT('', (24.95813566, -0.39549355, -0.));
#1644 = CARTESIAN_POINT('', (24.96456514, -0.43137598, 0.));
#1645 = CARTESIAN_POINT('', (24.97230356, -0.47108495, -0.));
#1646 = CARTESIAN_POINT('', (24.98240516, -0.51847268, 0.));
#1647 = CARTESIAN_POINT('', (24.99632276, -0.57728919, -0.));
#1648 = CARTESIAN_POINT('', (25.01385515, -0.643392, 0.));
#1649 = CARTESIAN_POINT('', (25.03441281, -0.71276025, -0.));
#1650 = CARTESIAN_POINT('', (25.05691755, -0.78148595, 0.));
#1651 = CARTESIAN_POINT('', (25.08131279, -0.84952586, -0.));
#1652 = CARTESIAN_POINT('', (25.10754244, -0.91685111, 0.));
#1653 = CARTESIAN_POINT('', (25.1355762, -0.983497, -0.));
#1654 = CARTESIAN_POINT('', (25.16539699, -1.04951212, 0.));
#1655 = CARTESIAN_POINT('', (25.19695564, -1.1148643, 0.));
#1656 = CARTESIAN_POINT('', (25.23015066, -1.17942921, -0.));
#1657 = CARTESIAN_POINT('', (25.26486221, -1.24307814, 0.));
#1658 = CARTESIAN_POINT('', (25.30100777, -1.30577232, -0.));
#1659 = CARTESIAN_POINT('', (25.33856191, -1.36757006, 0.));
#1660 = CARTESIAN_POINT('', (25.37751816, -1.42854437, -0.));
#1661 = CARTESIAN_POINT('', (25.4178387, -1.4887075, 0.));
#1662 = CARTESIAN_POINT('', (25.45944571, -1.54801389, -0.));
#1663 = CARTESIAN_POINT('', (25.50225445, -1.60641672, 0.));
#1664 = CARTESIAN_POINT('', (25.54620335, -1.6639059, -0.));
#1665 = CARTESIAN_POINT('', (25.59125124, -1.72049722, 0.));
#1666 = CARTESIAN_POINT('', (25.63735678, -1.77620318, -0.));
#1667 = CARTESIAN_POINT('', (25.68447023, -1.83102475, 0.));
#1668 = CARTESIAN_POINT('', (25.73254533, -1.8849668, -0.));
#1669 = CARTESIAN_POINT('', (25.78155485, -1.93805377, 0.));
#1670 = CARTESIAN_POINT('', (25.83148648, -1.99032194, -0.));
#1671 = CARTESIAN_POINT('', (25.88232409, -2.04179889, 0.));
#1672 = CARTESIAN_POINT('', (25.9340354, -2.09249314, -0.));
#1673 = CARTESIAN_POINT('', (25.98657194, -2.1423972, 0.));
#1674 = CARTESIAN_POINT('', (26.03987685, -2.19149703, -0.));
#1675 = CARTESIAN_POINT('', (26.09389461, -2.23978164, 0.));
#1676 = CARTESIAN_POINT('', (26.14858062, -2.28725087, -0.));
#1677 = CARTESIAN_POINT('', (26.20390325, -2.33391562, 0.));
#1678 = CARTESIAN_POINT('', (26.25983658, -2.37979024, -0.));
#1679 = CARTESIAN_POINT('', (26.31635632, -2.42488929, 0.));
#1680 = CARTESIAN_POINT('', (26.37344424, -2.4692307, -0.));
#1681 = CARTESIAN_POINT('', (26.43109306, -2.51283907, 0.));
#1682 = CARTESIAN_POINT('', (26.48930048, -2.55574034, -0.));
#1683 = CARTESIAN_POINT('', (26.54805734, -2.59795319, 0.));
#1684 = CARTESIAN_POINT('', (26.60734266, -2.63948662, -0.));
#1685 = CARTESIAN_POINT('', (26.66712704, -2.68034338, 0.));
#1686 = CARTESIAN_POINT('', (26.72737895, -2.72052487, -0.));
#1687 = CARTESIAN_POINT('', (26.78806707, -2.76003282, 0.));
#1688 = CARTESIAN_POINT('', (26.84916108, -2.79886973, -0.));
#1689 = CARTESIAN_POINT('', (26.91063608, -2.83704158, 0.));
#1690 = CARTESIAN_POINT('', (26.97247873, -2.8745611, -0.));
#1691 = CARTESIAN_POINT('', (27.03468817, -2.91144754, 0.));
#1692 = CARTESIAN_POINT('', (27.09726646, -2.94772037, -0.));
#1693 = CARTESIAN_POINT('', (27.16020782, -2.98339328, 0.));
#1694 = CARTESIAN_POINT('', (27.22349683, -3.01847379, -0.));
#1695 = CARTESIAN_POINT('', (27.28711264, -3.05296623, 0.));
#1696 = CARTESIAN_POINT('', (27.35103335, -3.08687429, -0.));
#1697 = CARTESIAN_POINT('', (27.41523983, -3.12020313, 0.));
#1698 = CARTESIAN_POINT('', (27.47972038, -3.15296156, -0.));
#1699 = CARTESIAN_POINT('', (27.54447172, -3.18516209, 0.));
#1700 = CARTESIAN_POINT('', (27.60949245, -3.21681741, -0.));
#1701 = CARTESIAN_POINT('', (27.67477607, -3.24793703, 0.));
#1702 = CARTESIAN_POINT('', (27.74031091, -3.2785276, -0.));
#1703 = CARTESIAN_POINT('', (27.8060857, -3.30859579, 0.));
#1704 = CARTESIAN_POINT('', (27.87209372, -3.33814999, -0.));
#1705 = CARTESIAN_POINT('', (27.93833112, -3.36719947, 0.));
#1706 = CARTESIAN_POINT('', (28.00479209, -3.39575214, -0.));
#1707 = CARTESIAN_POINT('', (28.07146545, -3.42381342, 0.));
#1708 = CARTESIAN_POINT('', (28.13833624, -3.45138695, -0.));
#1709 = CARTESIAN_POINT('', (28.20539168, -3.47847732, 0.));
#1710 = CARTESIAN_POINT('', (28.27262627, -3.50509187, -0.));
#1711 = CARTESIAN_POINT('', (28.34004093, -3.53124012, 0.));
#1712 = CARTESIAN_POINT('', (28.4076366, -3.55693108, -0.));
#1713 = CARTESIAN_POINT('', (28.47540995, -3.58217175, 0.));
#1714 = CARTESIAN_POINT('', (28.54335514, -3.60696794, -0.));
#1715 = CARTESIAN_POINT('', (28.61146662, -3.63132539, 0.));
#1716 = CARTESIAN_POINT('', (28.67973797, -3.65524928, -0.));
#1717 = CARTESIAN_POINT('', (28.748158, -3.67874308, 0.));
#1718 = CARTESIAN_POINT('', (28.8167118, -3.70180893, -0.));
#1719 = CARTESIAN_POINT('', (28.88538899, -3.72445063, 0.));
#1720 = CARTESIAN_POINT('', (28.95419125, -3.74667579, -0.));
#1721 = CARTESIAN_POINT('', (29.02312797, -3.76849406, 0.));
#1722 = CARTESIAN_POINT('', (29.09220185, -3.78991248, -0.));
#1723 = CARTESIAN_POINT('', (29.16140306, -3.810934, 0.));
#1724 = CARTESIAN_POINT('', (29.23072018, -3.83156117, -0.));
#1725 = CARTESIAN_POINT('', (29.30015041, -3.85179904, 0.));
#1726 = CARTESIAN_POINT('', (29.36969436, -3.87165344, -0.));
#1727 = CARTESIAN_POINT('', (29.4393472, -3.89112845, 0.));
#1728 = CARTESIAN_POINT('', (29.50910159, -3.91022739, -0.));
#1729 = CARTESIAN_POINT('', (29.57895552, -3.92895498, 0.));
#1730 = CARTESIAN_POINT('', (29.64891055, -3.94731667, -0.));
#1731 = CARTESIAN_POINT('', (29.71896396, -3.96531662, 0.));
#1732 = CARTESIAN_POINT('', (29.78910686, -3.98295731, -0.));
#1733 = CARTESIAN_POINT('', (29.88272584, -4.00599956, 0.));
#1734 = CARTESIAN_POINT('', (29.95306155, -4.02275349, -0.));
#1735 = CARTESIAN_POINT('', (30., -4.03369275, 0.));
#1736 = B_SPLINE_CURVE_WITH_KNOTS('', 3, (#1500, #1501, #1502, #1503, #1504, #1505, #1506, #1507, #1508, #1509, #1510, #1511, #1512, #1513, #1514, #1515, #1516, #1517, #1518, #1519, #1520, #1521, #1522, #1523, #1524, #1525, #1526, #1527, #1528, #1529, #1530, #1531, #1532, #1533, #1534, #1535, #1536, #1537, #1538, #1539, #1540, #1541, #1542, #1543, #1544, #1545, #1546, #1547, #1548, #1549, #1550, #1551, #1552, #1553, #1554, #1555, #1556, #1557, #1558, #1559, #1560, #1561, #1562, #1563, #1564, #1565, #1566, #1567, #1568, #1569, #1570, #1571, #1572, #1573, #1574, #1575, #1576, #1577, #1578, #1579, #1580, #1581, #1582, #1583, #1584, #1585, #1586, #1587, #1588, #1589, #1590, #1591, #1592, #1593, #1594, #1595, #1596, #1597, #1598, #1599, #1600, #1601, #1602, #1603, #1604, #1605, #1606, #1607, #1608, #1609, #1610, #1611, #1612, #1613, #1614, #1615, #1616, #1617, #1618, #1619, #1620, #1621, #1622, #1623, #1624, #1625, #1626, #1627, #1628, #1629, #1630, #1631, #1632, #1633, #1634, #1635, #1636, #1637, #1638, #1639, #1640, #1641, #1642, #1643, #1644, #1645, #1646, #1647, #1648, #1649, #1650, #1651, #1652, #1653, #1654, #1655, #1656, #1657, #1658, #1659, #1660, #1661, #1662, #1663, #1664, #1665, #1666, #1667, #1668, #1669, #1670, #1671, #1672, #1673, #1674, #1675, #1676, #1677, #1678, #1679, #1680, #1681, #1682, #1683, #1684, #1685, #1686, #1687, #1688, #1689, #1690, #1691, #1692, #1693, #1694, #1695, #1696, #1697, #1698, #1699, #1700, #1701, #1702, #1703, #1704, #1705, #1706, #1707, #1708, #1709, #1710, #1711, #1712, #1713, #1714, #1715, #1716, #1717, #1718, #1719, #1720, #1721, #1722, #1723, #1724, #1725, #1726, #1727, #1728, #1729, #1730, #1731, #1732, #1733, #1734, #1735), .UNSPECIFIED., .F., .F., (4, 1, 1, 1, 1, 1, 1, 1, 1, 1, 1, 1, 1, 1, 1, 1, 1, 1, 1, 1, 1, 1, 1, 1, 1, 1, 1, 1, 1, 1, 1, 1, 1, 1, 1, 1, 1, 1, 1, 1, 1, 1, 1, 1, 1, 1, 1, 1, 1, 1, 1, 1, 1, 1, 1, 1, 1, 1, 1, 1, 1, 1, 1, 1, 1, 1, 1, 1, 1, 1, 1, 1, 1, 1, 1, 1, 1, 1, 1, 1, 1, 1, 1, 1, 1, 1, 1, 1, 1, 1, 1, 1, 1, 1, 1, 1, 1, 1, 1, 1, 1, 1, 1, 1, 1, 1, 1, 1, 1, 1, 1, 1, 1, 1, 1, 1, 1, 1, 1, 1, 1, 1, 1, 1, 1, 1, 1, 1, 1, 1, 1, 1, 1, 1, 1, 1, 1, 1, 1, 1, 1, 1, 1, 1, 1, 1, 1, 1, 1, 1, 1, 1, 1, 1, 1, 1, 1, 1, 1, 1, 1, 1, 1, 1, 1, 1, 1, 1, 1, 1, 1, 1, 1, 1, 1, 1, 1, 1, 1, 1, 1, 1, 1, 1, 1, 1, 1, 1, 1, 1, 1, 1, 1, 1, 1, 1, 1, 1, 1, 1, 1, 1, 1, 1, 1, 1, 1, 1, 1, 1, 1, 1, 1, 1, 1, 1, 1, 1, 1, 1, 1, 1, 1, 1, 1, 1, 1, 1, 1, 1, 1, 1, 1, 4), (0., 0.01040858, 0.01561495, 0.02082181, 0.02602816, 0.03123314, 0.03643696, 0.0416409, 0.04684621, 0.05205308, 0.05726125, 0.06247072, 0.06768056, 0.07288853, 0.07809362, 0.08329742, 0.08850236, 0.09370916, 0.09891709, 0.10412561, 0.10933427, 0.11454236, 0.11974924, 0.12495479, 0.13015967, 0.13536486, 0.14057109, 0.14577845, 0.15098618, 0.15619329, 0.16139946, 0.16660536, 0.17181185, 0.17701901, 0.1822263, 0.18743323, 0.19263966, 0.19784568, 0.20305165, 0.20825805, 0.2134651, 0.21867262, 0.22388005, 0.22908692, 0.23429332, 0.23949979, 0.24470661, 0.24991333, 0.25511983, 0.26032686, 0.26553498, 0.27074353, 0.2759513, 0.2811578, 0.28636348, 0.29156913, 0.29677536, 0.30198262, 0.30719212, 0.31240593, 0.31762514, 0.32284862, 0.32807375, 0.3332981, 0.3385193, 0.3437347, 0.34894202, 0.35414065, 0.35933406, 0.3645288, 0.36973011, 0.37493876, 0.38015255, 0.38536941, 0.39058502, 0.39579306, 0.40099437, 0.40619972, 0.41141854, 0.41664822, 0.42187571, 0.42708974, 0.43229077, 0.43748909, 0.44269263, 0.44789876, 0.45310357, 0.45831161, 0.46265644, 0.46613692, 0.46874516, 0.47135097, 0.47395346, 0.47655506, 0.47915692, 0.48175993, 0.48436506, 0.48653666, 0.48827469, 0.48957794, 0.49088094, 0.49218375, 0.49348663, 0.49457125, 0.49543756, 0.49608557, 0.4967336, 0.49738153, 0.4979214, 0.49835322, 0.49867706, 0.49900088, 0.4992707, 0.49948655, 0.49964842, 0.49981029, 0.49994502, 0.50005261, 0.50015987, 0.50029396, 0.50045487, 0.50066943, 0.50093764, 0.50125953, 0.50158144, 0.50201069, 0.50254736, 0.50319144, 0.50383562, 0.50447978, 0.50533964, 0.50641523, 0.50770647, 0.50899764, 0.51029223, 0.51159032, 0.5133258, 0.51550034, 0.51811393, 0.52073475, 0.52335765, 0.52598284, 0.52860824, 0.53123247, 0.53385533, 0.53734499, 0.54169596, 0.54690676, 0.5521125, 0.557319, 0.5625226, 0.56772074, 0.57292154, 0.5781355, 0.58336312, 0.58859316, 0.59381267, 0.59901886, 0.60422063, 0.60942859, 0.61464407, 0.61986066, 0.62507322, 0.63028144, 0.6354877, 0.64069342, 0.6458972, 0.65109783, 0.65629745, 0.66150007, 0.66670817, 0.67192158, 0.6771386, 0.68235648, 0.68757246, 0.69278521, 0.69799502, 0.70320253, 0.70840758, 0.71361053, 0.71881326, 0.72401817, 0.72922643, 0.73443764, 0.73965075, 0.7448645, 0.75007782, 0.75528956, 0.76049865, 0.76570524, 0.77091097, 0.77611767, 0.78132597, 0.78653531, 0.79174496, 0.7969541, 0.80216183, 0.80736801, 0.81257354, 0.81777941, 0.82298582, 0.82819228, 0.83339849, 0.83860463, 0.84381124, 0.84901858, 0.8542263, 0.85943359, 0.86463978, 0.869845, 0.87505006, 0.88025572, 0.88546203, 0.89066877, 0.89587605, 0.90108395, 0.90629199, 0.91149917, 0.91670468, 0.92190905, 0.927114, 0.93232041, 0.93752724, 0.94273333, 0.94793919, 0.9531457, 0.95835244, 0.96355865, 0.96876464, 0.97397116, 0.97917822, 0.98438513, 0.98959127, 1.), .UNSPECIFIED.);
#1737 = CARTESIAN_POINT('', (25.97881748, -0.00000017, 10.));
#1738 = CARTESIAN_POINT('', (25.97881748, -0.00018368, 10.));
#1739 = CARTESIAN_POINT('', (25.97881741, -0.00084944, 10.));
#1740 = CARTESIAN_POINT('', (25.97881677, -0.00211805, 10.));
#1741 = CARTESIAN_POINT('', (25.97881469, -0.00392659, 10.));
#1742 = CARTESIAN_POINT('', (25.97881024, -0.00621754, 10.));
#1743 = CARTESIAN_POINT('', (25.97880172, -0.00911149, 10.));
#1744 = CARTESIAN_POINT('', (25.9787864, -0.01272917, 10.));
#1745 = CARTESIAN_POINT('', (25.97876256, -0.01682946, 10.));
#1746 = CARTESIAN_POINT('', (25.97872621, -0.02165369, 10.));
#1747 = CARTESIAN_POINT('', (25.97867095, -0.02744339, 10.));
#1748 = CARTESIAN_POINT('', (25.97858317, -0.03468125, 10.));
#1749 = CARTESIAN_POINT('', (25.97845777, -0.04288496, 10.));
#1750 = CARTESIAN_POINT('', (25.97829506, -0.05157138, 10.));
#1751 = CARTESIAN_POINT('', (25.97808103, -0.06122261, 10.));
#1752 = CARTESIAN_POINT('', (25.97777766, -0.07280295, 10.));
#1753 = CARTESIAN_POINT('', (25.97732371, -0.08727611, 10.));
#1754 = CARTESIAN_POINT('', (25.97670577, -0.10367505, 10.));
#1755 = CARTESIAN_POINT('', (25.97593249, -0.12102412, 10.));
#1756 = CARTESIAN_POINT('', (25.97504101, -0.13834927, 10.));
#1757 = CARTESIAN_POINT('', (25.97392048, -0.15755981, 10.));
#1758 = CARTESIAN_POINT('', (25.97239316, -0.18058423, 10.));
#1759 = CARTESIAN_POINT('', (25.97018953, -0.20934348, 10.));
#1760 = CARTESIAN_POINT('', (25.96728088, -0.24195035, 10.));
#1761 = CARTESIAN_POINT('', (25.96372394, -0.27650116, 10.));
#1762 = CARTESIAN_POINT('', (25.95968219, -0.31112571, 10.));
#1763 = CARTESIAN_POINT('', (25.95515445, -0.34580448, 10.));
#1764 = CARTESIAN_POINT('', (25.95013804, -0.38053495, 10.));
#1765 = CARTESIAN_POINT('', (25.94463856, -0.41526565, 10.));
#1766 = CARTESIAN_POINT('', (25.93799108, -0.45385141, 10.));
#1767 = CARTESIAN_POINT('', (25.92927318, -0.50008609, 10.));
#1768 = CARTESIAN_POINT('', (25.91720038, -0.55771049, 10.));
#1769 = CARTESIAN_POINT('', (25.90192246, -0.62268966, 10.));
#1770 = CARTESIAN_POINT('', (25.88395164, -0.69101253, 10.));
#1771 = CARTESIAN_POINT('', (25.8642524, -0.75873437, 10.));
#1772 = CARTESIAN_POINT('', (25.84290264, -0.82573499, 10.));
#1773 = CARTESIAN_POINT('', (25.81997903, -0.89193243, 10.));
#1774 = CARTESIAN_POINT('', (25.79553744, -0.95731969, 10.));
#1775 = CARTESIAN_POINT('', (25.76959901, -1.02197277, 10.));
#1776 = CARTESIAN_POINT('', (25.74215476, -1.08601329, 10.));
#1777 = CARTESIAN_POINT('', (25.71319464, -1.14953315, 10.));
#1778 = CARTESIAN_POINT('', (25.68273654, -1.21254584, 10.));
#1779 = CARTESIAN_POINT('', (25.65082883, -1.27500332, 10.));
#1780 = CARTESIAN_POINT('', (25.6175388, -1.33683217, 10.));
#1781 = CARTESIAN_POINT('', (25.58294339, -1.39795484, 10.));
#1782 = CARTESIAN_POINT('', (25.54712297, -1.45830145, 10.));
#1783 = CARTESIAN_POINT('', (25.51014595, -1.51783272, 10.));
#1784 = CARTESIAN_POINT('', (25.47205611, -1.57655205, 10.));
#1785 = CARTESIAN_POINT('', (25.43288297, -1.63448162, 10.));
#1786 = CARTESIAN_POINT('', (25.39265839, -1.69163604, 10.));
#1787 = CARTESIAN_POINT('', (25.35141833, -1.74802188, 10.));
#1788 = CARTESIAN_POINT('', (25.30919125, -1.80365429, 10.));
#1789 = CARTESIAN_POINT('', (25.26599412, -1.85856, 10.));
#1790 = CARTESIAN_POINT('', (25.22184218, -1.91276363, 10.));
#1791 = CARTESIAN_POINT('', (25.17676119, -1.96627384, 10.));
#1792 = CARTESIAN_POINT('', (25.1307961, -2.01907613, 10.));
#1793 = CARTESIAN_POINT('', (25.08400917, -2.07113862, 10.));
#1794 = CARTESIAN_POINT('', (25.0364614, -2.12243478, 9.99999999));
#1795 = CARTESIAN_POINT('', (24.98818653, -2.17296925, 10.));
#1796 = CARTESIAN_POINT('', (24.93918431, -2.2227801, 10.));
#1797 = CARTESIAN_POINT('', (24.88944613, -2.27190862, 10.));
#1798 = CARTESIAN_POINT('', (24.83898653, -2.32036941, 10.));
#1799 = CARTESIAN_POINT('', (24.78784783, -2.36814998, 10.));
#1800 = CARTESIAN_POINT('', (24.73607941, -2.41523302, 10.));
#1801 = CARTESIAN_POINT('', (24.68371687, -2.46161509, 10.));
#1802 = CARTESIAN_POINT('', (24.63078001, -2.50730645, 10.));
#1803 = CARTESIAN_POINT('', (24.57728407, -2.55232008, 10.));
#1804 = CARTESIAN_POINT('', (24.52324716, -2.59666539, 10.));
#1805 = CARTESIAN_POINT('', (24.46868744, -2.64035095, 10.));
#1806 = CARTESIAN_POINT('', (24.41361695, -2.68338933, 10.));
#1807 = CARTESIAN_POINT('', (24.35804361, -2.72579505, 10.));
#1808 = CARTESIAN_POINT('', (24.30197973, -2.76757805, 10.));
#1809 = CARTESIAN_POINT('', (24.24544626, -2.80874124, 10.));
#1810 = CARTESIAN_POINT('', (24.18846863, -2.84928423, 10.));
#1811 = CARTESIAN_POINT('', (24.13106907, -2.88920897, 10.));
#1812 = CARTESIAN_POINT('', (24.0732625, -2.92852231, 10.));
#1813 = CARTESIAN_POINT('', (24.01505853, -2.96723399, 10.));
#1814 = CARTESIAN_POINT('', (23.95646609, -3.00535355, 10.));
#1815 = CARTESIAN_POINT('', (23.89749604, -3.0428885, 10.));
#1816 = CARTESIAN_POINT('', (23.83816116, -3.07984474, 10.));
#1817 = CARTESIAN_POINT('', (23.77847481, -3.11622737, 10.));
#1818 = CARTESIAN_POINT('', (23.71844923, -3.15204191, 10.));
#1819 = CARTESIAN_POINT('', (23.65809345, -3.18729534, 10.));
#1820 = CARTESIAN_POINT('', (23.59741327, -3.22199609, 10.));
#1821 = CARTESIAN_POINT('', (23.53641416, -3.25615211, 10.));
#1822 = CARTESIAN_POINT('', (23.47510481, -3.28976908, 10.));
#1823 = CARTESIAN_POINT('', (23.41349782, -3.32285025, 10.));
#1824 = CARTESIAN_POINT('', (23.35160777, -3.35539773, 10.));
#1825 = CARTESIAN_POINT('', (23.28944848, -3.38741395, 10.));
#1826 = CARTESIAN_POINT('', (23.22703087, -3.41890271, 10.));
#1827 = CARTESIAN_POINT('', (23.16436211, -3.44986951, 10.));
#1828 = CARTESIAN_POINT('', (23.10144568, -3.48032127, 10.));
#1829 = CARTESIAN_POINT('', (23.03828333, -3.51026529, 10.));
#1830 = CARTESIAN_POINT('', (22.97487769, -3.53970801, 10.));
#1831 = CARTESIAN_POINT('', (22.90416239, -3.57187051, 10.));
#1832 = CARTESIAN_POINT('', (22.82605294, -3.60654372, 10.));
#1833 = CARTESIAN_POINT('', (22.74046148, -3.64349623, 10.));
#1834 = CARTESIAN_POINT('', (22.66167568, -3.67657397, 10.));
#1835 = CARTESIAN_POINT('', (22.56825235, -3.71484706, 10.));
#1836 = CARTESIAN_POINT('', (22.50329259, -3.74062583, 10.));
#1837 = CARTESIAN_POINT('', (22.45986775, -3.75749733, 10.));
#1838 = B_SPLINE_CURVE_WITH_KNOTS('', 3, (#1737, #1738, #1739, #1740, #1741, #1742, #1743, #1744, #1745, #1746, #1747, #1748, #1749, #1750, #1751, #1752, #1753, #1754, #1755, #1756, #1757, #1758, #1759, #1760, #1761, #1762, #1763, #1764, #1765, #1766, #1767, #1768, #1769, #1770, #1771, #1772, #1773, #1774, #1775, #1776, #1777, #1778, #1779, #1780, #1781, #1782, #1783, #1784, #1785, #1786, #1787, #1788, #1789, #1790, #1791, #1792, #1793, #1794, #1795, #1796, #1797, #1798, #1799, #1800, #1801, #1802, #1803, #1804, #1805, #1806, #1807, #1808, #1809, #1810, #1811, #1812, #1813, #1814, #1815, #1816, #1817, #1818, #1819, #1820, #1821, #1822, #1823, #1824, #1825, #1826, #1827, #1828, #1829, #1830, #1831, #1832, #1833, #1834, #1835, #1836, #1837), .UNSPECIFIED., .F., .F., (4, 1, 1, 1, 1, 1, 1, 1, 1, 1, 1, 1, 1, 1, 1, 1, 1, 1, 1, 1, 1, 1, 1, 1, 1, 1, 1, 1, 1, 1, 1, 1, 1, 1, 1, 1, 1, 1, 1, 1, 1, 1, 1, 1, 1, 1, 1, 1, 1, 1, 1, 1, 1, 1, 1, 1, 1, 1, 1, 1, 1, 1, 1, 1, 1, 1, 1, 1, 1, 1, 1, 1, 1, 1, 1, 1, 1, 1, 1, 1, 1, 1, 1, 1, 1, 1, 1, 1, 1, 1, 1, 1, 1, 1, 1, 1, 1, 1, 4), (0.5, 0.50005045, 0.50018305, 0.50034881, 0.50054772, 0.50081296, 0.50114451, 0.50154242, 0.50194036, 0.50247098, 0.50313439, 0.50393058, 0.50472688, 0.50552316, 0.50658486, 0.50791201, 0.50950452, 0.51109696, 0.51268688, 0.51427439, 0.51638789, 0.51903136, 0.52220479, 0.52538857, 0.52858112, 0.53178926, 0.53500423, 0.53822916, 0.54145725, 0.54576944, 0.55116498, 0.55764355, 0.56412078, 0.57058729, 0.57703352, 0.58345341, 0.58984695, 0.59622504, 0.60260547, 0.60900214, 0.61541791, 0.62184723, 0.62828467, 0.63472399, 0.64115689, 0.64757871, 0.65399155, 0.66040002, 0.66680535, 0.67320699, 0.67960658, 0.68600799, 0.69241467, 0.69882768, 0.70524527, 0.71166227, 0.71807266, 0.72447568, 0.7308772, 0.73728397, 0.74369717, 0.75011272, 0.75652645, 0.76293699, 0.76934539, 0.77575301, 0.7821597, 0.78856508, 0.79497015, 0.80137661, 0.80778511, 0.81419479, 0.82060414, 0.82701215, 0.83341892, 0.83982522, 0.84623159, 0.85263813, 0.85904477, 0.86545125, 0.87185734, 0.87826318, 0.88466943, 0.89107671, 0.89748512, 0.90389414, 0.9103031, 0.91671138, 0.92311864, 0.92952501, 0.93593098, 0.9423372, 0.94874425, 0.95515223, 0.9636969, 0.97224125, 0.98078468, 0.98719075, 1.), .UNSPECIFIED.);
#1839 = DIRECTION('', (0., 1., 0.));
#1840 = VECTOR('', #1839, 1.);
#1841 = CARTESIAN_POINT('', (22.45986775, 0., 10.));
#1842 = LINE('', #1841, #1840);
#1843 = DIRECTION('', (0.32441506, -0.8349994, 0.44444445));
#1844 = DIRECTION('', (-0.80771242, -0., 0.58957666));
#1845 = CARTESIAN_POINT('', (21., 0., 8.));
#1846 = AXIS2_PLACEMENT_3D('', #1845, #1844, #1843);
#1847 = CIRCLE('', #1846, 4.5);
#1848 = DIRECTION('', (0., -1., 0.));
#1849 = VECTOR('', #1848, 1.);
#1850 = CARTESIAN_POINT('', (30., -4.03369275, 0.));
#1851 = LINE('', #1850, #1849);
#1852 = CARTESIAN_POINT('', (30., -4.5, 2.26943256));
#1853 = CARTESIAN_POINT('', (30.32863921, -4.5, 2.08842338));
#1854 = CARTESIAN_POINT('', (33.23446126, -4.5, 0.52160737));
#1855 = CARTESIAN_POINT('', (38.60043168, -4.5, -1.9061584));
#1856 = CARTESIAN_POINT('', (44.18786561, -4.5, -3.9733619));
#1857 = CARTESIAN_POINT('', (49.96008401, -4.5, -5.65262438));
#1858 = CARTESIAN_POINT('', (55.87616727, -4.5, -6.92164974));
#1859 = CARTESIAN_POINT('', (61.89186081, -4.5, -7.76400875));
#1860 = CARTESIAN_POINT('', (67.96064837, -4.5, -8.16972322));
#1861 = CARTESIAN_POINT('', (74.03493445, -4.5, -8.13561219));
#1862 = CARTESIAN_POINT('', (80.06730161, -4.5, -7.66536891));
#1863 = CARTESIAN_POINT('', (86.01163733, -4.5, -6.76940798));
#1864 = CARTESIAN_POINT('', (91.82471511, -4.5, -5.46426668));
#1865 = CARTESIAN_POINT('', (97.46526695, -4.5, -3.77273543));
#1866 = CARTESIAN_POINT('', (102.9025051, -4.5, -1.71958248));
#1867 = CARTESIAN_POINT('', (107.45134247, -4.5, 0.36396408));
#1868 = CARTESIAN_POINT('', (110.59254194, -4.5, 2.00060938));
#1869 = CARTESIAN_POINT('', (113.67732974, -4.5, 3.74124897));
#1870 = CARTESIAN_POINT('', (117.9043073, -4.5, 6.41814053));
#1871 = CARTESIAN_POINT('', (122.59024764, -4.5, 9.85630266));
#1872 = CARTESIAN_POINT('', (127.08392641, -4.5, 13.6620817));
#1873 = CARTESIAN_POINT('', (131.34779338, -4.5, 17.82317598));
#1874 = CARTESIAN_POINT('', (135.34024136, -4.5, 22.31742033));
#1875 = CARTESIAN_POINT('', (139.0238369, -4.5, 27.11759806));
#1876 = CARTESIAN_POINT('', (142.36470512, -4.5, 32.19073453));
#1877 = CARTESIAN_POINT('', (145.3338938, -4.5, 37.49909679));
#1878 = CARTESIAN_POINT('', (147.90811528, -4.5, 43.0010508));
#1879 = CARTESIAN_POINT('', (150.07037077, -4.5, 48.65217755));
#1880 = CARTESIAN_POINT('', (151.81029245, -4.5, 54.40635392));
#1881 = CARTESIAN_POINT('', (153.12428137, -4.5, 60.21743818));
#1882 = CARTESIAN_POINT('', (154.01522738, -4.5, 66.03837609));
#1883 = CARTESIAN_POINT('', (154.49230166, -4.5, 71.83073276));
#1884 = CARTESIAN_POINT('', (154.56091706, -4.5, 76.83356993));
#1885 = CARTESIAN_POINT('', (154.42956568, -4.5, 80.37313046));
#1886 = CARTESIAN_POINT('', (154.18007615, -4.5, 83.90632971));
#1887 = CARTESIAN_POINT('', (153.57464799, -4.5, 88.87287222));
#1888 = CARTESIAN_POINT('', (152.47834333, -4.5, 94.58050848));
#1889 = CARTESIAN_POINT('', (150.96749087, -4.5, 100.27211878));
#1890 = CARTESIAN_POINT('', (149.03709967, -4.5, 105.90850565));
#1891 = CARTESIAN_POINT('', (146.68934928, -4.5, 111.4425766));
#1892 = CARTESIAN_POINT('', (143.93277262, -4.5, 116.82884317));
#1893 = CARTESIAN_POINT('', (140.78263028, -4.5, 122.0225622));
#1894 = CARTESIAN_POINT('', (137.26059253, -4.5, 126.98139688));
#1895 = CARTESIAN_POINT('', (133.39428309, -4.5, 131.66645455));
#1896 = CARTESIAN_POINT('', (129.21653856, -4.5, 136.04332936));
#1897 = CARTESIAN_POINT('', (124.76457882, -4.5, 140.08287483));
#1898 = CARTESIAN_POINT('', (120.07854343, -4.5, 143.7620513));
#1899 = CARTESIAN_POINT('', (115.20217912, -4.5, 147.06328955));
#1900 = CARTESIAN_POINT('', (110.17413996, -4.5, 149.97839124));
#1901 = CARTESIAN_POINT('', (105.6841558, -4.5, 152.18590794));
#1902 = CARTESIAN_POINT('', (102.43029284, -4.5, 153.58523557));
#1903 = CARTESIAN_POINT('', (99.13151139, -4.5, 154.87511267));
#1904 = CARTESIAN_POINT('', (94.38524239, -4.5, 156.4581535));
#1905 = CARTESIAN_POINT('', (88.75897309, -4.5, 157.91557912));
#1906 = CARTESIAN_POINT('', (82.96939696, -4.5, 158.99164194));
#1907 = CARTESIAN_POINT('', (77.04978336, -4.5, 159.66502295));
#1908 = CARTESIAN_POINT('', (71.04360894, -4.5, 159.91749486));
#1909 = CARTESIAN_POINT('', (64.99562607, -4.5, 159.73725775));
#1910 = CARTESIAN_POINT('', (58.95279895, -4.5, 159.11890884));
#1911 = CARTESIAN_POINT('', (52.96266744, -4.5, 158.06386796));
#1912 = CARTESIAN_POINT('', (47.07221028, -4.5, 156.58040853));
#1913 = CARTESIAN_POINT('', (41.68395223, -4.5, 154.80142788));
#1914 = CARTESIAN_POINT('', (37.49200394, -4.5, 153.11861395));
#1915 = CARTESIAN_POINT('', (34.42449933, -4.5, 151.72513265));
#1916 = CARTESIAN_POINT('', (31.75797766, -4.5, 150.39754146));
#1917 = CARTESIAN_POINT('', (29.15425922, -4.5, 148.98421279));
#1918 = CARTESIAN_POINT('', (26.61721168, -4.5, 147.48929223));
#1919 = CARTESIAN_POINT('', (24.15035915, -4.5, 145.91713388));
#1920 = CARTESIAN_POINT('', (21.75687093, -4.5, 144.27226673));
#1921 = CARTESIAN_POINT('', (20.29579256, -4.5, 143.19227207));
#1922 = CARTESIAN_POINT('', (20., -4.5, 142.96957079));
#1923 = (
  BOUNDED_CURVE()
  B_SPLINE_CURVE(2, (#1852, #1853, #1854, #1855, #1856, #1857, #1858, #1859, #1860, #1861, #1862, #1863, #1864, #1865, #1866, #1867, #1868, #1869, #1870, #1871, #1872, #1873, #1874, #1875, #1876, #1877, #1878, #1879, #1880, #1881, #1882, #1883, #1884, #1885, #1886, #1887, #1888, #1889, #1890, #1891, #1892, #1893, #1894, #1895, #1896, #1897, #1898, #1899, #1900, #1901, #1902, #1903, #1904, #1905, #1906, #1907, #1908, #1909, #1910, #1911, #1912, #1913, #1914, #1915, #1916, #1917, #1918, #1919, #1920, #1921, #1922), .UNSPECIFIED., .F., .F.)
  B_SPLINE_CURVE_WITH_KNOTS((3, 1, 1, 1, 1, 1, 1, 1, 1, 1, 1, 1, 1, 1, 1, 1, 1, 1, 1, 1, 1, 1, 1, 1, 1, 1, 1, 1, 1, 1, 1, 1, 1, 1, 1, 1, 1, 1, 1, 1, 1, 1, 1, 1, 1, 1, 1, 1, 1, 1, 1, 1, 1, 1, 1, 1, 1, 1, 1, 1, 1, 1, 1, 1, 1, 1, 1, 1, 1, 3), (0.02922943, 0.03125, 0.046875, 0.0625, 0.078125, 0.09375, 0.109375, 0.125, 0.140625, 0.15625, 0.171875, 0.1875, 0.203125, 0.21875, 0.234375, 0.24609375, 0.25390625, 0.265625, 0.28125, 0.296875, 0.3125, 0.328125, 0.34375, 0.359375, 0.375, 0.390625, 0.40625, 0.421875, 0.4375, 0.453125, 0.46875, 0.484375, 0.49609375, 0.50390625, 0.515625, 0.53125, 0.546875, 0.5625, 0.578125, 0.59375, 0.609375, 0.625, 0.640625, 0.65625, 0.671875, 0.6875, 0.703125, 0.71875, 0.734375, 0.74609375, 0.75390625, 0.765625, 0.78125, 0.796875, 0.8125, 0.828125, 0.84375, 0.859375, 0.875, 0.890625, 0.90625, 0.91992188, 0.9296875, 0.9375, 0.9453125, 0.953125, 0.9609375, 0.96875, 0.9765625, 0.97857222), .UNSPECIFIED.)
  CURVE()
  GEOMETRIC_REPRESENTATION_ITEM()
  RATIONAL_B_SPLINE_CURVE((0.96804279, 0.96708446, 0.95889201, 0.94680142, 0.93712895, 0.9298746, 0.92503836, 0.92262024, 0.92262025, 0.92503832, 0.92987483, 0.93712761, 0.94680924, 0.95884639, 0.97366655, 0.98688917, 1.00327771, 0.98688917, 0.97366655, 0.95884639, 0.94680924, 0.93712761, 0.92987483, 0.92503832, 0.92262025, 0.92262025, 0.92503832, 0.92987483, 0.93712761, 0.94680924, 0.95884639, 0.97366655, 0.98688917, 1.00327771, 0.98688917, 0.97366655, 0.95884639, 0.94680924, 0.93712761, 0.92987483, 0.92503832, 0.92262025, 0.92262025, 0.92503832, 0.92987483, 0.93712761, 0.94680924, 0.95884639, 0.97366655, 0.98688917, 1.00327771, 0.98688917, 0.97366655, 0.95884639, 0.94680924, 0.93712761, 0.92987483, 0.92503832, 0.92262025, 0.92262024, 0.92503836, 0.92957233, 0.9347864, 0.93954707, 0.9443833, 0.94982407, 0.95586936, 0.96251918, 0.96977353, 0.9747138, 0.97574463))
  REPRESENTATION_ITEM('')
);
#1924 = CARTESIAN_POINT('', (30., 4.5, 2.26943256));
#1925 = CARTESIAN_POINT('', (30.32863921, 4.5, 2.08842338));
#1926 = CARTESIAN_POINT('', (33.23446126, 4.5, 0.52160737));
#1927 = CARTESIAN_POINT('', (38.60043168, 4.5, -1.9061584));
#1928 = CARTESIAN_POINT('', (44.18786561, 4.5, -3.9733619));
#1929 = CARTESIAN_POINT('', (49.96008401, 4.5, -5.65262438));
#1930 = CARTESIAN_POINT('', (55.87616727, 4.5, -6.92164974));
#1931 = CARTESIAN_POINT('', (61.89186081, 4.5, -7.76400875));
#1932 = CARTESIAN_POINT('', (67.96064837, 4.5, -8.16972322));
#1933 = CARTESIAN_POINT('', (74.03493445, 4.5, -8.13561219));
#1934 = CARTESIAN_POINT('', (80.06730161, 4.5, -7.66536891));
#1935 = CARTESIAN_POINT('', (86.01163733, 4.5, -6.76940798));
#1936 = CARTESIAN_POINT('', (91.82471511, 4.5, -5.46426668));
#1937 = CARTESIAN_POINT('', (97.46526695, 4.5, -3.77273543));
#1938 = CARTESIAN_POINT('', (102.9025051, 4.5, -1.71958248));
#1939 = CARTESIAN_POINT('', (107.45134247, 4.5, 0.36396408));
#1940 = CARTESIAN_POINT('', (110.59254194, 4.5, 2.00060938));
#1941 = CARTESIAN_POINT('', (113.67732974, 4.5, 3.74124897));
#1942 = CARTESIAN_POINT('', (117.9043073, 4.5, 6.41814053));
#1943 = CARTESIAN_POINT('', (122.59024764, 4.5, 9.85630266));
#1944 = CARTESIAN_POINT('', (127.08392641, 4.5, 13.6620817));
#1945 = CARTESIAN_POINT('', (131.34779338, 4.5, 17.82317598));
#1946 = CARTESIAN_POINT('', (135.34024136, 4.5, 22.31742033));
#1947 = CARTESIAN_POINT('', (139.0238369, 4.5, 27.11759806));
#1948 = CARTESIAN_POINT('', (142.36470512, 4.5, 32.19073453));
#1949 = CARTESIAN_POINT('', (145.3338938, 4.5, 37.49909679));
#1950 = CARTESIAN_POINT('', (147.90811528, 4.5, 43.0010508));
#1951 = CARTESIAN_POINT('', (150.07037077, 4.5, 48.65217755));
#1952 = CARTESIAN_POINT('', (151.81029245, 4.5, 54.40635392));
#1953 = CARTESIAN_POINT('', (153.12428137, 4.5, 60.21743818));
#1954 = CARTESIAN_POINT('', (154.01522738, 4.5, 66.03837609));
#1955 = CARTESIAN_POINT('', (154.49230166, 4.5, 71.83073276));
#1956 = CARTESIAN_POINT('', (154.56091706, 4.5, 76.83356993));
#1957 = CARTESIAN_POINT('', (154.42956568, 4.5, 80.37313046));
#1958 = CARTESIAN_POINT('', (154.18007615, 4.5, 83.90632971));
#1959 = CARTESIAN_POINT('', (153.57464799, 4.5, 88.87287222));
#1960 = CARTESIAN_POINT('', (152.47834333, 4.5, 94.58050848));
#1961 = CARTESIAN_POINT('', (150.96749087, 4.5, 100.27211878));
#1962 = CARTESIAN_POINT('', (149.03709967, 4.5, 105.90850565));
#1963 = CARTESIAN_POINT('', (146.68934928, 4.5, 111.4425766));
#1964 = CARTESIAN_POINT('', (143.93277262, 4.5, 116.82884317));
#1965 = CARTESIAN_POINT('', (140.78263028, 4.5, 122.0225622));
#1966 = CARTESIAN_POINT('', (137.26059253, 4.5, 126.98139688));
#1967 = CARTESIAN_POINT('', (133.39428309, 4.5, 131.66645455));
#1968 = CARTESIAN_POINT('', (129.21653856, 4.5, 136.04332936));
#1969 = CARTESIAN_POINT('', (124.76457882, 4.5, 140.08287483));
#1970 = CARTESIAN_POINT('', (120.07854343, 4.5, 143.7620513));
#1971 = CARTESIAN_POINT('', (115.20217912, 4.5, 147.06328955));
#1972 = CARTESIAN_POINT('', (110.17413996, 4.5, 149.97839124));
#1973 = CARTESIAN_POINT('', (105.6841558, 4.5, 152.18590794));
#1974 = CARTESIAN_POINT('', (102.43029284, 4.5, 153.58523557));
#1975 = CARTESIAN_POINT('', (99.13151139, 4.5, 154.87511267));
#1976 = CARTESIAN_POINT('', (94.38524239, 4.5, 156.4581535));
#1977 = CARTESIAN_POINT('', (88.75897309, 4.5, 157.91557912));
#1978 = CARTESIAN_POINT('', (82.96939696, 4.5, 158.99164194));
#1979 = CARTESIAN_POINT('', (77.04978336, 4.5, 159.66502295));
#1980 = CARTESIAN_POINT('', (71.04360894, 4.5, 159.91749486));
#1981 = CARTESIAN_POINT('', (64.99562607, 4.5, 159.73725775));
#1982 = CARTESIAN_POINT('', (58.95279895, 4.5, 159.11890884));
#1983 = CARTESIAN_POINT('', (52.96266744, 4.5, 158.06386796));
#1984 = CARTESIAN_POINT('', (47.07221028, 4.5, 156.58040853));
#1985 = CARTESIAN_POINT('', (41.68395223, 4.5, 154.80142788));
#1986 = CARTESIAN_POINT('', (37.49200394, 4.5, 153.11861395));
#1987 = CARTESIAN_POINT('', (34.42449933, 4.5, 151.72513265));
#1988 = CARTESIAN_POINT('', (31.75797766, 4.5, 150.39754146));
#1989 = CARTESIAN_POINT('', (29.15425922, 4.5, 148.98421279));
#1990 = CARTESIAN_POINT('', (26.61721168, 4.5, 147.48929223));
#1991 = CARTESIAN_POINT('', (24.15035915, 4.5, 145.91713388));
#1992 = CARTESIAN_POINT('', (21.75687093, 4.5, 144.27226673));
#1993 = CARTESIAN_POINT('', (20.29579256, 4.5, 143.19227207));
#1994 = CARTESIAN_POINT('', (20., 4.5, 142.96957079));
#1995 = (
  BOUNDED_CURVE()
  B_SPLINE_CURVE(2, (#1924, #1925, #1926, #1927, #1928, #1929, #1930, #1931, #1932, #1933, #1934, #1935, #1936, #1937, #1938, #1939, #1940, #1941, #1942, #1943, #1944, #1945, #1946, #1947, #1948, #1949, #1950, #1951, #1952, #1953, #1954, #1955, #1956, #1957, #1958, #1959, #1960, #1961, #1962, #1963, #1964, #1965, #1966, #1967, #1968, #1969, #1970, #1971, #1972, #1973, #1974, #1975, #1976, #1977, #1978, #1979, #1980, #1981, #1982, #1983, #1984, #1985, #1986, #1987, #1988, #1989, #1990, #1991, #1992, #1993, #1994), .UNSPECIFIED., .F., .F.)
  B_SPLINE_CURVE_WITH_KNOTS((3, 1, 1, 1, 1, 1, 1, 1, 1, 1, 1, 1, 1, 1, 1, 1, 1, 1, 1, 1, 1, 1, 1, 1, 1, 1, 1, 1, 1, 1, 1, 1, 1, 1, 1, 1, 1, 1, 1, 1, 1, 1, 1, 1, 1, 1, 1, 1, 1, 1, 1, 1, 1, 1, 1, 1, 1, 1, 1, 1, 1, 1, 1, 1, 1, 1, 1, 1, 1, 3), (0.02922943, 0.03125, 0.046875, 0.0625, 0.078125, 0.09375, 0.109375, 0.125, 0.140625, 0.15625, 0.171875, 0.1875, 0.203125, 0.21875, 0.234375, 0.24609375, 0.25390625, 0.265625, 0.28125, 0.296875, 0.3125, 0.328125, 0.34375, 0.359375, 0.375, 0.390625, 0.40625, 0.421875, 0.4375, 0.453125, 0.46875, 0.484375, 0.49609375, 0.50390625, 0.515625, 0.53125, 0.546875, 0.5625, 0.578125, 0.59375, 0.609375, 0.625, 0.640625, 0.65625, 0.671875, 0.6875, 0.703125, 0.71875, 0.734375, 0.74609375, 0.75390625, 0.765625, 0.78125, 0.796875, 0.8125, 0.828125, 0.84375, 0.859375, 0.875, 0.890625, 0.90625, 0.91992188, 0.9296875, 0.9375, 0.9453125, 0.953125, 0.9609375, 0.96875, 0.9765625, 0.97857222), .UNSPECIFIED.)
  CURVE()
  GEOMETRIC_REPRESENTATION_ITEM()
  RATIONAL_B_SPLINE_CURVE((0.96804279, 0.96708446, 0.95889201, 0.94680142, 0.93712895, 0.9298746, 0.92503836, 0.92262024, 0.92262025, 0.92503832, 0.92987483, 0.93712761, 0.94680924, 0.95884639, 0.97366655, 0.98688917, 1.00327771, 0.98688917, 0.97366655, 0.95884639, 0.94680924, 0.93712761, 0.92987483, 0.92503832, 0.92262025, 0.92262025, 0.92503832, 0.92987483, 0.93712761, 0.94680924, 0.95884639, 0.97366655, 0.98688917, 1.00327771, 0.98688917, 0.97366655, 0.95884639, 0.94680924, 0.93712761, 0.92987483, 0.92503832, 0.92262025, 0.92262025, 0.92503832, 0.92987483, 0.93712761, 0.94680924, 0.95884639, 0.97366655, 0.98688917, 1.00327771, 0.98688917, 0.97366655, 0.95884639, 0.94680924, 0.93712761, 0.92987483, 0.92503832, 0.92262025, 0.92262024, 0.92503836, 0.92957233, 0.9347864, 0.93954707, 0.9443833, 0.94982407, 0.95586936, 0.96251918, 0.96977353, 0.9747138, 0.97574463))
  REPRESENTATION_ITEM('')
);
#1996 = CARTESIAN_POINT('', (20., 4.5, 142.96957079));
#1997 = CARTESIAN_POINT('', (20., 4.5, 143.00342411));
#1998 = CARTESIAN_POINT('', (20., 4.49963432, 143.0542001));
#1999 = CARTESIAN_POINT('', (20., 4.49841461, 143.12186702));
#2000 = CARTESIAN_POINT('', (20., 4.49713494, 143.17255709));
#2001 = CARTESIAN_POINT('', (20., 4.49549091, 143.22319484));
#2002 = CARTESIAN_POINT('', (20., 4.4934814, 143.27381762));
#2003 = CARTESIAN_POINT('', (20., 4.49110383, 143.32446643));
#2004 = CARTESIAN_POINT('', (20., 4.4883555, 143.37516141));
#2005 = CARTESIAN_POINT('', (20., 4.48523427, 143.42590481));
#2006 = CARTESIAN_POINT('', (20., 4.48173892, 143.47668368));
#2007 = CARTESIAN_POINT('', (20., 4.47787051, 143.52745904));
#2008 = CARTESIAN_POINT('', (20., 4.47363315, 143.57816981));
#2009 = CARTESIAN_POINT('', (20., 4.46903112, 143.6287726));
#2010 = CARTESIAN_POINT('', (20., 4.46406467, 143.67927612));
#2011 = CARTESIAN_POINT('', (20., 4.45872959, 143.729725));
#2012 = CARTESIAN_POINT('', (20., 4.45302037, 143.78016234));
#2013 = CARTESIAN_POINT('', (20., 4.44693264, 143.83061103));
#2014 = CARTESIAN_POINT('', (20., 4.44046464, 143.88106813));
#2015 = CARTESIAN_POINT('', (20., 4.43361877, 143.93150017));
#2016 = CARTESIAN_POINT('', (20., 4.42640095, 143.98185685));
#2017 = CARTESIAN_POINT('', (20., 4.41881508, 144.03211101));
#2018 = CARTESIAN_POINT('', (20., 4.41085904, 144.08227689));
#2019 = CARTESIAN_POINT('', (20., 4.40252837, 144.13237839));
#2020 = CARTESIAN_POINT('', (20., 4.39382225, 144.18241402));
#2021 = CARTESIAN_POINT('', (20., 4.38474311, 144.23236505));
#2022 = CARTESIAN_POINT('', (20., 4.37529101, 144.2822279));
#2023 = CARTESIAN_POINT('', (20., 4.36546139, 144.33202181));
#2024 = CARTESIAN_POINT('', (20., 4.35524851, 144.38176782));
#2025 = CARTESIAN_POINT('', (20., 4.34464965, 144.43146934));
#2026 = CARTESIAN_POINT('', (20., 4.3336668, 144.48110801));
#2027 = CARTESIAN_POINT('', (20., 4.32230515, 144.53065375));
#2028 = CARTESIAN_POINT('', (20., 4.3105692, 144.58008333));
#2029 = CARTESIAN_POINT('', (20., 4.2984583, 144.62939675));
#2030 = CARTESIAN_POINT('', (20., 4.28596615, 144.67861546));
#2031 = CARTESIAN_POINT('', (20., 4.27308569, 144.72776027));
#2032 = CARTESIAN_POINT('', (20., 4.25981499, 144.77683013));
#2033 = CARTESIAN_POINT('', (20., 4.24615826, 144.8258022));
#2034 = CARTESIAN_POINT('', (20., 4.23212149, 144.87464991));
#2035 = CARTESIAN_POINT('', (20., 4.21770753, 144.92335985));
#2036 = CARTESIAN_POINT('', (20., 4.20291553, 144.97193167));
#2037 = CARTESIAN_POINT('', (20., 4.18774412, 145.02036614));
#2038 = CARTESIAN_POINT('', (20., 4.17219268, 145.06866123));
#2039 = CARTESIAN_POINT('', (20., 4.15625877, 145.11682043));
#2040 = CARTESIAN_POINT('', (20., 4.13993589, 145.16485829));
#2041 = CARTESIAN_POINT('', (20., 4.12321638, 145.21279041));
#2042 = CARTESIAN_POINT('', (20., 4.1060957, 145.26062196));
#2043 = CARTESIAN_POINT('', (20., 4.08857231, 145.30834897));
#2044 = CARTESIAN_POINT('', (20., 4.07064768, 145.35595972));
#2045 = CARTESIAN_POINT('', (20., 4.05232862, 145.40342917));
#2046 = CARTESIAN_POINT('', (20., 4.03362777, 145.45071988));
#2047 = CARTESIAN_POINT('', (20., 4.0145562, 145.4978016));
#2048 = CARTESIAN_POINT('', (20., 3.99511432, 145.5446721));
#2049 = CARTESIAN_POINT('', (20., 3.97529162, 145.59135426));
#2050 = CARTESIAN_POINT('', (20., 3.95507415, 145.6378763));
#2051 = CARTESIAN_POINT('', (20., 3.93445203, 145.68425433));
#2052 = CARTESIAN_POINT('', (20., 3.91342179, 145.73048879));
#2053 = CARTESIAN_POINT('', (20., 3.89198403, 145.776571));
#2054 = CARTESIAN_POINT('', (20., 3.87014034, 145.82249068));
#2055 = CARTESIAN_POINT('', (20., 3.84789133, 145.86823989));
#2056 = CARTESIAN_POINT('', (20., 3.82523842, 145.91380937));
#2057 = CARTESIAN_POINT('', (20., 3.80218667, 145.95918309));
#2058 = CARTESIAN_POINT('', (20., 3.77874475, 146.00433908));
#2059 = CARTESIAN_POINT('', (20., 3.75492059, 146.04925836));
#2060 = CARTESIAN_POINT('', (20., 3.73071556, 146.0939352));
#2061 = CARTESIAN_POINT('', (20., 3.70612335, 146.1383777));
#2062 = CARTESIAN_POINT('', (20., 3.68113528, 146.18259702));
#2063 = CARTESIAN_POINT('', (20., 3.65574755, 146.22659454));
#2064 = CARTESIAN_POINT('', (20., 3.62996234, 146.27036117));
#2065 = CARTESIAN_POINT('', (20., 3.60378167, 146.31388855));
#2066 = CARTESIAN_POINT('', (20., 3.5772038, 146.35717462));
#2067 = CARTESIAN_POINT('', (20., 3.55022744, 146.40021631));
#2068 = CARTESIAN_POINT('', (20., 3.52285555, 146.44300377));
#2069 = CARTESIAN_POINT('', (20., 3.495091, 146.48552785));
#2070 = CARTESIAN_POINT('', (20., 3.46693059, 146.52778875));
#2071 = CARTESIAN_POINT('', (20., 3.43519241, 146.57446046));
#2072 = CARTESIAN_POINT('', (20., 3.39970584, 146.62542346));
#2073 = CARTESIAN_POINT('', (20., 3.36028321, 146.68052889));
#2074 = CARTESIAN_POINT('', (20., 3.32016099, 146.73511731));
#2075 = CARTESIAN_POINT('', (20., 3.27934088, 146.78917527));
#2076 = CARTESIAN_POINT('', (20., 3.2378221, 146.84269242));
#2077 = CARTESIAN_POINT('', (20., 3.19912354, 146.89124249));
#2078 = CARTESIAN_POINT('', (20., 3.16343452, 146.93496657));
#2079 = CARTESIAN_POINT('', (20., 3.13092257, 146.97399469));
#2080 = CARTESIAN_POINT('', (20., 3.09801694, 147.01269652));
#2081 = CARTESIAN_POINT('', (20., 3.06471459, 147.0510704));
#2082 = CARTESIAN_POINT('', (20., 3.03101311, 147.08911366));
#2083 = CARTESIAN_POINT('', (20., 2.99691283, 147.12682031));
#2084 = CARTESIAN_POINT('', (20., 2.96241751, 147.16418072));
#2085 = CARTESIAN_POINT('', (20., 2.92753302, 147.20118333));
#2086 = CARTESIAN_POINT('', (20., 2.89226661, 147.23781563));
#2087 = CARTESIAN_POINT('', (20., 2.85662677, 147.27406441));
#2088 = CARTESIAN_POINT('', (20., 2.82062059, 147.30991851));
#2089 = CARTESIAN_POINT('', (20., 2.78424892, 147.34537334));
#2090 = CARTESIAN_POINT('', (20., 2.74750444, 147.38043193));
#2091 = CARTESIAN_POINT('', (20., 2.70624919, 147.41895346));
#2092 = CARTESIAN_POINT('', (20., 2.66032213, 147.4607616));
#2093 = CARTESIAN_POINT('', (20., 2.609552, 147.50564132));
#2094 = CARTESIAN_POINT('', (20., 2.56242211, 147.54608362));
#2095 = CARTESIAN_POINT('', (20., 2.51911313, 147.58228207));
#2096 = CARTESIAN_POINT('', (20., 2.47976682, 147.61442761));
#2097 = CARTESIAN_POINT('', (20., 2.44002431, 147.6461572));
#2098 = CARTESIAN_POINT('', (20., 2.39987164, 147.67747485));
#2099 = CARTESIAN_POINT('', (20., 2.35931887, 147.70836542));
#2100 = CARTESIAN_POINT('', (20., 2.31839034, 147.73880407));
#2101 = CARTESIAN_POINT('', (20., 2.27710729, 147.76876993));
#2102 = CARTESIAN_POINT('', (20., 2.23548209, 147.79824968));
#2103 = CARTESIAN_POINT('', (20., 2.19352477, 147.82723225));
#2104 = CARTESIAN_POINT('', (20., 2.15124801, 147.85570535));
#2105 = CARTESIAN_POINT('', (20., 2.10866543, 147.88365679));
#2106 = CARTESIAN_POINT('', (20., 2.06578964, 147.91107579));
#2107 = CARTESIAN_POINT('', (20., 2.02263509, 147.93795107));
#2108 = CARTESIAN_POINT('', (20., 1.97922073, 147.96426938));
#2109 = CARTESIAN_POINT('', (20., 1.93556015, 147.99002172));
#2110 = CARTESIAN_POINT('', (20., 1.8916446, 148.0152125));
#2111 = CARTESIAN_POINT('', (20., 1.84743937, 148.03985958));
#2112 = CARTESIAN_POINT('', (20., 1.80290569, 148.06398029));
#2113 = CARTESIAN_POINT('', (20., 1.75802466, 148.08757901));
#2114 = CARTESIAN_POINT('', (20., 1.71279946, 148.11064776));
#2115 = CARTESIAN_POINT('', (20., 1.66724783, 148.13317155));
#2116 = CARTESIAN_POINT('', (20., 1.6213979, 148.15513142));
#2117 = CARTESIAN_POINT('', (20., 1.57528005, 148.17650902));
#2118 = CARTESIAN_POINT('', (20., 1.52890631, 148.19729592));
#2119 = CARTESIAN_POINT('', (20., 1.48225581, 148.21749826));
#2120 = CARTESIAN_POINT('', (20., 1.43529046, 148.23712748));
#2121 = CARTESIAN_POINT('', (20., 1.38798949, 148.25618561));
#2122 = CARTESIAN_POINT('', (20., 1.34037067, 148.2746585));
#2123 = CARTESIAN_POINT('', (20., 1.29248311, 148.29252154));
#2124 = CARTESIAN_POINT('', (20., 1.24437973, 148.30975169));
#2125 = CARTESIAN_POINT('', (20., 1.19609788, 148.32633408));
#2126 = CARTESIAN_POINT('', (20., 1.14766003, 148.34226049));
#2127 = CARTESIAN_POINT('', (20., 1.09908361, 148.35752526));
#2128 = CARTESIAN_POINT('', (20., 1.05038689, 148.37212321));
#2129 = CARTESIAN_POINT('', (20., 1.00159307, 148.38604858));
#2130 = CARTESIAN_POINT('', (20., 0.95272937, 148.39929556));
#2131 = CARTESIAN_POINT('', (20., 0.90378673, 148.41186901));
#2132 = CARTESIAN_POINT('', (20., 0.85467198, 148.42379311));
#2133 = CARTESIAN_POINT('', (20., 0.80524172, 148.43509714));
#2134 = CARTESIAN_POINT('', (20., 0.75542548, 148.44578602));
#2135 = CARTESIAN_POINT('', (20., 0.70530221, 148.45583161));
#2136 = CARTESIAN_POINT('', (20., 0.65502444, 148.46519764));
#2137 = CARTESIAN_POINT('', (20., 0.60469725, 148.47386457));
#2138 = CARTESIAN_POINT('', (20., 0.55434926, 148.48182969));
#2139 = CARTESIAN_POINT('', (20., 0.50398822, 148.48909411));
#2140 = CARTESIAN_POINT('', (20., 0.45364042, 148.49565682));
#2141 = CARTESIAN_POINT('', (20., 0.40333155, 148.50151823));
#2142 = CARTESIAN_POINT('', (20., 0.35584489, 148.50639651));
#2143 = CARTESIAN_POINT('', (20., 0.31395079, 148.51017282));
#2144 = CARTESIAN_POINT('', (20., 0.28041285, 148.51285109));
#2145 = CARTESIAN_POINT('', (20., 0.25242499, 148.5148624));
#2146 = CARTESIAN_POINT('', (20., 0.22717319, 148.51650389));
#2147 = CARTESIAN_POINT('', (20., 0.20186384, 148.51797527));
#2148 = CARTESIAN_POINT('', (20., 0.17649201, 148.51927569));
#2149 = CARTESIAN_POINT('', (20., 0.15249331, 148.52034037));
#2150 = CARTESIAN_POINT('', (20., 0.13129517, 148.52114681));
#2151 = CARTESIAN_POINT('', (20., 0.11433526, 148.5217043));
#2152 = CARTESIAN_POINT('', (20., 0.10020884, 148.52211186));
#2153 = CARTESIAN_POINT('', (20., 0.08750961, 148.52243453));
#2154 = CARTESIAN_POINT('', (20., 0.07481859, 148.52271337));
#2155 = CARTESIAN_POINT('', (20., 0.06283796, 148.52293545));
#2156 = CARTESIAN_POINT('', (20., 0.05227046, 148.52309806));
#2157 = CARTESIAN_POINT('', (20., 0.04382356, 148.5232063));
#2158 = CARTESIAN_POINT('', (20., 0.03679053, 148.52328236));
#2159 = CARTESIAN_POINT('', (20., 0.03046461, 148.52333994));
#2160 = CARTESIAN_POINT('', (20., 0.02449037, 148.52338408));
#2161 = CARTESIAN_POINT('', (20., 0.0192195, 148.52341476));
#2162 = CARTESIAN_POINT('', (20., 0.01500318, 148.52343389));
#2163 = CARTESIAN_POINT('', (20., 0.0114899, 148.52344632));
#2164 = CARTESIAN_POINT('', (20., 0.00850381, 148.52345433));
#2165 = CARTESIAN_POINT('', (20., 0.00586916, 148.52345933));
#2166 = CARTESIAN_POINT('', (20., 0.00376156, 148.52346197));
#2167 = CARTESIAN_POINT('', (20., 0.00209311, 148.52346324));
#2168 = CARTESIAN_POINT('', (20., 0.00077597, 148.52346372));
#2169 = CARTESIAN_POINT('', (20., -0.00036563, 148.52346377));
#2170 = CARTESIAN_POINT('', (20., -0.00150742, 148.52346349));
#2171 = CARTESIAN_POINT('', (20., -0.00300085, 148.52346265));
#2172 = CARTESIAN_POINT('', (20., -0.00502157, 148.52346058));
#2173 = CARTESIAN_POINT('', (20., -0.0076574, 148.52345618));
#2174 = CARTESIAN_POINT('', (20., -0.01099631, 148.52344799));
#2175 = CARTESIAN_POINT('', (20., -0.01521408, 148.52343343));
#2176 = CARTESIAN_POINT('', (20., -0.02048676, 148.52340845));
#2177 = CARTESIAN_POINT('', (20., -0.02646295, 148.52337077));
#2178 = CARTESIAN_POINT('', (20., -0.03349447, 148.52331438));
#2179 = CARTESIAN_POINT('', (20., -0.04193695, 148.52322981));
#2180 = CARTESIAN_POINT('', (20., -0.05249749, 148.52309686));
#2181 = CARTESIAN_POINT('', (20., -0.06447662, 148.52290836));
#2182 = CARTESIAN_POINT('', (20., -0.07716647, 148.52266508));
#2183 = CARTESIAN_POINT('', (20., -0.08986311, 148.52237803));
#2184 = CARTESIAN_POINT('', (20., -0.10256602, 148.52204717));
#2185 = CARTESIAN_POINT('', (20., -0.11669292, 148.52163056));
#2186 = CARTESIAN_POINT('', (20., -0.13364909, 148.52106237));
#2187 = CARTESIAN_POINT('', (20., -0.15483829, 148.52024276));
#2188 = CARTESIAN_POINT('', (20., -0.17882266, 148.51916349));
#2189 = CARTESIAN_POINT('', (20., -0.20417697, 148.51784799));
#2190 = CARTESIAN_POINT('', (20., -0.22947451, 148.51636146));
#2191 = CARTESIAN_POINT('', (20., -0.25472827, 148.51470409));
#2192 = CARTESIAN_POINT('', (20., -0.2827663, 148.51267157));
#2193 = CARTESIAN_POINT('', (20., -0.31643666, 148.50996087));
#2194 = CARTESIAN_POINT('', (20., -0.35857603, 148.5061329));
#2195 = CARTESIAN_POINT('', (20., -0.40637054, 148.50118541));
#2196 = CARTESIAN_POINT('', (20., -0.45694183, 148.49524884));
#2197 = CARTESIAN_POINT('', (20., -0.50738822, 148.4886257));
#2198 = CARTESIAN_POINT('', (20., -0.55764779, 148.48132843));
#2199 = CARTESIAN_POINT('', (20., -0.6077497, 148.47335761));
#2200 = CARTESIAN_POINT('', (20., -0.6577719, 148.46470267));
#2201 = CARTESIAN_POINT('', (20., -0.70775317, 148.45535557));
#2202 = CARTESIAN_POINT('', (20., -0.75764456, 148.44532402));
#2203 = CARTESIAN_POINT('', (20., -0.8073503, 148.43462907));
#2204 = CARTESIAN_POINT('', (20., -0.85681695, 148.42328742));
#2205 = CARTESIAN_POINT('', (20., -0.90607635, 148.41129715));
#2206 = CARTESIAN_POINT('', (20., -0.95520005, 148.39864332));
#2207 = CARTESIAN_POINT('', (20., -1.00422745, 148.38531531));
#2208 = CARTESIAN_POINT('', (20., -1.05314221, 148.37131647));
#2209 = CARTESIAN_POINT('', (20., -1.10189444, 148.3566613));
#2210 = CARTESIAN_POINT('', (20., -1.15042926, 148.34136857));
#2211 = CARTESIAN_POINT('', (20., -1.19871015, 148.32545401));
#2212 = CARTESIAN_POINT('', (20., -1.24673867, 148.30892188));
#2213 = CARTESIAN_POINT('', (20., -1.29454626, 148.29176514));
#2214 = CARTESIAN_POINT('', (20., -1.34215241, 148.27397885));
#2215 = CARTESIAN_POINT('', (20., -1.38953851, 148.25557176));
#2216 = CARTESIAN_POINT('', (20., -1.4366694, 148.23656058));
#2217 = CARTESIAN_POINT('', (20., -1.48353114, 148.21695503));
#2218 = CARTESIAN_POINT('', (20., -1.53013753, 148.19675311));
#2219 = CARTESIAN_POINT('', (20., -1.57650389, 148.1759509));
#2220 = CARTESIAN_POINT('', (20., -1.62262386, 148.15455349));
#2221 = CARTESIAN_POINT('', (20., -1.66847093, 148.13257601));
#2222 = CARTESIAN_POINT('', (20., -1.7140171, 148.11003594));
#2223 = CARTESIAN_POINT('', (20., -1.75924685, 148.08694585));
#2224 = CARTESIAN_POINT('', (20., -1.80415658, 148.06331268));
#2225 = CARTESIAN_POINT('', (20., -1.8487506, 148.0391391));
#2226 = CARTESIAN_POINT('', (20., -1.89304102, 148.01442293));
#2227 = CARTESIAN_POINT('', (20., -1.93704591, 147.98915755));
#2228 = CARTESIAN_POINT('', (20., -1.98077789, 147.9633381));
#2229 = CARTESIAN_POINT('', (20., -2.02423553, 147.93696737));
#2230 = CARTESIAN_POINT('', (20., -2.06740749, 147.91005434));
#2231 = CARTESIAN_POINT('', (20., -2.11027473, 147.88261351));
#2232 = CARTESIAN_POINT('', (20., -2.15280722, 147.85466773));
#2233 = CARTESIAN_POINT('', (20., -2.19497186, 147.82624396));
#2234 = CARTESIAN_POINT('', (20., -2.23675611, 147.79735708));
#2235 = CARTESIAN_POINT('', (20., -2.27817978, 147.76799952));
#2236 = CARTESIAN_POINT('', (20., -2.31927306, 147.73815431));
#2237 = CARTESIAN_POINT('', (20., -2.36004613, 147.70781712));
#2238 = CARTESIAN_POINT('', (20., -2.40048361, 147.67700249));
#2239 = CARTESIAN_POINT('', (20., -2.44056295, 147.64573179));
#2240 = CARTESIAN_POINT('', (20., -2.48027254, 147.61401905));
#2241 = CARTESIAN_POINT('', (20., -2.51961317, 147.58186886));
#2242 = CARTESIAN_POINT('', (20., -2.55858803, 147.54928341));
#2243 = CARTESIAN_POINT('', (20., -2.59719596, 147.51626839));
#2244 = CARTESIAN_POINT('', (20., -2.63543328, 147.48283164));
#2245 = CARTESIAN_POINT('', (20., -2.67329842, 147.44897939));
#2246 = CARTESIAN_POINT('', (20., -2.71079117, 147.41471651));
#2247 = CARTESIAN_POINT('', (20., -2.74791044, 147.38004869));
#2248 = CARTESIAN_POINT('', (20., -2.78465533, 147.34498138));
#2249 = CARTESIAN_POINT('', (20., -2.8210267, 147.30951836));
#2250 = CARTESIAN_POINT('', (20., -2.8570245, 147.27366402));
#2251 = CARTESIAN_POINT('', (20., -2.89264478, 147.23742672));
#2252 = CARTESIAN_POINT('', (20., -2.92788116, 147.20081763));
#2253 = CARTESIAN_POINT('', (20., -2.96272897, 147.16384659));
#2254 = CARTESIAN_POINT('', (20., -2.99718726, 147.12651971));
#2255 = CARTESIAN_POINT('', (20., -3.03125708, 147.0888409));
#2256 = CARTESIAN_POINT('', (20., -3.06493872, 147.05081467));
#2257 = CARTESIAN_POINT('', (20., -3.0982309, 147.01244739));
#2258 = CARTESIAN_POINT('', (20., -3.13113187, 146.97374597));
#2259 = CARTESIAN_POINT('', (20., -3.16364065, 146.93471656));
#2260 = CARTESIAN_POINT('', (20., -3.19575679, 146.89536466));
#2261 = CARTESIAN_POINT('', (20., -3.22747983, 146.8556958));
#2262 = CARTESIAN_POINT('', (20., -3.25880966, 146.81571507));
#2263 = CARTESIAN_POINT('', (20., -3.28974707, 146.77542633));
#2264 = CARTESIAN_POINT('', (20., -3.32029327, 146.73483276));
#2265 = CARTESIAN_POINT('', (20., -3.35044861, 146.69393853));
#2266 = CARTESIAN_POINT('', (20., -3.38021164, 146.65275026));
#2267 = CARTESIAN_POINT('', (20., -3.40957841, 146.61127818));
#2268 = CARTESIAN_POINT('', (20., -3.43854334, 146.56953543));
#2269 = CARTESIAN_POINT('', (20., -3.46710341, 146.527532));
#2270 = CARTESIAN_POINT('', (20., -3.49526279, 146.48526742));
#2271 = CARTESIAN_POINT('', (20., -3.52303089, 146.44273255));
#2272 = CARTESIAN_POINT('', (20., -3.55041352, 146.39992261));
#2273 = CARTESIAN_POINT('', (20., -3.57740731, 146.35684681));
#2274 = CARTESIAN_POINT('', (20., -3.60400389, 146.31352309));
#2275 = CARTESIAN_POINT('', (20., -3.63019634, 146.26996816));
#2276 = CARTESIAN_POINT('', (20., -3.65598068, 146.22619461));
#2277 = CARTESIAN_POINT('', (20., -3.68135596, 146.18221036));
#2278 = CARTESIAN_POINT('', (20., -3.70632642, 146.13801433));
#2279 = CARTESIAN_POINT('', (20., -3.73090165, 146.09359516));
#2280 = CARTESIAN_POINT('', (20., -3.7550901, 146.04894194));
#2281 = CARTESIAN_POINT('', (20., -3.77889222, 146.00405771));
#2282 = CARTESIAN_POINT('', (20., -3.80230097, 145.95895997));
#2283 = CARTESIAN_POINT('', (20., -3.82530906, 145.91366812));
#2284 = CARTESIAN_POINT('', (20., -3.84791538, 145.86819029));
#2285 = CARTESIAN_POINT('', (20., -3.8701248, 145.82252245));
#2286 = CARTESIAN_POINT('', (20., -3.89194254, 145.77665891));
#2287 = CARTESIAN_POINT('', (20., -3.91336985, 145.73060163));
#2288 = CARTESIAN_POINT('', (20., -3.9344048, 145.68435952));
#2289 = CARTESIAN_POINT('', (20., -3.95504535, 145.63794225));
#2290 = CARTESIAN_POINT('', (20., -3.97529072, 145.59135694));
#2291 = CARTESIAN_POINT('', (20., -3.9951415, 145.54460783));
#2292 = CARTESIAN_POINT('', (20., -4.01459979, 145.49769544));
#2293 = CARTESIAN_POINT('', (20., -4.03366836, 145.4506182));
#2294 = CARTESIAN_POINT('', (20., -4.05234842, 145.40337789));
#2295 = CARTESIAN_POINT('', (20., -4.07063948, 145.35598059));
#2296 = CARTESIAN_POINT('', (20., -4.08854185, 145.30843051));
#2297 = CARTESIAN_POINT('', (20., -4.10605682, 145.26072915));
#2298 = CARTESIAN_POINT('', (20., -4.1231835, 145.21288375));
#2299 = CARTESIAN_POINT('', (20., -4.13991806, 145.16491052));
#2300 = CARTESIAN_POINT('', (20., -4.1562581, 145.1168229));
#2301 = CARTESIAN_POINT('', (20., -4.17220607, 145.06862053));
#2302 = CARTESIAN_POINT('', (20., -4.18776673, 145.02029516));
#2303 = CARTESIAN_POINT('', (20., -4.20294327, 144.97184198));
#2304 = CARTESIAN_POINT('', (20., -4.21773723, 144.92326098));
#2305 = CARTESIAN_POINT('', (20., -4.23214938, 144.87455416));
#2306 = CARTESIAN_POINT('', (20., -4.24617912, 144.82572819));
#2307 = CARTESIAN_POINT('', (20., -4.2598244, 144.77679537));
#2308 = CARTESIAN_POINT('', (20., -4.27308439, 144.72776477));
#2309 = CARTESIAN_POINT('', (20., -4.28596103, 144.67863535));
#2310 = CARTESIAN_POINT('', (20., -4.29845714, 144.62940176));
#2311 = CARTESIAN_POINT('', (20., -4.31057436, 144.58006223));
#2312 = CARTESIAN_POINT('', (20., -4.32231359, 144.53061763));
#2313 = CARTESIAN_POINT('', (20., -4.33367523, 144.4810705));
#2314 = CARTESIAN_POINT('', (20., -4.34465789, 144.43143146));
#2315 = CARTESIAN_POINT('', (20., -4.35525792, 144.38172297));
#2316 = CARTESIAN_POINT('', (20., -4.36547226, 144.33196789));
#2317 = CARTESIAN_POINT('', (20., -4.37530197, 144.2821712));
#2318 = CARTESIAN_POINT('', (20., -4.38475221, 144.23231584));
#2319 = CARTESIAN_POINT('', (20., -4.39382841, 144.18237916));
#2320 = CARTESIAN_POINT('', (20., -4.40253241, 144.13235456));
#2321 = CARTESIAN_POINT('', (20., -4.41086304, 144.08225239));
#2322 = CARTESIAN_POINT('', (20., -4.41881985, 144.0320803));
#2323 = CARTESIAN_POINT('', (20., -4.42640397, 143.98183593));
#2324 = CARTESIAN_POINT('', (20., -4.43361527, 143.93152407));
#2325 = CARTESIAN_POINT('', (20., -4.44045133, 143.8811673));
#2326 = CARTESIAN_POINT('', (20., -4.44691065, 143.83078635));
#2327 = CARTESIAN_POINT('', (20., -4.45299502, 143.78037882));
#2328 = CARTESIAN_POINT('', (20., -4.45870736, 143.72992904));
#2329 = CARTESIAN_POINT('', (20., -4.46404938, 143.67942757));
#2330 = CARTESIAN_POINT('', (20., -4.46902178, 143.62887241));
#2331 = CARTESIAN_POINT('', (20., -4.47362465, 143.57826632));
#2332 = CARTESIAN_POINT('', (20., -4.47785697, 143.5276252));
#2333 = CARTESIAN_POINT('', (20., -4.48171751, 143.47697403));
#2334 = CARTESIAN_POINT('', (20., -4.48520704, 143.42631833));
#2335 = CARTESIAN_POINT('', (20., -4.48832833, 143.37563037));
#2336 = CARTESIAN_POINT('', (20., -4.49108321, 143.32487956));
#2337 = CARTESIAN_POINT('', (20., -4.49347093, 143.27407112));
#2338 = CARTESIAN_POINT('', (20., -4.49548964, 143.22324428));
#2339 = CARTESIAN_POINT('', (20., -4.49713863, 143.17244021));
#2340 = CARTESIAN_POINT('', (20., -4.49841871, 143.12167838));
#2341 = CARTESIAN_POINT('', (20., -4.49963553, 143.05406363));
#2342 = CARTESIAN_POINT('', (20., -4.49999999, 143.00336334));
#2343 = CARTESIAN_POINT('', (20., -4.5, 142.96957079));
#2344 = B_SPLINE_CURVE_WITH_KNOTS('', 3, (#1996, #1997, #1998, #1999, #2000, #2001, #2002, #2003, #2004, #2005, #2006, #2007, #2008, #2009, #2010, #2011, #2012, #2013, #2014, #2015, #2016, #2017, #2018, #2019, #2020, #2021, #2022, #2023, #2024, #2025, #2026, #2027, #2028, #2029, #2030, #2031, #2032, #2033, #2034, #2035, #2036, #2037, #2038, #2039, #2040, #2041, #2042, #2043, #2044, #2045, #2046, #2047, #2048, #2049, #2050, #2051, #2052, #2053, #2054, #2055, #2056, #2057, #2058, #2059, #2060, #2061, #2062, #2063, #2064, #2065, #2066, #2067, #2068, #2069, #2070, #2071, #2072, #2073, #2074, #2075, #2076, #2077, #2078, #2079, #2080, #2081, #2082, #2083, #2084, #2085, #2086, #2087, #2088, #2089, #2090, #2091, #2092, #2093, #2094, #2095, #2096, #2097, #2098, #2099, #2100, #2101, #2102, #2103, #2104, #2105, #2106, #2107, #2108, #2109, #2110, #2111, #2112, #2113, #2114, #2115, #2116, #2117, #2118, #2119, #2120, #2121, #2122, #2123, #2124, #2125, #2126, #2127, #2128, #2129, #2130, #2131, #2132, #2133, #2134, #2135, #2136, #2137, #2138, #2139, #2140, #2141, #2142, #2143, #2144, #2145, #2146, #2147, #2148, #2149, #2150, #2151, #2152, #2153, #2154, #2155, #2156, #2157, #2158, #2159, #2160, #2161, #2162, #2163, #2164, #2165, #2166, #2167, #2168, #2169, #2170, #2171, #2172, #2173, #2174, #2175, #2176, #2177, #2178, #2179, #2180, #2181, #2182, #2183, #2184, #2185, #2186, #2187, #2188, #2189, #2190, #2191, #2192, #2193, #2194, #2195, #2196, #2197, #2198, #2199, #2200, #2201, #2202, #2203, #2204, #2205, #2206, #2207, #2208, #2209, #2210, #2211, #2212, #2213, #2214, #2215, #2216, #2217, #2218, #2219, #2220, #2221, #2222, #2223, #2224, #2225, #2226, #2227, #2228, #2229, #2230, #2231, #2232, #2233, #2234, #2235, #2236, #2237, #2238, #2239, #2240, #2241, #2242, #2243, #2244, #2245, #2246, #2247, #2248, #2249, #2250, #2251, #2252, #2253, #2254, #2255, #2256, #2257, #2258, #2259, #2260, #2261, #2262, #2263, #2264, #2265, #2266, #2267, #2268, #2269, #2270, #2271, #2272, #2273, #2274, #2275, #2276, #2277, #2278, #2279, #2280, #2281, #2282, #2283, #2284, #2285, #2286, #2287, #2288, #2289, #2290, #2291, #2292, #2293, #2294, #2295, #2296, #2297, #2298, #2299, #2300, #2301, #2302, #2303, #2304, #2305, #2306, #2307, #2308, #2309, #2310, #2311, #2312, #2313, #2314, #2315, #2316, #2317, #2318, #2319, #2320, #2321, #2322, #2323, #2324, #2325, #2326, #2327, #2328, #2329, #2330, #2331, #2332, #2333, #2334, #2335, #2336, #2337, #2338, #2339, #2340, #2341, #2342, #2343), .UNSPECIFIED., .F., .F., (4, 1, 1, 1, 1, 1, 1, 1, 1, 1, 1, 1, 1, 1, 1, 1, 1, 1, 1, 1, 1, 1, 1, 1, 1, 1, 1, 1, 1, 1, 1, 1, 1, 1, 1, 1, 1, 1, 1, 1, 1, 1, 1, 1, 1, 1, 1, 1, 1, 1, 1, 1, 1, 1, 1, 1, 1, 1, 1, 1, 1, 1, 1, 1, 1, 1, 1, 1, 1, 1, 1, 1, 1, 1, 1, 1, 1, 1, 1, 1, 1, 1, 1, 1, 1, 1, 1, 1, 1, 1, 1, 1, 1, 1, 1, 1, 1, 1, 1, 1, 1, 1, 1, 1, 1, 1, 1, 1, 1, 1, 1, 1, 1, 1, 1, 1, 1, 1, 1, 1, 1, 1, 1, 1, 1, 1, 1, 1, 1, 1, 1, 1, 1, 1, 1, 1, 1, 1, 1, 1, 1, 1, 1, 1, 1, 1, 1, 1, 1, 1, 1, 1, 1, 1, 1, 1, 1, 1, 1, 1, 1, 1, 1, 1, 1, 1, 1, 1, 1, 1, 1, 1, 1, 1, 1, 1, 1, 1, 1, 1, 1, 1, 1, 1, 1, 1, 1, 1, 1, 1, 1, 1, 1, 1, 1, 1, 1, 1, 1, 1, 1, 1, 1, 1, 1, 1, 1, 1, 1, 1, 1, 1, 1, 1, 1, 1, 1, 1, 1, 1, 1, 1, 1, 1, 1, 1, 1, 1, 1, 1, 1, 1, 1, 1, 1, 1, 1, 1, 1, 1, 1, 1, 1, 1, 1, 1, 1, 1, 1, 1, 1, 1, 1, 1, 1, 1, 1, 1, 1, 1, 1, 1, 1, 1, 1, 1, 1, 1, 1, 1, 1, 1, 1, 1, 1, 1, 1, 1, 1, 1, 1, 1, 1, 1, 1, 1, 1, 1, 1, 1, 1, 1, 1, 1, 1, 1, 1, 1, 1, 1, 1, 1, 1, 1, 1, 1, 1, 1, 1, 1, 1, 1, 1, 1, 1, 1, 1, 1, 1, 1, 1, 1, 1, 1, 1, 1, 1, 1, 1, 1, 1, 1, 1, 1, 1, 1, 1, 1, 1, 1, 1, 1, 1, 1, 1, 4), (0., 0.00640695, 0.00960967, 0.01280838, 0.01600335, 0.01919816, 0.02239653, 0.02559945, 0.02880653, 0.03201812, 0.03523233, 0.03844386, 0.04164883, 0.04484868, 0.048048, 0.05124976, 0.05445515, 0.05766493, 0.06087715, 0.0640872, 0.06729257, 0.07049574, 0.07369999, 0.07690471, 0.0801075, 0.08330835, 0.08650954, 0.0897131, 0.09291938, 0.09612729, 0.09933465, 0.10253953, 0.10574213, 0.10894478, 0.11214974, 0.11535716, 0.1185651, 0.12177157, 0.12497593, 0.12817882, 0.13138083, 0.13458155, 0.13778107, 0.14098109, 0.14418343, 0.14738847, 0.15059584, 0.15380556, 0.15701644, 0.16022541, 0.16342991, 0.16663014, 0.1698287, 0.17302823, 0.17623011, 0.17943454, 0.18264096, 0.18584889, 0.18905819, 0.1922688, 0.19547993, 0.19869002, 0.2018977, 0.20510277, 0.20830648, 0.21151045, 0.21471522, 0.21791998, 0.2211241, 0.22432824, 0.22753301, 0.23073758, 0.23394112, 0.23714437, 0.2403486, 0.24462275, 0.24889713, 0.25317111, 0.25744407, 0.26171686, 0.26598959, 0.26919401, 0.27239836, 0.27560288, 0.27880803, 0.28201422, 0.28522149, 0.28842951, 0.29163775, 0.29484575, 0.29805289, 0.30125839, 0.30446227, 0.30766564, 0.31086987, 0.31514441, 0.31941938, 0.32369363, 0.32689753, 0.33010167, 0.33330921, 0.33652197, 0.33973875, 0.34295692, 0.34617506, 0.34939292, 0.3526101, 0.35582582, 0.35903929, 0.36225, 0.36545749, 0.36866066, 0.37185808, 0.37505059, 0.37824203, 0.38143651, 0.38463551, 0.38783843, 0.39104462, 0.39425254, 0.39745951, 0.40066459, 0.4038702, 0.40708049, 0.41029793, 0.41352126, 0.41674677, 0.4199707, 0.42319126, 0.42640805, 0.42962042, 0.43282762, 0.43602914, 0.4392234, 0.44240892, 0.44559236, 0.44878843, 0.45200514, 0.4552347, 0.45846293, 0.46168394, 0.46489936, 0.46810982, 0.47131345, 0.47450832, 0.47769521, 0.48034764, 0.48246898, 0.48406262, 0.48565814, 0.4872581, 0.48886064, 0.49046619, 0.49180445, 0.4928754, 0.49367769, 0.49447907, 0.49527958, 0.49608012, 0.49674687, 0.49727979, 0.49767888, 0.49807799, 0.49847706, 0.49880958, 0.49907556, 0.49927503, 0.49947449, 0.4996407, 0.49977366, 0.49987337, 0.49995646, 0.50002293, 0.50008943, 0.50017255, 0.50030558, 0.50047186, 0.5006714, 0.50093749, 0.50127011, 0.5016693, 0.50206854, 0.50260091, 0.50326718, 0.50406735, 0.50486831, 0.50566925, 0.50647088, 0.50727323, 0.50834402, 0.50968174, 0.5112864, 0.51288777, 0.51448663, 0.51608235, 0.51767746, 0.51980689, 0.52247523, 0.52568523, 0.52890037, 0.5321116, 0.53531418, 0.53851177, 0.54171267, 0.54492158, 0.54813475, 0.55134362, 0.55454372, 0.55773927, 0.56093821, 0.5641439, 0.56735449, 0.57056701, 0.57377817, 0.57698493, 0.58018782, 0.58339103, 0.58659754, 0.58980561, 0.59301174, 0.59621543, 0.59941914, 0.60262503, 0.60583301, 0.60904105, 0.61224706, 0.61545047, 0.61865176, 0.62185131, 0.6250502, 0.62825064, 0.63145436, 0.63466139, 0.63787086, 0.64108231, 0.64429393, 0.64750225, 0.65070587, 0.65390745, 0.65711096, 0.66031756, 0.66352547, 0.6667326, 0.66993824, 0.67314306, 0.6763479, 0.67955267, 0.68275695, 0.68596095, 0.68916504, 0.69236916, 0.69557324, 0.69877772, 0.70198295, 0.70518866, 0.70839421, 0.71159922, 0.71480382, 0.71800832, 0.72121292, 0.72441752, 0.72762198, 0.73082631, 0.73403062, 0.73723489, 0.74043914, 0.74364354, 0.74684835, 0.75005372, 0.75325956, 0.75646555, 0.75967098, 0.76287511, 0.76607839, 0.76928247, 0.77248854, 0.77569595, 0.77890318, 0.7821095, 0.78531458, 0.78851787, 0.79171965, 0.79492156, 0.7981252, 0.80133069, 0.80453659, 0.80774143, 0.81094496, 0.81414816, 0.81735213, 0.82055691, 0.82376184, 0.82696655, 0.83017095, 0.83337489, 0.83657861, 0.83978275, 0.84298759, 0.84619264, 0.84939768, 0.85260333, 0.85580967, 0.85901528, 0.86221902, 0.86542152, 0.86862413, 0.87182725, 0.8750308, 0.87823516, 0.88144031, 0.88464525, 0.88784925, 0.89105293, 0.89425728, 0.89746238, 0.90066815, 0.90387503, 0.90708279, 0.91028976, 0.91349411, 0.91669555, 0.91989588, 0.92309749, 0.92630114, 0.92950551, 0.93270974, 0.93591511, 0.93912222, 0.94232882, 0.94553279, 0.94873511, 0.95193793, 0.95514167, 0.95834608, 0.96155191, 0.96475865, 0.96796357, 0.97116569, 0.97436821, 0.97757469, 0.98078467, 0.98399457, 0.9872015, 0.99040466, 0.99360455, 1.), .UNSPECIFIED.);
#2345 = CARTESIAN_POINT('', (20., 4.5, 142.96957079));
#2346 = CARTESIAN_POINT('', (20., 4.5, 142.93036328));
#2347 = CARTESIAN_POINT('', (20., 4.49950916, 142.87151622));
#2348 = CARTESIAN_POINT('', (20., 4.49787324, 142.79302298));
#2349 = CARTESIAN_POINT('', (20., 4.49615216, 142.73405884));
#2350 = CARTESIAN_POINT('', (20., 4.49393621, 142.67503734));
#2351 = CARTESIAN_POINT('', (20., 4.49122425, 142.61597101));
#2352 = CARTESIAN_POINT('', (20., 4.48801714, 142.55690288));
#2353 = CARTESIAN_POINT('', (20., 4.48431882, 142.49790224));
#2354 = CARTESIAN_POINT('', (20., 4.48013454, 142.43902452));
#2355 = CARTESIAN_POINT('', (20., 4.47546696, 142.38027267));
#2356 = CARTESIAN_POINT('', (20., 4.47031426, 142.32160352));
#2357 = CARTESIAN_POINT('', (20., 4.46467194, 142.262964));
#2358 = CARTESIAN_POINT('', (20., 4.45853575, 142.20432174));
#2359 = CARTESIAN_POINT('', (20., 4.45190329, 142.14567084));
#2360 = CARTESIAN_POINT('', (20., 4.444774, 142.08702266));
#2361 = CARTESIAN_POINT('', (20., 4.4371493, 142.02840163));
#2362 = CARTESIAN_POINT('', (20., 4.42903275, 141.9698428));
#2363 = CARTESIAN_POINT('', (20., 4.42042896, 141.9113809));
#2364 = CARTESIAN_POINT('', (20., 4.41134064, 141.85303188));
#2365 = CARTESIAN_POINT('', (20., 4.40176742, 141.79479151));
#2366 = CARTESIAN_POINT('', (20., 4.39170903, 141.73665864));
#2367 = CARTESIAN_POINT('', (20., 4.38116751, 141.67864544));
#2368 = CARTESIAN_POINT('', (20., 4.37014383, 141.62075658));
#2369 = CARTESIAN_POINT('', (20., 4.35863343, 141.5629696));
#2370 = CARTESIAN_POINT('', (20., 4.34662835, 141.50525117));
#2371 = CARTESIAN_POINT('', (20., 4.33412321, 141.44758616));
#2372 = CARTESIAN_POINT('', (20., 4.3211174, 141.38998313));
#2373 = CARTESIAN_POINT('', (20., 4.30761394, 141.33246513));
#2374 = CARTESIAN_POINT('', (20., 4.2936185, 141.27506376));
#2375 = CARTESIAN_POINT('', (20., 4.27913765, 141.21780987));
#2376 = CARTESIAN_POINT('', (20., 4.26417354, 141.1607141));
#2377 = CARTESIAN_POINT('', (20., 4.24872146, 141.10376154));
#2378 = CARTESIAN_POINT('', (20., 4.23277541, 141.04693593));
#2379 = CARTESIAN_POINT('', (20., 4.21633513, 140.99024336));
#2380 = CARTESIAN_POINT('', (20., 4.19940531, 140.93370585));
#2381 = CARTESIAN_POINT('', (20., 4.18198863, 140.87733673));
#2382 = CARTESIAN_POINT('', (20., 4.16408188, 140.82113036));
#2383 = CARTESIAN_POINT('', (20., 4.14567929, 140.76507479));
#2384 = CARTESIAN_POINT('', (20., 4.12677809, 140.70916912));
#2385 = CARTESIAN_POINT('', (20., 4.10738028, 140.65342665));
#2386 = CARTESIAN_POINT('', (20., 4.0874892, 140.59786338));
#2387 = CARTESIAN_POINT('', (20., 4.06710596, 140.54248829));
#2388 = CARTESIAN_POINT('', (20., 4.04622982, 140.48730523));
#2389 = CARTESIAN_POINT('', (20., 4.02486025, 140.43231895));
#2390 = CARTESIAN_POINT('', (20., 4.00299665, 140.37753409));
#2391 = CARTESIAN_POINT('', (20., 3.98063599, 140.32294946));
#2392 = CARTESIAN_POINT('', (20., 3.95777284, 140.26855917));
#2393 = CARTESIAN_POINT('', (20., 3.93440363, 140.21436288));
#2394 = CARTESIAN_POINT('', (20., 3.91053062, 140.16037409));
#2395 = CARTESIAN_POINT('', (20., 3.88616009, 140.10661425));
#2396 = CARTESIAN_POINT('', (20., 3.8612952, 140.05309662));
#2397 = CARTESIAN_POINT('', (20., 3.8359326, 139.9998204));
#2398 = CARTESIAN_POINT('', (20., 3.81006772, 139.94678316));
#2399 = CARTESIAN_POINT('', (20., 3.78370058, 139.89399252));
#2400 = CARTESIAN_POINT('', (20., 3.75683369, 139.84146074));
#2401 = CARTESIAN_POINT('', (20., 3.72946608, 139.7891929));
#2402 = CARTESIAN_POINT('', (20., 3.6984939, 139.73140522));
#2403 = CARTESIAN_POINT('', (20., 3.66369886, 139.66821568));
#2404 = CARTESIAN_POINT('', (20., 3.62483706, 139.59977303));
#2405 = CARTESIAN_POINT('', (20., 3.58839266, 139.53751414));
#2406 = CARTESIAN_POINT('', (20., 3.55461163, 139.48131575));
#2407 = CARTESIAN_POINT('', (20., 3.5237096, 139.43105687));
#2408 = CARTESIAN_POINT('', (20., 3.49230165, 139.38111405));
#2409 = CARTESIAN_POINT('', (20., 3.4603806, 139.33148422));
#2410 = CARTESIAN_POINT('', (20., 3.42794161, 139.28216884));
#2411 = CARTESIAN_POINT('', (20., 3.39498393, 139.23317605));
#2412 = CARTESIAN_POINT('', (20., 3.3615103, 139.184519));
#2413 = CARTESIAN_POINT('', (20., 3.32752507, 139.1362128));
#2414 = CARTESIAN_POINT('', (20., 3.29303338, 139.08827307));
#2415 = CARTESIAN_POINT('', (20., 3.2580402, 139.04071463));
#2416 = CARTESIAN_POINT('', (20., 3.22254781, 138.99354816));
#2417 = CARTESIAN_POINT('', (20., 3.18655292, 138.946777));
#2418 = CARTESIAN_POINT('', (20., 3.15004745, 138.90039899));
#2419 = CARTESIAN_POINT('', (20., 3.11302438, 138.85441437));
#2420 = CARTESIAN_POINT('', (20., 3.0754832, 138.80883201));
#2421 = CARTESIAN_POINT('', (20., 3.03742931, 138.7636678));
#2422 = CARTESIAN_POINT('', (20., 2.99887086, 138.71894025));
#2423 = CARTESIAN_POINT('', (20., 2.95981652, 138.67466763));
#2424 = CARTESIAN_POINT('', (20., 2.92027225, 138.63086445));
#2425 = CARTESIAN_POINT('', (20., 2.88023654, 138.58753667));
#2426 = CARTESIAN_POINT('', (20., 2.83969996, 138.54468235));
#2427 = CARTESIAN_POINT('', (20., 2.79865322, 138.50230086));
#2428 = CARTESIAN_POINT('', (20., 2.75709399, 138.46039951));
#2429 = CARTESIAN_POINT('', (20., 2.71502491, 138.41899076));
#2430 = CARTESIAN_POINT('', (20., 2.67245009, 138.37808825));
#2431 = CARTESIAN_POINT('', (20., 2.62937656, 138.33770817));
#2432 = CARTESIAN_POINT('', (20., 2.58581509, 138.29786952));
#2433 = CARTESIAN_POINT('', (20., 2.54177335, 138.25858767));
#2434 = CARTESIAN_POINT('', (20., 2.49724872, 138.21986862));
#2435 = CARTESIAN_POINT('', (20., 2.45223224, 138.18171356));
#2436 = CARTESIAN_POINT('', (20., 2.40672004, 138.14412893));
#2437 = CARTESIAN_POINT('', (20., 2.36072074, 138.10713156));
#2438 = CARTESIAN_POINT('', (20., 2.29878792, 138.05863564));
#2439 = CARTESIAN_POINT('', (20., 2.25163839, 138.02319377));
#2440 = CARTESIAN_POINT('', (20., 2.21990681, 138.));
#2441 = B_SPLINE_CURVE_WITH_KNOTS('', 3, (#2345, #2346, #2347, #2348, #2349, #2350, #2351, #2352, #2353, #2354, #2355, #2356, #2357, #2358, #2359, #2360, #2361, #2362, #2363, #2364, #2365, #2366, #2367, #2368, #2369, #2370, #2371, #2372, #2373, #2374, #2375, #2376, #2377, #2378, #2379, #2380, #2381, #2382, #2383, #2384, #2385, #2386, #2387, #2388, #2389, #2390, #2391, #2392, #2393, #2394, #2395, #2396, #2397, #2398, #2399, #2400, #2401, #2402, #2403, #2404, #2405, #2406, #2407, #2408, #2409, #2410, #2411, #2412, #2413, #2414, #2415, #2416, #2417, #2418, #2419, #2420, #2421, #2422, #2423, #2424, #2425, #2426, #2427, #2428, #2429, #2430, #2431, #2432, #2433, #2434, #2435, #2436, #2437, #2438, #2439, #2440), .UNSPECIFIED., .F., .F., (4, 1, 1, 1, 1, 1, 1, 1, 1, 1, 1, 1, 1, 1, 1, 1, 1, 1, 1, 1, 1, 1, 1, 1, 1, 1, 1, 1, 1, 1, 1, 1, 1, 1, 1, 1, 1, 1, 1, 1, 1, 1, 1, 1, 1, 1, 1, 1, 1, 1, 1, 1, 1, 1, 1, 1, 1, 1, 1, 1, 1, 1, 1, 1, 1, 1, 1, 1, 1, 1, 1, 1, 1, 1, 1, 1, 1, 1, 1, 1, 1, 1, 1, 1, 1, 1, 1, 1, 1, 1, 1, 1, 1, 4), (0., 0.02076169, 0.03116149, 0.04157346, 0.0519982, 0.06243709, 0.07288373, 0.08332254, 0.09374095, 0.10413981, 0.11453137, 0.12492754, 0.13533454, 0.14575367, 0.15618283, 0.16661906, 0.17705666, 0.18748786, 0.19790976, 0.2083267, 0.21874166, 0.22915017, 0.23954939, 0.24994633, 0.26035115, 0.27076706, 0.28119135, 0.29162142, 0.30205258, 0.31247743, 0.32289367, 0.33330755, 0.34372571, 0.35414673, 0.36456466, 0.37497734, 0.38538807, 0.39580148, 0.40621897, 0.41663785, 0.42705484, 0.43746979, 0.44788394, 0.45829691, 0.46870811, 0.47911888, 0.48953222, 0.49995036, 0.51037158, 0.52079098, 0.53120613, 0.54161997, 0.55203586, 0.56245245, 0.5728669, 0.58327982, 0.59369415, 0.60758498, 0.62147757, 0.63536967, 0.64578545, 0.65619854, 0.66661122, 0.67702633, 0.68744537, 0.69786801, 0.70829301, 0.71871873, 0.72914356, 0.73956591, 0.7499846, 0.76040071, 0.77081761, 0.78123806, 0.7916619, 0.80208685, 0.81251093, 0.82293208, 0.83334805, 0.84375939, 0.85417015, 0.86458409, 0.87500133, 0.88542046, 0.89584156, 0.9062639, 0.91668413, 0.92710001, 0.93751345, 0.94792859, 0.95834752, 0.96876845, 0.97918706, 1.), .UNSPECIFIED.);
#2442 = CARTESIAN_POINT('', (20., -2.21990681, 138.));
#2443 = CARTESIAN_POINT('', (20., -2.24370134, 138.0173923));
#2444 = CARTESIAN_POINT('', (20., -2.2791421, 138.04384743));
#2445 = CARTESIAN_POINT('', (20., -2.3258797, 138.07982921));
#2446 = CARTESIAN_POINT('', (20., -2.36069495, 138.10718273));
#2447 = CARTESIAN_POINT('', (20., -2.39525222, 138.13488478));
#2448 = CARTESIAN_POINT('', (20., -2.42953994, 138.16292256));
#2449 = CARTESIAN_POINT('', (20., -2.46354998, 138.19128545));
#2450 = CARTESIAN_POINT('', (20., -2.49727976, 138.21996709));
#2451 = CARTESIAN_POINT('', (20., -2.53072867, 138.24896282));
#2452 = CARTESIAN_POINT('', (20., -2.56389595, 138.27826783));
#2453 = CARTESIAN_POINT('', (20., -2.59678283, 138.30787907));
#2454 = CARTESIAN_POINT('', (20., -2.62939323, 138.33779612));
#2455 = CARTESIAN_POINT('', (20., -2.66172873, 138.36801681));
#2456 = CARTESIAN_POINT('', (20., -2.6937852, 138.39853349));
#2457 = CARTESIAN_POINT('', (20., -2.72908732, 138.43275962));
#2458 = CARTESIAN_POINT('', (20., -2.76751655, 138.47081409));
#2459 = CARTESIAN_POINT('', (20., -2.8089439, 138.512832));
#2460 = CARTESIAN_POINT('', (20., -2.84646789, 138.55180577));
#2461 = CARTESIAN_POINT('', (20., -2.880224, 138.58759662));
#2462 = CARTESIAN_POINT('', (20., -2.91032871, 138.62008226));
#2463 = CARTESIAN_POINT('', (20., -2.94015055, 138.65283058));
#2464 = CARTESIAN_POINT('', (20., -2.96968448, 138.68583226));
#2465 = CARTESIAN_POINT('', (20., -2.99892617, 138.71907839));
#2466 = CARTESIAN_POINT('', (20., -3.02787506, 138.75256412));
#2467 = CARTESIAN_POINT('', (20., -3.05653535, 138.78629023));
#2468 = CARTESIAN_POINT('', (20., -3.08491203, 138.82025887));
#2469 = CARTESIAN_POINT('', (20., -3.11300641, 138.85446809));
#2470 = CARTESIAN_POINT('', (20., -3.14081589, 138.88891124));
#2471 = CARTESIAN_POINT('', (20., -3.16833756, 138.92358099));
#2472 = CARTESIAN_POINT('', (20., -3.19557103, 138.95847309));
#2473 = CARTESIAN_POINT('', (20., -3.22251837, 138.99358643));
#2474 = CARTESIAN_POINT('', (20., -3.2491816, 139.02892019));
#2475 = CARTESIAN_POINT('', (20., -3.27556082, 139.06447101));
#2476 = CARTESIAN_POINT('', (20., -3.30165407, 139.10023282));
#2477 = CARTESIAN_POINT('', (20., -3.32745934, 139.13619919));
#2478 = CARTESIAN_POINT('', (20., -3.35297637, 139.17236613));
#2479 = CARTESIAN_POINT('', (20., -3.37820683, 139.20873234));
#2480 = CARTESIAN_POINT('', (20., -3.40315251, 139.24529695));
#2481 = CARTESIAN_POINT('', (20., -3.42781362, 139.28205687));
#2482 = CARTESIAN_POINT('', (20., -3.45218859, 139.3190064));
#2483 = CARTESIAN_POINT('', (20., -3.47627582, 139.3561395));
#2484 = CARTESIAN_POINT('', (20., -3.50007515, 139.39345238));
#2485 = CARTESIAN_POINT('', (20., -3.52358819, 139.43094394));
#2486 = CARTESIAN_POINT('', (20., -3.54681673, 139.46861367));
#2487 = CARTESIAN_POINT('', (20., -3.5697614, 139.50645932));
#2488 = CARTESIAN_POINT('', (20., -3.59242165, 139.54447669));
#2489 = CARTESIAN_POINT('', (20., -3.61479711, 139.58266182));
#2490 = CARTESIAN_POINT('', (20., -3.63688871, 139.62101301));
#2491 = CARTESIAN_POINT('', (20., -3.65869799, 139.65952974));
#2492 = CARTESIAN_POINT('', (20., -3.68022523, 139.69820945));
#2493 = CARTESIAN_POINT('', (20., -3.70146881, 139.73704611));
#2494 = CARTESIAN_POINT('', (20., -3.72242681, 139.77603287));
#2495 = CARTESIAN_POINT('', (20., -3.74309905, 139.81516596));
#2496 = CARTESIAN_POINT('', (20., -3.76348716, 139.85444508));
#2497 = CARTESIAN_POINT('', (20., -3.78359292, 139.89387049));
#2498 = CARTESIAN_POINT('', (20., -3.80341678, 139.93344));
#2499 = CARTESIAN_POINT('', (20., -3.82295823, 139.97314952));
#2500 = CARTESIAN_POINT('', (20., -3.84221741, 140.01299617));
#2501 = CARTESIAN_POINT('', (20., -3.86119587, 140.05298012));
#2502 = CARTESIAN_POINT('', (20., -3.87989556, 140.0931027));
#2503 = CARTESIAN_POINT('', (20., -3.89831715, 140.13336265));
#2504 = CARTESIAN_POINT('', (20., -3.9164593, 140.17375442));
#2505 = CARTESIAN_POINT('', (20., -3.93431907, 140.21426851));
#2506 = CARTESIAN_POINT('', (20., -3.95189322, 140.25489423));
#2507 = CARTESIAN_POINT('', (20., -3.96918106, 140.29562622));
#2508 = CARTESIAN_POINT('', (20., -3.98618663, 140.33647046));
#2509 = CARTESIAN_POINT('', (20., -4.00291663, 140.37744025));
#2510 = CARTESIAN_POINT('', (20., -4.01937444, 140.41854195));
#2511 = CARTESIAN_POINT('', (20., -4.03555687, 140.45976574));
#2512 = CARTESIAN_POINT('', (20., -4.05145774, 140.50109319));
#2513 = CARTESIAN_POINT('', (20., -4.06707335, 140.54251119));
#2514 = CARTESIAN_POINT('', (20., -4.08240423, 140.58401729));
#2515 = CARTESIAN_POINT('', (20., -4.09745347, 140.62561626));
#2516 = CARTESIAN_POINT('', (20., -4.11222471, 140.6673152));
#2517 = CARTESIAN_POINT('', (20., -4.12672064, 140.70911923));
#2518 = CARTESIAN_POINT('', (20., -4.14094151, 140.75102696));
#2519 = CARTESIAN_POINT('', (20., -4.15488552, 140.79303083));
#2520 = CARTESIAN_POINT('', (20., -4.1685513, 140.83512401));
#2521 = CARTESIAN_POINT('', (20., -4.18193938, 140.87730539));
#2522 = CARTESIAN_POINT('', (20., -4.19505101, 140.91957638));
#2523 = CARTESIAN_POINT('', (20., -4.20788637, 140.96193521));
#2524 = CARTESIAN_POINT('', (20., -4.22044468, 141.00437686));
#2525 = CARTESIAN_POINT('', (20., -4.23272543, 141.04689691));
#2526 = CARTESIAN_POINT('', (20., -4.24472884, 141.08949348));
#2527 = CARTESIAN_POINT('', (20., -4.25645574, 141.13216691));
#2528 = CARTESIAN_POINT('', (20., -4.26918076, 141.17967337));
#2529 = CARTESIAN_POINT('', (20., -4.28278714, 141.23204592));
#2530 = CARTESIAN_POINT('', (20., -4.29714147, 141.28931393));
#2531 = CARTESIAN_POINT('', (20., -4.30984766, 141.34191314));
#2532 = CARTESIAN_POINT('', (20., -4.32103689, 141.38979788));
#2533 = CARTESIAN_POINT('', (20., -4.33082818, 141.43294279));
#2534 = CARTESIAN_POINT('', (20., -4.3403458, 141.47615724));
#2535 = CARTESIAN_POINT('', (20., -4.34959253, 141.51945327));
#2536 = CARTESIAN_POINT('', (20., -4.35856644, 141.56282165));
#2537 = CARTESIAN_POINT('', (20., -4.36726302, 141.60623887));
#2538 = CARTESIAN_POINT('', (20., -4.3756795, 141.64968725));
#2539 = CARTESIAN_POINT('', (20., -4.38381669, 141.69316647));
#2540 = CARTESIAN_POINT('', (20., -4.39167752, 141.73668851));
#2541 = CARTESIAN_POINT('', (20., -4.39926439, 141.78026483));
#2542 = CARTESIAN_POINT('', (20., -4.40657831, 141.82390028));
#2543 = CARTESIAN_POINT('', (20., -4.41361948, 141.86759582));
#2544 = CARTESIAN_POINT('', (20., -4.42038797, 141.91135199));
#2545 = CARTESIAN_POINT('', (20., -4.427605, 141.96003429));
#2546 = CARTESIAN_POINT('', (20., -4.43515113, 142.01364631));
#2547 = CARTESIAN_POINT('', (20., -4.44289124, 142.07218611));
#2548 = CARTESIAN_POINT('', (20., -4.44953348, 142.12587576));
#2549 = CARTESIAN_POINT('', (20., -4.45521155, 142.17469828));
#2550 = CARTESIAN_POINT('', (20., -4.46004505, 142.21865449));
#2551 = CARTESIAN_POINT('', (20., -4.46460464, 142.26265129));
#2552 = CARTESIAN_POINT('', (20., -4.46889049, 142.30669236));
#2553 = CARTESIAN_POINT('', (20., -4.47290131, 142.35076595));
#2554 = CARTESIAN_POINT('', (20., -4.47663607, 142.39486006));
#2555 = CARTESIAN_POINT('', (20., -4.48009479, 142.43897308));
#2556 = CARTESIAN_POINT('', (20., -4.48327767, 142.48310683));
#2557 = CARTESIAN_POINT('', (20., -4.48618471, 142.52726166));
#2558 = CARTESIAN_POINT('', (20., -4.48881635, 142.57144547));
#2559 = CARTESIAN_POINT('', (20., -4.49117319, 142.61567517));
#2560 = CARTESIAN_POINT('', (20., -4.49325477, 142.65995597));
#2561 = CARTESIAN_POINT('', (20., -4.49505936, 142.70426482));
#2562 = CARTESIAN_POINT('', (20., -4.49658546, 142.7485657));
#2563 = CARTESIAN_POINT('', (20., -4.49783278, 142.79283559));
#2564 = CARTESIAN_POINT('', (20., -4.49880187, 142.83706953));
#2565 = CARTESIAN_POINT('', (20., -4.49972349, 142.89597548));
#2566 = CARTESIAN_POINT('', (20., -4.5, 142.94014062));
#2567 = CARTESIAN_POINT('', (20., -4.5, 142.96957079));
#2568 = B_SPLINE_CURVE_WITH_KNOTS('', 3, (#2442, #2443, #2444, #2445, #2446, #2447, #2448, #2449, #2450, #2451, #2452, #2453, #2454, #2455, #2456, #2457, #2458, #2459, #2460, #2461, #2462, #2463, #2464, #2465, #2466, #2467, #2468, #2469, #2470, #2471, #2472, #2473, #2474, #2475, #2476, #2477, #2478, #2479, #2480, #2481, #2482, #2483, #2484, #2485, #2486, #2487, #2488, #2489, #2490, #2491, #2492, #2493, #2494, #2495, #2496, #2497, #2498, #2499, #2500, #2501, #2502, #2503, #2504, #2505, #2506, #2507, #2508, #2509, #2510, #2511, #2512, #2513, #2514, #2515, #2516, #2517, #2518, #2519, #2520, #2521, #2522, #2523, #2524, #2525, #2526, #2527, #2528, #2529, #2530, #2531, #2532, #2533, #2534, #2535, #2536, #2537, #2538, #2539, #2540, #2541, #2542, #2543, #2544, #2545, #2546, #2547, #2548, #2549, #2550, #2551, #2552, #2553, #2554, #2555, #2556, #2557, #2558, #2559, #2560, #2561, #2562, #2563, #2564, #2565, #2566, #2567), .UNSPECIFIED., .F., .F., (4, 1, 1, 1, 1, 1, 1, 1, 1, 1, 1, 1, 1, 1, 1, 1, 1, 1, 1, 1, 1, 1, 1, 1, 1, 1, 1, 1, 1, 1, 1, 1, 1, 1, 1, 1, 1, 1, 1, 1, 1, 1, 1, 1, 1, 1, 1, 1, 1, 1, 1, 1, 1, 1, 1, 1, 1, 1, 1, 1, 1, 1, 1, 1, 1, 1, 1, 1, 1, 1, 1, 1, 1, 1, 1, 1, 1, 1, 1, 1, 1, 1, 1, 1, 1, 1, 1, 1, 1, 1, 1, 1, 1, 1, 1, 1, 1, 1, 1, 1, 1, 1, 1, 1, 1, 1, 1, 1, 1, 1, 1, 1, 1, 1, 1, 1, 1, 1, 1, 1, 1, 1, 1, 4), (0., 0.01560701, 0.02341781, 0.03123344, 0.039052, 0.04687053, 0.05468709, 0.06250191, 0.07031565, 0.07812772, 0.08593817, 0.09374904, 0.10156169, 0.10937458, 0.11718552, 0.12759839, 0.13801272, 0.14843003, 0.15624663, 0.16406447, 0.17188284, 0.17970053, 0.18751582, 0.1953283, 0.20313973, 0.21095221, 0.21876614, 0.22658032, 0.2343936, 0.24220596, 0.25001827, 0.25783147, 0.2656456, 0.27345984, 0.28127328, 0.28908579, 0.29689808, 0.30471099, 0.31252458, 0.3203381, 0.32815069, 0.33596221, 0.34377333, 0.35158484, 0.35939692, 0.3672091, 0.37502096, 0.38283279, 0.3906455, 0.39845933, 0.40627332, 0.41408622, 0.42189785, 0.42970904, 0.43752067, 0.44533278, 0.45314473, 0.46095625, 0.46876811, 0.47658142, 0.48439654, 0.49221269, 0.50002848, 0.507842, 0.51565179, 0.52345959, 0.53126998, 0.53908561, 0.54690413, 0.55472088, 0.56253366, 0.57034323, 0.57815096, 0.58595874, 0.59376852, 0.60158055, 0.60939302, 0.61720441, 0.62501542, 0.63282741, 0.64064024, 0.64845284, 0.65626475, 0.6640762, 0.67188748, 0.67969934, 0.69011913, 0.70054091, 0.71096215, 0.71877309, 0.72658038, 0.73438962, 0.74220488, 0.75002398, 0.75784099, 0.76565229, 0.77345891, 0.7812643, 0.78907143, 0.79688103, 0.80469294, 0.81250804, 0.82032683, 0.83075344, 0.84117702, 0.8515948, 0.85940043, 0.86720428, 0.87501126, 0.88282286, 0.89063554, 0.89844601, 0.90625564, 0.91406642, 0.92187689, 0.92968759, 0.93750456, 0.94533109, 0.95316153, 0.9609869, 0.96880368, 0.97661309, 0.98441575, 1.), .UNSPECIFIED.);
#2569 = DIRECTION('', (0., 1., 0.));
#2570 = VECTOR('', #2569, 1.);
#2571 = CARTESIAN_POINT('', (14., -4.5, 138.));
#2572 = LINE('', #2571, #2570);
#2573 = CARTESIAN_POINT('', (20., 2.21990681, 138.));
#2574 = CARTESIAN_POINT('', (19.9835332, 2.23822471, 138.));
#2575 = CARTESIAN_POINT('', (19.95504317, 2.26941281, 138.));
#2576 = CARTESIAN_POINT('', (19.91166945, 2.31563303, 138.));
#2577 = CARTESIAN_POINT('', (19.87015243, 2.35881259, 138.));
#2578 = CARTESIAN_POINT('', (19.8255921, 2.40396621, 138.));
#2579 = CARTESIAN_POINT('', (19.78045686, 2.44854693, 138.));
#2580 = CARTESIAN_POINT('', (19.7347702, 2.49255108, 138.));
#2581 = CARTESIAN_POINT('', (19.68855019, 2.53598022, 138.));
#2582 = CARTESIAN_POINT('', (19.6418122, 2.57883827, 138.));
#2583 = CARTESIAN_POINT('', (19.5945711, 2.62112913, 138.));
#2584 = CARTESIAN_POINT('', (19.5468411, 2.66285698, 138.));
#2585 = CARTESIAN_POINT('', (19.49863446, 2.70402717, 138.));
#2586 = CARTESIAN_POINT('', (19.44996065, 2.74464704, 138.));
#2587 = CARTESIAN_POINT('', (19.40082721, 2.78472471, 138.));
#2588 = CARTESIAN_POINT('', (19.35124359, 2.82426613, 138.));
#2589 = CARTESIAN_POINT('', (19.3012248, 2.86327242, 138.));
#2590 = CARTESIAN_POINT('', (19.25079074, 2.90174099, 138.));
#2591 = CARTESIAN_POINT('', (19.19996029, 2.93967029, 138.));
#2592 = CARTESIAN_POINT('', (19.1487455, 2.9770639, 138.));
#2593 = CARTESIAN_POINT('', (19.09715192, 3.01392976, 138.));
#2594 = CARTESIAN_POINT('', (19.04518409, 3.05027583, 138.));
#2595 = CARTESIAN_POINT('', (18.99285089, 3.08610654, 138.));
#2596 = CARTESIAN_POINT('', (18.94016609, 3.12142277, 138.));
#2597 = CARTESIAN_POINT('', (18.88714453, 3.15622472, 138.));
#2598 = CARTESIAN_POINT('', (18.83379833, 3.1905144, 138.));
#2599 = CARTESIAN_POINT('', (18.77417399, 3.22804916, 138.));
#2600 = CARTESIAN_POINT('', (18.70814523, 3.26862048, 138.));
#2601 = CARTESIAN_POINT('', (18.63557717, 3.31199808, 138.));
#2602 = CARTESIAN_POINT('', (18.56858224, 3.35095963, 138.));
#2603 = CARTESIAN_POINT('', (18.50731021, 3.38574971, 138.));
#2604 = CARTESIAN_POINT('', (18.45188912, 3.41657839, 138.));
#2605 = CARTESIAN_POINT('', (18.39620345, 3.4469254, 138.));
#2606 = CARTESIAN_POINT('', (18.34026355, 3.47679218, 138.));
#2607 = CARTESIAN_POINT('', (18.28407597, 3.50618217, 138.));
#2608 = CARTESIAN_POINT('', (18.22764278, 3.5351008, 138.));
#2609 = CARTESIAN_POINT('', (18.17096478, 3.56355386, 138.));
#2610 = CARTESIAN_POINT('', (18.1140461, 3.59154506, 138.));
#2611 = CARTESIAN_POINT('', (18.05689591, 3.6190755, 138.));
#2612 = CARTESIAN_POINT('', (17.99952603, 3.64614505, 138.));
#2613 = CARTESIAN_POINT('', (17.94194867, 3.67275348, 138.));
#2614 = CARTESIAN_POINT('', (17.88417563, 3.69890086, 138.));
#2615 = CARTESIAN_POINT('', (17.82621447, 3.72458924, 138.));
#2616 = CARTESIAN_POINT('', (17.76806268, 3.74982493, 138.));
#2617 = CARTESIAN_POINT('', (17.70970955, 3.77461726, 138.));
#2618 = CARTESIAN_POINT('', (17.65114902, 3.79897289, 138.));
#2619 = CARTESIAN_POINT('', (17.59238949, 3.82289214, 138.));
#2620 = CARTESIAN_POINT('', (17.53344847, 3.84637181, 138.));
#2621 = CARTESIAN_POINT('', (17.47434214, 3.8694096, 138.));
#2622 = CARTESIAN_POINT('', (17.41508185, 3.89200528, 138.));
#2623 = CARTESIAN_POINT('', (17.35567462, 3.91416033, 138.));
#2624 = CARTESIAN_POINT('', (17.29612078, 3.93587865, 138.));
#2625 = CARTESIAN_POINT('', (17.23641272, 3.95716667, 138.));
#2626 = CARTESIAN_POINT('', (17.17654199, 3.97803061, 138.));
#2627 = CARTESIAN_POINT('', (17.11650929, 3.99847309, 138.));
#2628 = CARTESIAN_POINT('', (17.04964359, 4.02071593, 138.));
#2629 = CARTESIAN_POINT('', (16.97590346, 4.04457599, 138.));
#2630 = CARTESIAN_POINT('', (16.89523782, 4.06985152, 138.));
#2631 = CARTESIAN_POINT('', (16.82109569, 4.09233472, 138.));
#2632 = CARTESIAN_POINT('', (16.75353312, 4.11223365, 138.));
#2633 = CARTESIAN_POINT('', (16.69259967, 4.12972912, 138.));
#2634 = CARTESIAN_POINT('', (16.63154264, 4.14681216, 138.));
#2635 = CARTESIAN_POINT('', (16.57036623, 4.16348371, 138.));
#2636 = CARTESIAN_POINT('', (16.50906954, 4.179746, 138.));
#2637 = CARTESIAN_POINT('', (16.44765299, 4.19560068, 138.));
#2638 = CARTESIAN_POINT('', (16.38612771, 4.21104661, 138.));
#2639 = CARTESIAN_POINT('', (16.32451373, 4.22608068, 138.));
#2640 = CARTESIAN_POINT('', (16.26282475, 4.24070172, 138.));
#2641 = CARTESIAN_POINT('', (16.20105532, 4.25491315, 138.));
#2642 = CARTESIAN_POINT('', (16.13918824, 4.2687206, 138.));
#2643 = CARTESIAN_POINT('', (16.07721713, 4.28212671, 138.));
#2644 = CARTESIAN_POINT('', (16.01515433, 4.29512999, 138.));
#2645 = CARTESIAN_POINT('', (15.95301282, 4.30772909, 138.));
#2646 = CARTESIAN_POINT('', (15.89079167, 4.31992556, 138.));
#2647 = CARTESIAN_POINT('', (15.82848674, 4.3317213, 138.));
#2648 = CARTESIAN_POINT('', (15.76610482, 4.34311604, 138.));
#2649 = CARTESIAN_POINT('', (15.70365554, 4.35410908, 138.));
#2650 = CARTESIAN_POINT('', (15.64113674, 4.36470187, 138.));
#2651 = CARTESIAN_POINT('', (15.57853965, 4.37489666, 138.));
#2652 = CARTESIAN_POINT('', (15.51586668, 4.3846936, 138.));
#2653 = CARTESIAN_POINT('', (15.45313586, 4.3940905, 138.));
#2654 = CARTESIAN_POINT('', (15.3903667, 4.4030854, 138.));
#2655 = CARTESIAN_POINT('', (15.32756448, 4.41167862, 138.));
#2656 = CARTESIAN_POINT('', (15.26471982, 4.41987235, 138.));
#2657 = CARTESIAN_POINT('', (15.20182221, 4.42766851, 138.));
#2658 = CARTESIAN_POINT('', (15.13886919, 4.43506771, 138.));
#2659 = CARTESIAN_POINT('', (15.07586154, 4.44207007, 138.));
#2660 = CARTESIAN_POINT('', (15.01279567, 4.44867608, 138.));
#2661 = CARTESIAN_POINT('', (14.94265003, 4.45557634, 138.));
#2662 = CARTESIAN_POINT('', (14.86541865, 4.46259979, 138.));
#2663 = CARTESIAN_POINT('', (14.78110899, 4.46955218, 138.));
#2664 = CARTESIAN_POINT('', (14.70380716, 4.47527248, 138.));
#2665 = CARTESIAN_POINT('', (14.63353103, 4.4799533, 138.));
#2666 = CARTESIAN_POINT('', (14.57026569, 4.4837667, 138.));
#2667 = CARTESIAN_POINT('', (14.50693675, 4.48718305, 138.));
#2668 = CARTESIAN_POINT('', (14.44353332, 4.49020166, 138.));
#2669 = CARTESIAN_POINT('', (14.38008643, 4.49281992, 138.));
#2670 = CARTESIAN_POINT('', (14.31664347, 4.49503545, 138.));
#2671 = CARTESIAN_POINT('', (14.25323458, 4.49684749, 138.));
#2672 = CARTESIAN_POINT('', (14.18986684, 4.49825631, 138.));
#2673 = CARTESIAN_POINT('', (14.10546255, 4.49959716, 138.));
#2674 = CARTESIAN_POINT('', (14.0421753, 4.49999999, 138.));
#2675 = CARTESIAN_POINT('', (14., 4.5, 138.));
#2676 = B_SPLINE_CURVE_WITH_KNOTS('', 3, (#2573, #2574, #2575, #2576, #2577, #2578, #2579, #2580, #2581, #2582, #2583, #2584, #2585, #2586, #2587, #2588, #2589, #2590, #2591, #2592, #2593, #2594, #2595, #2596, #2597, #2598, #2599, #2600, #2601, #2602, #2603, #2604, #2605, #2606, #2607, #2608, #2609, #2610, #2611, #2612, #2613, #2614, #2615, #2616, #2617, #2618, #2619, #2620, #2621, #2622, #2623, #2624, #2625, #2626, #2627, #2628, #2629, #2630, #2631, #2632, #2633, #2634, #2635, #2636, #2637, #2638, #2639, #2640, #2641, #2642, #2643, #2644, #2645, #2646, #2647, #2648, #2649, #2650, #2651, #2652, #2653, #2654, #2655, #2656, #2657, #2658, #2659, #2660, #2661, #2662, #2663, #2664, #2665, #2666, #2667, #2668, #2669, #2670, #2671, #2672, #2673, #2674, #2675), .UNSPECIFIED., .F., .F., (4, 1, 1, 1, 1, 1, 1, 1, 1, 1, 1, 1, 1, 1, 1, 1, 1, 1, 1, 1, 1, 1, 1, 1, 1, 1, 1, 1, 1, 1, 1, 1, 1, 1, 1, 1, 1, 1, 1, 1, 1, 1, 1, 1, 1, 1, 1, 1, 1, 1, 1, 1, 1, 1, 1, 1, 1, 1, 1, 1, 1, 1, 1, 1, 1, 1, 1, 1, 1, 1, 1, 1, 1, 1, 1, 1, 1, 1, 1, 1, 1, 1, 1, 1, 1, 1, 1, 1, 1, 1, 1, 1, 1, 1, 1, 1, 1, 1, 1, 1, 4), (0., 0.01120511, 0.01921592, 0.02883379, 0.03845424, 0.04807434, 0.05769281, 0.06730972, 0.07692535, 0.08653979, 0.09615309, 0.10576561, 0.11537828, 0.12499248, 0.13460933, 0.14422827, 0.1538472, 0.16346426, 0.17307942, 0.18269432, 0.1923105, 0.20192819, 0.21154637, 0.22116372, 0.23077977, 0.24039486, 0.25321431, 0.26603376, 0.27885371, 0.2884698, 0.29808663, 0.30770338, 0.31731921, 0.32693412, 0.33654915, 0.34616563, 0.35578406, 0.36540365, 0.3750231, 0.38464151, 0.39425788, 0.40387105, 0.41348221, 0.42309529, 0.43271305, 0.44233421, 0.45195547, 0.46157511, 0.47119255, 0.48080682, 0.49041828, 0.50002954, 0.50964342, 0.51926053, 0.52887902, 0.54170018, 0.55451799, 0.56733332, 0.57694485, 0.58655831, 0.59617262, 0.60578706, 0.61540305, 0.62502185, 0.6346421, 0.64426015, 0.6538731, 0.66348259, 0.6730939, 0.68270956, 0.69232608, 0.70194003, 0.71155364, 0.72116988, 0.73078676, 0.74040145, 0.7500156, 0.75963265, 0.76925279, 0.77887251, 0.78848804, 0.79809893, 0.80770819, 0.81731879, 0.82693077, 0.83654341, 0.84615819, 0.85577715, 0.86860751, 0.88143657, 0.89426028, 0.9038691, 0.91347685, 0.92309268, 0.93272008, 0.94235249, 0.95197999, 0.96159864, 0.97120973, 0.98081386, 1.), .UNSPECIFIED.);
#2677 = CARTESIAN_POINT('', (20., -2.21990681, 138.));
#2678 = CARTESIAN_POINT('', (19.97961059, -2.24258827, 138.));
#2679 = CARTESIAN_POINT('', (19.94868443, -2.27631416, 138.));
#2680 = CARTESIAN_POINT('', (19.90330103, -2.32439106, 138.));
#2681 = CARTESIAN_POINT('', (19.86089319, -2.36832673, 138.));
#2682 = CARTESIAN_POINT('', (19.80710677, -2.42250493, 138.));
#2683 = CARTESIAN_POINT('', (19.74512884, -2.48286675, 138.));
#2684 = CARTESIAN_POINT('', (19.67837916, -2.54558475, 138.));
#2685 = CARTESIAN_POINT('', (19.6105491, -2.60711991, 138.));
#2686 = CARTESIAN_POINT('', (19.54168195, -2.66748413, 138.));
#2687 = CARTESIAN_POINT('', (19.47182331, -2.72668587, 138.));
#2688 = CARTESIAN_POINT('', (19.40101002, -2.7847399, 138.));
#2689 = CARTESIAN_POINT('', (19.32926238, -2.8416721, 138.));
#2690 = CARTESIAN_POINT('', (19.25659883, -2.89750635, 138.));
#2691 = CARTESIAN_POINT('', (19.18305765, -2.9522491, 138.));
#2692 = CARTESIAN_POINT('', (19.10869695, -3.00589218, 138.));
#2693 = CARTESIAN_POINT('', (19.03357582, -3.05842812, 138.));
#2694 = CARTESIAN_POINT('', (18.95773812, -3.10986079, 138.));
#2695 = CARTESIAN_POINT('', (18.88121087, -3.16020482, 138.));
#2696 = CARTESIAN_POINT('', (18.8040126, -3.2094788, 138.));
#2697 = CARTESIAN_POINT('', (18.72616042, -3.25770035, 138.));
#2698 = CARTESIAN_POINT('', (18.64767307, -3.30488446, 138.));
#2699 = CARTESIAN_POINT('', (18.568572, -3.3510432, 138.));
#2700 = CARTESIAN_POINT('', (18.48888252, -3.39618537, 138.));
#2701 = CARTESIAN_POINT('', (18.40863175, -3.44031825, 138.));
#2702 = CARTESIAN_POINT('', (18.32784171, -3.4834513, 138.));
#2703 = CARTESIAN_POINT('', (18.24652618, -3.52559753, 138.));
#2704 = CARTESIAN_POINT('', (18.16469731, -3.56676952, 138.));
#2705 = CARTESIAN_POINT('', (18.08237578, -3.60697464, 138.));
#2706 = CARTESIAN_POINT('', (17.99959258, -3.64621493, 138.));
#2707 = CARTESIAN_POINT('', (17.9163796, -3.68449222, 138.));
#2708 = CARTESIAN_POINT('', (17.83275752, -3.72181353, 138.));
#2709 = CARTESIAN_POINT('', (17.74872948, -3.75819292, 138.));
#2710 = CARTESIAN_POINT('', (17.66428692, -3.793648, 138.));
#2711 = CARTESIAN_POINT('', (17.57942442, -3.82819331, 138.));
#2712 = CARTESIAN_POINT('', (17.49415343, -3.86183527, 138.));
#2713 = CARTESIAN_POINT('', (17.40850424, -3.89457275, 138.));
#2714 = CARTESIAN_POINT('', (17.32251394, -3.92640255, 138.));
#2715 = CARTESIAN_POINT('', (17.23621528, -3.95732375, 138.));
#2716 = CARTESIAN_POINT('', (17.14963485, -3.987338, 138.));
#2717 = CARTESIAN_POINT('', (17.06279463, -4.01644864, 138.));
#2718 = CARTESIAN_POINT('', (16.97570923, -4.04466144, 138.));
#2719 = CARTESIAN_POINT('', (16.88837904, -4.07198624, 138.));
#2720 = CARTESIAN_POINT('', (16.80079112, -4.09843595, 138.));
#2721 = CARTESIAN_POINT('', (16.71292773, -4.12402336, 138.));
#2722 = CARTESIAN_POINT('', (16.62477753, -4.14875797, 138.));
#2723 = CARTESIAN_POINT('', (16.53634353, -4.17264421, 138.));
#2724 = CARTESIAN_POINT('', (16.44764368, -4.19568217, 138.));
#2725 = CARTESIAN_POINT('', (16.35870808, -4.21786903, 138.));
#2726 = CARTESIAN_POINT('', (16.26957243, -4.23920124, 138.));
#2727 = CARTESIAN_POINT('', (16.18027039, -4.25967652, 138.));
#2728 = CARTESIAN_POINT('', (16.09082423, -4.27929574, 138.));
#2729 = CARTESIAN_POINT('', (16.00123174, -4.29806509, 138.));
#2730 = CARTESIAN_POINT('', (15.91146328, -4.31599532, 138.));
#2731 = CARTESIAN_POINT('', (15.82148342, -4.33309647, 138.));
#2732 = CARTESIAN_POINT('', (15.73128839, -4.34937082, 138.));
#2733 = CARTESIAN_POINT('', (15.64092415, -4.36481186, 138.));
#2734 = CARTESIAN_POINT('', (15.55045877, -4.3794109, 138.));
#2735 = CARTESIAN_POINT('', (15.45993507, -4.39316524, 138.));
#2736 = CARTESIAN_POINT('', (15.36934805, -4.40607979, 138.));
#2737 = CARTESIAN_POINT('', (15.27866389, -4.41816231, 138.));
#2738 = CARTESIAN_POINT('', (15.18785635, -4.42941776, 138.));
#2739 = CARTESIAN_POINT('', (15.09691253, -4.43984826, 138.));
#2740 = CARTESIAN_POINT('', (15.00581071, -4.44945595, 138.));
#2741 = CARTESIAN_POINT('', (14.91452167, -4.4582423, 138.));
#2742 = CARTESIAN_POINT('', (14.8230492, -4.4662043, 138.));
#2743 = CARTESIAN_POINT('', (14.73145735, -4.47333417, 138.));
#2744 = CARTESIAN_POINT('', (14.63983395, -4.47962477, 138.));
#2745 = CARTESIAN_POINT('', (14.54823704, -4.4850735, 138.));
#2746 = CARTESIAN_POINT('', (14.45668639, -4.48968103, 138.));
#2747 = CARTESIAN_POINT('', (14.36519072, -4.49344858, 138.));
#2748 = CARTESIAN_POINT('', (14.27376584, -4.49637705, 138.));
#2749 = CARTESIAN_POINT('', (14.187491, -4.49835161, 138.));
#2750 = CARTESIAN_POINT('', (14.0962469, -4.49967472, 138.));
#2751 = CARTESIAN_POINT('', (14.03544786, -4.5, 138.));
#2752 = CARTESIAN_POINT('', (14., -4.5, 138.));
#2753 = B_SPLINE_CURVE_WITH_KNOTS('', 3, (#2677, #2678, #2679, #2680, #2681, #2682, #2683, #2684, #2685, #2686, #2687, #2688, #2689, #2690, #2691, #2692, #2693, #2694, #2695, #2696, #2697, #2698, #2699, #2700, #2701, #2702, #2703, #2704, #2705, #2706, #2707, #2708, #2709, #2710, #2711, #2712, #2713, #2714, #2715, #2716, #2717, #2718, #2719, #2720, #2721, #2722, #2723, #2724, #2725, #2726, #2727, #2728, #2729, #2730, #2731, #2732, #2733, #2734, #2735, #2736, #2737, #2738, #2739, #2740, #2741, #2742, #2743, #2744, #2745, #2746, #2747, #2748, #2749, #2750, #2751, #2752), .UNSPECIFIED., .F., .F., (4, 1, 1, 1, 1, 1, 1, 1, 1, 1, 1, 1, 1, 1, 1, 1, 1, 1, 1, 1, 1, 1, 1, 1, 1, 1, 1, 1, 1, 1, 1, 1, 1, 1, 1, 1, 1, 1, 1, 1, 1, 1, 1, 1, 1, 1, 1, 1, 1, 1, 1, 1, 1, 1, 1, 1, 1, 1, 1, 1, 1, 1, 1, 1, 1, 1, 1, 1, 1, 1, 1, 1, 1, 4), (0., 0.01387432, 0.02081534, 0.03007578, 0.04165256, 0.05554325, 0.06943067, 0.08331697, 0.09720388, 0.11108898, 0.12497178, 0.13885806, 0.15275369, 0.16665756, 0.18056281, 0.19446352, 0.20835781, 0.22224691, 0.23613343, 0.25001922, 0.26390534, 0.27779272, 0.29168104, 0.30556874, 0.31945533, 0.33334268, 0.34723297, 0.36112599, 0.3750188, 0.38890806, 0.40279289, 0.41667575, 0.43056164, 0.44445503, 0.45835632, 0.47226184, 0.48616667, 0.50006783, 0.51396372, 0.52785229, 0.54173269, 0.55560667, 0.5694788, 0.58335429, 0.59723689, 0.61112783, 0.62502535, 0.63892604, 0.6528254, 0.66671903, 0.6806045, 0.6944826, 0.70836027, 0.72224765, 0.736148, 0.75005341, 0.76395103, 0.777834, 0.79170616, 0.80557662, 0.81945166, 0.8333315, 0.84721907, 0.8611246, 0.87505168, 0.88898813, 0.90291667, 0.91683019, 0.93073011, 0.94461667, 0.95848773, 0.97234151, 0.98387422, 1.), .UNSPECIFIED.);
#2754 = DIRECTION('', (0., 1., 0.));
#2755 = VECTOR('', #2754, 1.);
#2756 = CARTESIAN_POINT('', (14., 0., 138.));
#2757 = LINE('', #2756, #2755);
#2758 = DIRECTION('', (0., -1., 0.));
#2759 = VECTOR('', #2758, 1.);
#2760 = CARTESIAN_POINT('', (20., -2.21990681, 138.));
#2761 = LINE('', #2760, #2759);
#2762 = DIRECTION('', (1., -0., 0.));
#2763 = DIRECTION('', (-0., -1., -0.));
#2764 = CARTESIAN_POINT('', (-12., 7., 145.));
#2765 = AXIS2_PLACEMENT_3D('', #2764, #2763, #2762);
#2766 = CIRCLE('', #2765, 2.1);
#2767 = DIRECTION('', (1., -0., -0.));
#2768 = DIRECTION('', (0., 1., -0.));
#2769 = CARTESIAN_POINT('', (-12., 7., 145.));
#2770 = AXIS2_PLACEMENT_3D('', #2769, #2768, #2767);
#2771 = CIRCLE('', #2770, 2.1);
#2772 = DIRECTION('', (1., 0., 0.));
#2773 = DIRECTION('', (0., -1., 0.));
#2774 = CARTESIAN_POINT('', (-12., -7., 145.));
#2775 = AXIS2_PLACEMENT_3D('', #2774, #2773, #2772);
#2776 = CIRCLE('', #2775, 2.1);
#2777 = DIRECTION('', (1., -0., -0.));
#2778 = DIRECTION('', (0., 1., -0.));
#2779 = CARTESIAN_POINT('', (-12., -7., 145.));
#2780 = AXIS2_PLACEMENT_3D('', #2779, #2778, #2777);
#2781 = CIRCLE('', #2780, 2.1);
#2782 = DIRECTION('', (-0., -0., -1.));
#2783 = DIRECTION('', (-0., 1., -0.));
#2784 = CARTESIAN_POINT('', (-12., 7., 145.));
#2785 = AXIS2_PLACEMENT_3D('', #2784, #2783, #2782);
#2786 = CIRCLE('', #2785, 2.1);
#2787 = DIRECTION('', (0., 0., 1.));
#2788 = DIRECTION('', (-0., -1., 0.));
#2789 = CARTESIAN_POINT('', (-12., 7., 145.));
#2790 = AXIS2_PLACEMENT_3D('', #2789, #2788, #2787);
#2791 = CIRCLE('', #2790, 2.1);
#2792 = DIRECTION('', (-0., 0., -1.));
#2793 = DIRECTION('', (0., 1., 0.));
#2794 = CARTESIAN_POINT('', (-12., -7., 145.));
#2795 = AXIS2_PLACEMENT_3D('', #2794, #2793, #2792);
#2796 = CIRCLE('', #2795, 2.1);
#2797 = DIRECTION('', (0., -0., 1.));
#2798 = DIRECTION('', (0., -1., -0.));
#2799 = CARTESIAN_POINT('', (-12., -7., 145.));
#2800 = AXIS2_PLACEMENT_3D('', #2799, #2798, #2797);
#2801 = CIRCLE('', #2800, 2.1);
#2802 = DIRECTION('', (0., -1., 0.));
#2803 = VECTOR('', #2802, 1.);
#2804 = CARTESIAN_POINT('', (-14.1, 7., 145.));
#2805 = LINE('', #2804, #2803);
#2806 = DIRECTION('', (0., -1., 0.));
#2807 = VECTOR('', #2806, 1.);
#2808 = CARTESIAN_POINT('', (-9.9, 7., 145.));
#2809 = LINE('', #2808, #2807);
#2810 = DIRECTION('', (1., 0., 0.));
#2811 = DIRECTION('', (0., -1., 0.));
#2812 = CARTESIAN_POINT('', (12., 7., 145.));
#2813 = AXIS2_PLACEMENT_3D('', #2812, #2811, #2810);
#2814 = CIRCLE('', #2813, 2.1);
#2815 = DIRECTION('', (1., 0., 0.));
#2816 = DIRECTION('', (-0., 1., 0.));
#2817 = CARTESIAN_POINT('', (12., 7., 145.));
#2818 = AXIS2_PLACEMENT_3D('', #2817, #2816, #2815);
#2819 = CIRCLE('', #2818, 2.1);
#2820 = DIRECTION('', (1., 0., 0.));
#2821 = DIRECTION('', (0., -1., 0.));
#2822 = CARTESIAN_POINT('', (12., -7., 145.));
#2823 = AXIS2_PLACEMENT_3D('', #2822, #2821, #2820);
#2824 = CIRCLE('', #2823, 2.1);
#2825 = DIRECTION('', (1., -0., 0.));
#2826 = DIRECTION('', (0., 1., -0.));
#2827 = CARTESIAN_POINT('', (12., -7., 145.));
#2828 = AXIS2_PLACEMENT_3D('', #2827, #2826, #2825);
#2829 = CIRCLE('', #2828, 2.1);
#2830 = DIRECTION('', (-0., 0., -1.));
#2831 = DIRECTION('', (0., 1., 0.));
#2832 = CARTESIAN_POINT('', (12., 7., 145.));
#2833 = AXIS2_PLACEMENT_3D('', #2832, #2831, #2830);
#2834 = CIRCLE('', #2833, 2.1);
#2835 = DIRECTION('', (0., -0., 1.));
#2836 = DIRECTION('', (0., -1., -0.));
#2837 = CARTESIAN_POINT('', (12., 7., 145.));
#2838 = AXIS2_PLACEMENT_3D('', #2837, #2836, #2835);
#2839 = CIRCLE('', #2838, 2.1);
#2840 = DIRECTION('', (-0., -0., -1.));
#2841 = DIRECTION('', (-0., 1., -0.));
#2842 = CARTESIAN_POINT('', (12., -7., 145.));
#2843 = AXIS2_PLACEMENT_3D('', #2842, #2841, #2840);
#2844 = CIRCLE('', #2843, 2.1);
#2845 = DIRECTION('', (0., 0., 1.));
#2846 = DIRECTION('', (-0., -1., 0.));
#2847 = CARTESIAN_POINT('', (12., -7., 145.));
#2848 = AXIS2_PLACEMENT_3D('', #2847, #2846, #2845);
#2849 = CIRCLE('', #2848, 2.1);
#2850 = DIRECTION('', (0., -1., 0.));
#2851 = VECTOR('', #2850, 1.);
#2852 = CARTESIAN_POINT('', (9.9, 7., 145.));
#2853 = LINE('', #2852, #2851);
#2854 = DIRECTION('', (0., -1., 0.));
#2855 = VECTOR('', #2854, 1.);
#2856 = CARTESIAN_POINT('', (14.1, 7., 145.));
#2857 = LINE('', #2856, #2855);
#2858 = EDGE_CURVE('', #6, #8, #140, .T.);
#2859 = EDGE_CURVE('', #8, #10, #144, .T.);
#2860 = EDGE_CURVE('', #12, #10, #148, .T.);
#2861 = EDGE_CURVE('', #6, #100, #152, .T.);
#2862 = EDGE_CURVE('', #8, #14, #156, .T.);
#2863 = EDGE_CURVE('', #14, #16, #160, .T.);
#2864 = EDGE_CURVE('', #10, #16, #164, .T.);
#2865 = EDGE_CURVE('', #14, #18, #168, .T.);
#2866 = EDGE_CURVE('', #18, #20, #172, .T.);
#2867 = EDGE_CURVE('', #16, #20, #176, .T.);
#2868 = EDGE_CURVE('', #18, #6, #180, .T.);
#2869 = EDGE_CURVE('', #20, #12, #184, .T.);
#2870 = EDGE_CURVE('', #22, #24, #188, .T.);
#2871 = EDGE_CURVE('', #24, #42, #192, .T.);
#2872 = EDGE_CURVE('', #28, #26, #196, .T.);
#2873 = EDGE_CURVE('', #22, #28, #200, .T.);
#2874 = EDGE_CURVE('', #24, #30, #204, .T.);
#2875 = EDGE_CURVE('', #30, #32, #208, .T.);
#2876 = EDGE_CURVE('', #26, #32, #212, .T.);
#2877 = EDGE_CURVE('', #30, #34, #216, .T.);
#2878 = EDGE_CURVE('', #34, #36, #220, .T.);
#2879 = EDGE_CURVE('', #32, #36, #224, .T.);
#2880 = EDGE_CURVE('', #34, #22, #228, .T.);
#2881 = EDGE_CURVE('', #36, #28, #232, .T.);
#2882 = EDGE_CURVE('', #40, #38, #237, .T.);
#2883 = EDGE_CURVE('', #42, #44, #504, .T.);
#2884 = EDGE_CURVE('', #42, #46, #510, .T.);
#2885 = EDGE_CURVE('', #48, #44, #516, .T.);
#2886 = EDGE_CURVE('', #50, #52, #520, .T.);
#2887 = EDGE_CURVE('', #46, #52, #582, .T.);
#2888 = EDGE_CURVE('', #48, #50, #635, .T.);
#2889 = EDGE_CURVE('', #50, #54, #640, .T.);
#2890 = EDGE_CURVE('', #54, #52, #645, .T.);
#2891 = EDGE_CURVE('', #48, #38, #675, .T.);
#2892 = EDGE_CURVE('', #46, #40, #705, .T.);
#2893 = EDGE_CURVE('', #44, #26, #709, .T.);
#2894 = EDGE_CURVE('', #40, #56, #843, .T.);
#2895 = EDGE_CURVE('', #38, #58, #847, .T.);
#2896 = EDGE_CURVE('', #56, #38, #977, .T.);
#2897 = EDGE_CURVE('', #58, #40, #981, .T.);
#2898 = EDGE_CURVE('', #60, #62, #985, .T.);
#2899 = EDGE_CURVE('', #62, #64, #989, .T.);
#2900 = EDGE_CURVE('', #66, #64, #993, .T.);
#2901 = EDGE_CURVE('', #60, #82, #997, .T.);
#2902 = EDGE_CURVE('', #62, #68, #1001, .T.);
#2903 = EDGE_CURVE('', #68, #70, #1005, .T.);
#2904 = EDGE_CURVE('', #64, #70, #1009, .T.);
#2905 = EDGE_CURVE('', #68, #72, #1013, .T.);
#2906 = EDGE_CURVE('', #72, #74, #1017, .T.);
#2907 = EDGE_CURVE('', #70, #74, #1021, .T.);
#2908 = EDGE_CURVE('', #72, #60, #1025, .T.);
#2909 = EDGE_CURVE('', #74, #66, #1029, .T.);
#2910 = EDGE_CURVE('', #78, #76, #1034, .T.);
#2911 = EDGE_CURVE('', #80, #82, #1080, .T.);
#2912 = EDGE_CURVE('', #84, #86, #1118, .T.);
#2913 = EDGE_CURVE('', #80, #84, #1393, .T.);
#2914 = EDGE_CURVE('', #88, #94, #1397, .T.);
#2915 = EDGE_CURVE('', #90, #92, #1499, .T.);
#2916 = EDGE_CURVE('', #82, #86, #1736, .T.);
#2917 = EDGE_CURVE('', #92, #88, #1838, .T.);
#2918 = EDGE_CURVE('', #94, #90, #1842, .T.);
#2919 = EDGE_CURVE('', #88, #90, #1847, .T.);
#2920 = EDGE_CURVE('', #86, #66, #1851, .T.);
#2921 = EDGE_CURVE('', #84, #98, #1923, .T.);
#2922 = EDGE_CURVE('', #80, #96, #1995, .T.);
#2923 = EDGE_CURVE('', #96, #98, #2344, .T.);
#2924 = EDGE_CURVE('', #96, #100, #2441, .T.);
#2925 = EDGE_CURVE('', #102, #98, #2568, .T.);
#2926 = EDGE_CURVE('', #76, #104, #2572, .T.);
#2927 = EDGE_CURVE('', #100, #78, #2676, .T.);
#2928 = EDGE_CURVE('', #102, #76, #2753, .T.);
#2929 = EDGE_CURVE('', #104, #78, #2757, .T.);
#2930 = EDGE_CURVE('', #102, #12, #2761, .T.);
#2931 = EDGE_CURVE('', #106, #116, #2766, .T.);
#2932 = EDGE_CURVE('', #106, #114, #2771, .T.);
#2933 = EDGE_CURVE('', #110, #120, #2776, .T.);
#2934 = EDGE_CURVE('', #110, #118, #2781, .T.);
#2935 = EDGE_CURVE('', #114, #108, #2786, .T.);
#2936 = EDGE_CURVE('', #116, #108, #2791, .T.);
#2937 = EDGE_CURVE('', #118, #112, #2796, .T.);
#2938 = EDGE_CURVE('', #120, #112, #2801, .T.);
#2939 = EDGE_CURVE('', #108, #112, #2805, .T.);
#2940 = EDGE_CURVE('', #106, #110, #2809, .T.);
#2941 = EDGE_CURVE('', #122, #132, #2814, .T.);
#2942 = EDGE_CURVE('', #122, #130, #2819, .T.);
#2943 = EDGE_CURVE('', #126, #136, #2824, .T.);
#2944 = EDGE_CURVE('', #126, #134, #2829, .T.);
#2945 = EDGE_CURVE('', #130, #124, #2834, .T.);
#2946 = EDGE_CURVE('', #132, #124, #2839, .T.);
#2947 = EDGE_CURVE('', #134, #128, #2844, .T.);
#2948 = EDGE_CURVE('', #136, #128, #2849, .T.);
#2949 = EDGE_CURVE('', #124, #128, #2853, .T.);
#2950 = EDGE_CURVE('', #122, #126, #2857, .T.);
#2951 = CARTESIAN_POINT('', (20., 0., 144.));
#2952 = DIRECTION('', (1., -0., -0.));
#2953 = AXIS2_PLACEMENT_3D('', #2951, #2952, $);
#2954 = PLANE('', #2953);
#2955 = CARTESIAN_POINT('', (0., 0., 150.));
#2956 = DIRECTION('', (0., 0., 1.));
#2957 = AXIS2_PLACEMENT_3D('', #2955, #2956, $);
#2958 = PLANE('', #2957);
#2959 = CARTESIAN_POINT('', (-20., 0., 144.));
#2960 = DIRECTION('', (-1., -0., -0.));
#2961 = AXIS2_PLACEMENT_3D('', #2959, #2960, $);
#2962 = PLANE('', #2961);
#2963 = CARTESIAN_POINT('', (0., 0., 138.));
#2964 = DIRECTION('', (0., -0., -1.));
#2965 = AXIS2_PLACEMENT_3D('', #2963, #2964, $);
#2966 = PLANE('', #2965);
#2967 = CARTESIAN_POINT('', (0., 7., 0.));
#2968 = DIRECTION('', (0., -1., 0.));
#2969 = AXIS2_PLACEMENT_3D('', #2967, #2968, $);
#2970 = PLANE('', #2969);
#2971 = CARTESIAN_POINT('', (0., -7., 0.));
#2972 = DIRECTION('', (0., -1., 0.));
#2973 = AXIS2_PLACEMENT_3D('', #2971, #2972, $);
#2974 = PLANE('', #2973);
#2975 = CARTESIAN_POINT('', (-18., 0., 5.));
#2976 = DIRECTION('', (1., -0., -0.));
#2977 = AXIS2_PLACEMENT_3D('', #2975, #2976, $);
#2978 = PLANE('', #2977);
#2979 = CARTESIAN_POINT('', (-24., 0., 10.));
#2980 = DIRECTION('', (0., 0., 1.));
#2981 = AXIS2_PLACEMENT_3D('', #2979, #2980, $);
#2982 = PLANE('', #2981);
#2983 = CARTESIAN_POINT('', (-30., 0., 5.));
#2984 = DIRECTION('', (-1., -0., -0.));
#2985 = AXIS2_PLACEMENT_3D('', #2983, #2984, $);
#2986 = PLANE('', #2985);
#2987 = CARTESIAN_POINT('', (-24., 0., 0.));
#2988 = DIRECTION('', (0., -0., -1.));
#2989 = AXIS2_PLACEMENT_3D('', #2987, #2988, $);
#2990 = PLANE('', #2989);
#2991 = CARTESIAN_POINT('', (0., 7., 0.));
#2992 = DIRECTION('', (0., -1., 0.));
#2993 = AXIS2_PLACEMENT_3D('', #2991, #2992, $);
#2994 = PLANE('', #2993);
#2995 = CARTESIAN_POINT('', (0., -7., 0.));
#2996 = DIRECTION('', (0., -1., 0.));
#2997 = AXIS2_PLACEMENT_3D('', #2995, #2996, $);
#2998 = PLANE('', #2997);
#2999 = CARTESIAN_POINT('', (-21., -4.5, 8.));
#3000 = CARTESIAN_POINT('', (-18.34690503, -4.5, 4.36529409));
#3001 = CARTESIAN_POINT('', (-18.34690503, -0., 4.36529409));
#3002 = CARTESIAN_POINT('', (-18.34690503, 4.5, 4.36529409));
#3003 = CARTESIAN_POINT('', (-21., 4.5, 8.));
#3004 = CARTESIAN_POINT('', (-23.65309497, 4.5, 11.63470591));
#3005 = CARTESIAN_POINT('', (-23.65309497, 0., 11.63470591));
#3006 = CARTESIAN_POINT('', (-23.65309497, -4.5, 11.63470591));
#3007 = CARTESIAN_POINT('', (-21., -4.5, 8.));
#3008 = CARTESIAN_POINT('', (-13.54472457, -4.5, 13.44185808));
#3009 = CARTESIAN_POINT('', (-10.49228468, -4.5, 10.09864755));
#3010 = CARTESIAN_POINT('', (-10.49228468, -0., 10.09864755));
#3011 = CARTESIAN_POINT('', (-10.49228468, 4.5, 10.09864755));
#3012 = CARTESIAN_POINT('', (-13.54472457, 4.5, 13.44185808));
#3013 = CARTESIAN_POINT('', (-16.59716446, 4.5, 16.78506861));
#3014 = CARTESIAN_POINT('', (-16.59716446, 0., 16.78506861));
#3015 = CARTESIAN_POINT('', (-16.59716446, -4.5, 16.78506861));
#3016 = CARTESIAN_POINT('', (-13.54472457, -4.5, 13.44185808));
#3017 = CARTESIAN_POINT('', (-4.34321276, -4.5, 23.90350322));
#3018 = CARTESIAN_POINT('', (-0.79789007, -4.5, 21.12067505));
#3019 = CARTESIAN_POINT('', (-0.79789007, -0., 21.12067505));
#3020 = CARTESIAN_POINT('', (-0.79789007, 4.5, 21.12067505));
#3021 = CARTESIAN_POINT('', (-4.34321276, 4.5, 23.90350322));
#3022 = CARTESIAN_POINT('', (-7.88853544, 4.5, 26.6863314));
#3023 = CARTESIAN_POINT('', (-7.88853544, 0., 26.6863314));
#3024 = CARTESIAN_POINT('', (-7.88853544, -4.5, 26.6863314));
#3025 = CARTESIAN_POINT('', (-4.34321276, -4.5, 23.90350322));
#3026 = CARTESIAN_POINT('', (0.71860596, -4.5, 31.15252717));
#3027 = CARTESIAN_POINT('', (4.53506706, -4.5, 28.75799596));
#3028 = CARTESIAN_POINT('', (4.53506706, -0., 28.75799596));
#3029 = CARTESIAN_POINT('', (4.53506706, 4.5, 28.75799596));
#3030 = CARTESIAN_POINT('', (0.71860596, 4.5, 31.15252717));
#3031 = CARTESIAN_POINT('', (-3.09785514, 4.5, 33.54705837));
#3032 = CARTESIAN_POINT('', (-3.09785514, 0., 33.54705837));
#3033 = CARTESIAN_POINT('', (-3.09785514, -4.5, 33.54705837));
#3034 = CARTESIAN_POINT('', (0.71860596, -4.5, 31.15252717));
#3035 = CARTESIAN_POINT('', (4.19019658, -4.5, 37.34276485));
#3036 = CARTESIAN_POINT('', (8.19261487, -4.5, 35.2798163));
#3037 = CARTESIAN_POINT('', (8.19261487, -0., 35.2798163));
#3038 = CARTESIAN_POINT('', (8.19261487, 4.5, 35.2798163));
#3039 = CARTESIAN_POINT('', (4.19019658, 4.5, 37.34276485));
#3040 = CARTESIAN_POINT('', (0.18777829, 4.5, 39.40571341));
#3041 = CARTESIAN_POINT('', (0.18777829, 0., 39.40571341));
#3042 = CARTESIAN_POINT('', (0.18777829, -4.5, 39.40571341));
#3043 = CARTESIAN_POINT('', (4.19019658, -4.5, 37.34276485));
#3044 = CARTESIAN_POINT('', (6.4598701, -4.5, 42.15493921));
#3045 = CARTESIAN_POINT('', (10.58386439, -4.5, 40.34975677));
#3046 = CARTESIAN_POINT('', (10.58386439, -0., 40.34975677));
#3047 = CARTESIAN_POINT('', (10.58386439, 4.5, 40.34975677));
#3048 = CARTESIAN_POINT('', (6.4598701, 4.5, 42.15493921));
#3049 = CARTESIAN_POINT('', (2.33587581, 4.5, 43.96012166));
#3050 = CARTESIAN_POINT('', (2.33587581, 0., 43.96012166));
#3051 = CARTESIAN_POINT('', (2.33587581, -4.5, 43.96012166));
#3052 = CARTESIAN_POINT('', (6.4598701, -4.5, 42.15493921));
#3053 = CARTESIAN_POINT('', (8.22923811, -4.5, 46.52778868));
#3054 = CARTESIAN_POINT('', (12.44800933, -4.5, 44.95683974));
#3055 = CARTESIAN_POINT('', (12.44800933, -0., 44.95683974));
#3056 = CARTESIAN_POINT('', (12.44800933, 4.5, 44.95683974));
#3057 = CARTESIAN_POINT('', (8.22923811, 4.5, 46.52778868));
#3058 = CARTESIAN_POINT('', (4.01046689, 4.5, 48.09873763));
#3059 = CARTESIAN_POINT('', (4.01046689, 0., 48.09873763));
#3060 = CARTESIAN_POINT('', (4.01046689, -4.5, 48.09873763));
#3061 = CARTESIAN_POINT('', (8.22923811, -4.5, 46.52778868));
#3062 = CARTESIAN_POINT('', (9.74487447, -4.5, 50.97529161));
#3063 = CARTESIAN_POINT('', (14.04483138, -4.5, 49.642575));
#3064 = CARTESIAN_POINT('', (14.04483138, -0., 49.642575));
#3065 = CARTESIAN_POINT('', (14.04483138, 4.5, 49.642575));
#3066 = CARTESIAN_POINT('', (9.74487447, 4.5, 50.97529161));
#3067 = CARTESIAN_POINT('', (5.44491756, 4.5, 52.30800823));
#3068 = CARTESIAN_POINT('', (5.44491756, 0., 52.30800823));
#3069 = CARTESIAN_POINT('', (5.44491756, -4.5, 52.30800823));
#3070 = CARTESIAN_POINT('', (9.74487447, -4.5, 50.97529161));
#3071 = CARTESIAN_POINT('', (11.0032686, -4.5, 55.47571291));
#3072 = CARTESIAN_POINT('', (15.37063192, -4.5, 54.38406323));
#3073 = CARTESIAN_POINT('', (15.37063192, -0., 54.38406323));
#3074 = CARTESIAN_POINT('', (15.37063192, 4.5, 54.38406323));
#3075 = CARTESIAN_POINT('', (11.0032686, 4.5, 55.47571291));
#3076 = CARTESIAN_POINT('', (6.63590529, 4.5, 56.56736259));
#3077 = CARTESIAN_POINT('', (6.63590529, 0., 56.56736259));
#3078 = CARTESIAN_POINT('', (6.63590529, -4.5, 56.56736259));
#3079 = CARTESIAN_POINT('', (11.0032686, -4.5, 55.47571291));
#3080 = CARTESIAN_POINT('', (12.00326678, -4.5, 60.00648243));
#3081 = CARTESIAN_POINT('', (16.42419541, -4.5, 59.15752529));
#3082 = CARTESIAN_POINT('', (16.42419541, -0., 59.15752529));
#3083 = CARTESIAN_POINT('', (16.42419541, 4.5, 59.15752529));
#3084 = CARTESIAN_POINT('', (12.00326678, 4.5, 60.00648243));
#3085 = CARTESIAN_POINT('', (7.58233815, 4.5, 60.85543956));
#3086 = CARTESIAN_POINT('', (7.58233815, 0., 60.85543956));
#3087 = CARTESIAN_POINT('', (7.58233815, -4.5, 60.85543956));
#3088 = CARTESIAN_POINT('', (12.00326678, -4.5, 60.00648243));
#3089 = CARTESIAN_POINT('', (12.74648481, -4.5, 64.5486367));
#3090 = CARTESIAN_POINT('', (17.20722422, -4.5, 63.94298194));
#3091 = CARTESIAN_POINT('', (17.20722422, -0., 63.94298194));
#3092 = CARTESIAN_POINT('', (17.20722422, 4.5, 63.94298194));
#3093 = CARTESIAN_POINT('', (12.74648481, 4.5, 64.5486367));
#3094 = CARTESIAN_POINT('', (8.28574539, 4.5, 65.15429146));
#3095 = CARTESIAN_POINT('', (8.28574539, 0., 65.15429146));
#3096 = CARTESIAN_POINT('', (8.28574539, -4.5, 65.15429146));
#3097 = CARTESIAN_POINT('', (12.74648481, -4.5, 64.5486367));
#3098 = CARTESIAN_POINT('', (13.17526337, -4.5, 68.51237099));
#3099 = CARTESIAN_POINT('', (17.65897048, -4.5, 68.11903531));
#3100 = CARTESIAN_POINT('', (17.65897048, -0., 68.11903531));
#3101 = CARTESIAN_POINT('', (17.65897048, 4.5, 68.11903531));
#3102 = CARTESIAN_POINT('', (13.17526337, 4.5, 68.51237099));
#3103 = CARTESIAN_POINT('', (8.69155625, 4.5, 68.90570668));
#3104 = CARTESIAN_POINT('', (8.69155625, 0., 68.90570668));
#3105 = CARTESIAN_POINT('', (8.69155625, -4.5, 68.90570668));
#3106 = CARTESIAN_POINT('', (13.17526337, -4.5, 68.51237099));
#3107 = CARTESIAN_POINT('', (13.36542504, -4.5, 71.33801557));
#3108 = CARTESIAN_POINT('', (17.85931824, -4.5, 71.09603671));
#3109 = CARTESIAN_POINT('', (17.85931824, -0., 71.09603671));
#3110 = CARTESIAN_POINT('', (17.85931824, 4.5, 71.09603671));
#3111 = CARTESIAN_POINT('', (13.36542504, 4.5, 71.33801557));
#3112 = CARTESIAN_POINT('', (8.87153184, 4.5, 71.57999444));
#3113 = CARTESIAN_POINT('', (8.87153184, 0., 71.57999444));
#3114 = CARTESIAN_POINT('', (8.87153184, -4.5, 71.57999444));
#3115 = CARTESIAN_POINT('', (13.36542504, -4.5, 71.33801557));
#3116 = CARTESIAN_POINT('', (13.47978334, -4.5, 74.16774188));
#3117 = CARTESIAN_POINT('', (17.97980219, -4.5, 74.07733847));
#3118 = CARTESIAN_POINT('', (17.97980219, -0., 74.07733847));
#3119 = CARTESIAN_POINT('', (17.97980219, 4.5, 74.07733847));
#3120 = CARTESIAN_POINT('', (13.47978334, 4.5, 74.16774188));
#3121 = CARTESIAN_POINT('', (8.97976449, 4.5, 74.25814528));
#3122 = CARTESIAN_POINT('', (8.97976449, 0., 74.25814528));
#3123 = CARTESIAN_POINT('', (8.97976449, -4.5, 74.25814528));
#3124 = CARTESIAN_POINT('', (13.47978334, -4.5, 74.16774188));
#3125 = CARTESIAN_POINT('', (13.47911362, -4.5, 78.15460031));
#3126 = CARTESIAN_POINT('', (17.97909659, -4.5, 78.27775463));
#3127 = CARTESIAN_POINT('', (17.97909659, -0., 78.27775463));
#3128 = CARTESIAN_POINT('', (17.97909659, 4.5, 78.27775463));
#3129 = CARTESIAN_POINT('', (13.47911362, 4.5, 78.15460031));
#3130 = CARTESIAN_POINT('', (8.97913064, 4.5, 78.03144599));
#3131 = CARTESIAN_POINT('', (8.97913064, 0., 78.03144599));
#3132 = CARTESIAN_POINT('', (8.97913064, -4.5, 78.03144599));
#3133 = CARTESIAN_POINT('', (13.47911362, -4.5, 78.15460031));
#3134 = CARTESIAN_POINT('', (13.22793383, -4.5, 82.75029908));
#3135 = CARTESIAN_POINT('', (17.71446226, -4.5, 83.11962391));
#3136 = CARTESIAN_POINT('', (17.71446226, -0., 83.11962391));
#3137 = CARTESIAN_POINT('', (17.71446226, 4.5, 83.11962391));
#3138 = CARTESIAN_POINT('', (13.22793383, 4.5, 82.75029908));
#3139 = CARTESIAN_POINT('', (8.7414054, 4.5, 82.38097425));
#3140 = CARTESIAN_POINT('', (8.7414054, 0., 82.38097425));
#3141 = CARTESIAN_POINT('', (8.7414054, -4.5, 82.38097425));
#3142 = CARTESIAN_POINT('', (13.22793383, -4.5, 82.75029908));
#3143 = CARTESIAN_POINT('', (12.7202361, -4.5, 87.36225222));
#3144 = CARTESIAN_POINT('', (17.17956949, -4.5, 87.97861823));
#3145 = CARTESIAN_POINT('', (17.17956949, -0., 87.97861823));
#3146 = CARTESIAN_POINT('', (17.17956949, 4.5, 87.97861823));
#3147 = CARTESIAN_POINT('', (12.7202361, 4.5, 87.36225222));
#3148 = CARTESIAN_POINT('', (8.26090271, 4.5, 86.74588621));
#3149 = CARTESIAN_POINT('', (8.26090271, 0., 86.74588621));
#3150 = CARTESIAN_POINT('', (8.26090271, -4.5, 86.74588621));
#3151 = CARTESIAN_POINT('', (12.7202361, -4.5, 87.36225222));
#3152 = CARTESIAN_POINT('', (11.95237766, -4.5, 91.97177942));
#3153 = CARTESIAN_POINT('', (16.3705804, -4.5, 92.83505667));
#3154 = CARTESIAN_POINT('', (16.3705804, -0., 92.83505667));
#3155 = CARTESIAN_POINT('', (16.3705804, 4.5, 92.83505667));
#3156 = CARTESIAN_POINT('', (11.95237766, 4.5, 91.97177942));
#3157 = CARTESIAN_POINT('', (7.53417493, 4.5, 91.10850218));
#3158 = CARTESIAN_POINT('', (7.53417493, 0., 91.10850218));
#3159 = CARTESIAN_POINT('', (7.53417493, -4.5, 91.10850218));
#3160 = CARTESIAN_POINT('', (11.95237766, -4.5, 91.97177942));
#3161 = CARTESIAN_POINT('', (10.92308195, -4.5, 96.55631716));
#3162 = CARTESIAN_POINT('', (15.28615004, -4.5, 97.66516707));
#3163 = CARTESIAN_POINT('', (15.28615004, -0., 97.66516707));
#3164 = CARTESIAN_POINT('', (15.28615004, 4.5, 97.66516707));
#3165 = CARTESIAN_POINT('', (10.92308195, 4.5, 96.55631716));
#3166 = CARTESIAN_POINT('', (6.56001387, 4.5, 95.44746725));
#3167 = CARTESIAN_POINT('', (6.56001387, 0., 95.44746725));
#3168 = CARTESIAN_POINT('', (6.56001387, -4.5, 95.44746725));
#3169 = CARTESIAN_POINT('', (10.92308195, -4.5, 96.55631716));
#3170 = CARTESIAN_POINT('', (9.63350532, -4.5, 101.09387904));
#3171 = CARTESIAN_POINT('', (13.9274967, -4.5, 102.44578533));
#3172 = CARTESIAN_POINT('', (13.9274967, -0., 102.44578533));
#3173 = CARTESIAN_POINT('', (13.9274967, 4.5, 102.44578533));
#3174 = CARTESIAN_POINT('', (9.63350532, 4.5, 101.09387904));
#3175 = CARTESIAN_POINT('', (5.33951394, 4.5, 99.74197275));
#3176 = CARTESIAN_POINT('', (5.33951394, 0., 99.74197275));
#3177 = CARTESIAN_POINT('', (5.33951394, -4.5, 99.74197275));
#3178 = CARTESIAN_POINT('', (9.63350532, -4.5, 101.09387904));
#3179 = CARTESIAN_POINT('', (8.08731049, -4.5, 105.56238811));
#3180 = CARTESIAN_POINT('', (12.2984793, -4.5, 107.15365194));
#3181 = CARTESIAN_POINT('', (12.2984793, -0., 107.15365194));
#3182 = CARTESIAN_POINT('', (12.2984793, 4.5, 107.15365194));
#3183 = CARTESIAN_POINT('', (8.08731049, 4.5, 105.56238811));
#3184 = CARTESIAN_POINT('', (3.87614168, 4.5, 103.97112428));
#3185 = CARTESIAN_POINT('', (3.87614168, 0., 103.97112428));
#3186 = CARTESIAN_POINT('', (3.87614168, -4.5, 103.97112428));
#3187 = CARTESIAN_POINT('', (8.08731049, -4.5, 105.56238811));
#3188 = CARTESIAN_POINT('', (6.29063449, -4.5, 109.94025461));
#3189 = CARTESIAN_POINT('', (10.4055636, -4.5, 111.76602067));
#3190 = CARTESIAN_POINT('', (10.4055636, -0., 111.76602067));
#3191 = CARTESIAN_POINT('', (10.4055636, 4.5, 111.76602067));
#3192 = CARTESIAN_POINT('', (6.29063449, 4.5, 109.94025461));
#3193 = CARTESIAN_POINT('', (2.17570537, 4.5, 108.11448854));
#3194 = CARTESIAN_POINT('', (2.17570537, 0., 108.11448854));
#3195 = CARTESIAN_POINT('', (2.17570537, -4.5, 108.11448854));
#3196 = CARTESIAN_POINT('', (6.29063449, -4.5, 109.94025461));
#3197 = CARTESIAN_POINT('', (4.25201524, -4.5, 114.2066737));
#3198 = CARTESIAN_POINT('', (8.25774488, -4.5, 116.26097227));
#3199 = CARTESIAN_POINT('', (8.25774488, -0., 116.26097227));
#3200 = CARTESIAN_POINT('', (8.25774488, 4.5, 116.26097227));
#3201 = CARTESIAN_POINT('', (4.25201524, 4.5, 114.2066737));
#3202 = CARTESIAN_POINT('', (0.24628561, 4.5, 112.15237513));
#3203 = CARTESIAN_POINT('', (0.24628561, 0., 112.15237513));
#3204 = CARTESIAN_POINT('', (0.24628561, -4.5, 112.15237513));
#3205 = CARTESIAN_POINT('', (4.25201524, -4.5, 114.2066737));
#3206 = CARTESIAN_POINT('', (1.98225566, -4.5, 118.34196369));
#3207 = CARTESIAN_POINT('', (5.86640468, -4.5, 120.61777078));
#3208 = CARTESIAN_POINT('', (5.86640468, -0., 120.61777078));
#3209 = CARTESIAN_POINT('', (5.86640468, 4.5, 120.61777078));
#3210 = CARTESIAN_POINT('', (1.98225566, 4.5, 118.34196369));
#3211 = CARTESIAN_POINT('', (-1.90189336, 4.5, 116.0661566));
#3212 = CARTESIAN_POINT('', (-1.90189336, 0., 116.0661566));
#3213 = CARTESIAN_POINT('', (-1.90189336, -4.5, 116.0661566));
#3214 = CARTESIAN_POINT('', (1.98225566, -4.5, 118.34196369));
#3215 = CARTESIAN_POINT('', (-0.50576369, -4.5, 122.32786462));
#3216 = CARTESIAN_POINT('', (3.24511354, -4.5, 124.81717815));
#3217 = CARTESIAN_POINT('', (3.24511354, -0., 124.81717815));
#3218 = CARTESIAN_POINT('', (3.24511354, 4.5, 124.81717815));
#3219 = CARTESIAN_POINT('', (-0.50576369, 4.5, 122.32786462));
#3220 = CARTESIAN_POINT('', (-4.25664092, 4.5, 119.8385511));
#3221 = CARTESIAN_POINT('', (-4.25664092, 0., 119.8385511));
#3222 = CARTESIAN_POINT('', (-4.25664092, -4.5, 119.8385511));
#3223 = CARTESIAN_POINT('', (-0.50576369, -4.5, 122.32786462));
#3224 = CARTESIAN_POINT('', (-3.19731824, -4.5, 126.14780159));
#3225 = CARTESIAN_POINT('', (0.40938476, -4.5, 128.84173162));
#3226 = CARTESIAN_POINT('', (0.40938476, -0., 128.84173162));
#3227 = CARTESIAN_POINT('', (0.40938476, 4.5, 128.84173162));
#3228 = CARTESIAN_POINT('', (-3.19731824, 4.5, 126.14780159));
#3229 = CARTESIAN_POINT('', (-6.80402124, 4.5, 123.45387156));
#3230 = CARTESIAN_POINT('', (-6.80402124, 0., 123.45387156));
#3231 = CARTESIAN_POINT('', (-6.80402124, -4.5, 123.45387156));
#3232 = CARTESIAN_POINT('', (-3.19731824, -4.5, 126.14780159));
#3233 = CARTESIAN_POINT('', (-6.07611044, -4.5, 129.78710236));
#3234 = CARTESIAN_POINT('', (-2.62361114, -4.5, 132.67597304));
#3235 = CARTESIAN_POINT('', (-2.62361114, -0., 132.67597304));
#3236 = CARTESIAN_POINT('', (-2.62361114, 4.5, 132.67597304));
#3237 = CARTESIAN_POINT('', (-6.07611044, 4.5, 129.78710236));
#3238 = CARTESIAN_POINT('', (-9.52860974, 4.5, 126.89823167));
#3239 = CARTESIAN_POINT('', (-9.52860974, 0., 126.89823167));
#3240 = CARTESIAN_POINT('', (-9.52860974, -4.5, 126.89823167));
#3241 = CARTESIAN_POINT('', (-6.07611044, -4.5, 129.78710236));
#3242 = CARTESIAN_POINT('', (-10.62783177, -4.5, 134.9324952));
#3243 = CARTESIAN_POINT('', (-7.41914731, -4.5, 138.09698099));
#3244 = CARTESIAN_POINT('', (-7.41914731, -0., 138.09698099));
#3245 = CARTESIAN_POINT('', (-7.41914731, 4.5, 138.09698099));
#3246 = CARTESIAN_POINT('', (-10.62783177, 4.5, 134.9324952));
#3247 = CARTESIAN_POINT('', (-13.83651623, 4.5, 131.76800942));
#3248 = CARTESIAN_POINT('', (-13.83651623, 0., 131.76800942));
#3249 = CARTESIAN_POINT('', (-13.83651623, -4.5, 131.76800942));
#3250 = CARTESIAN_POINT('', (-10.62783177, -4.5, 134.9324952));
#3251 = CARTESIAN_POINT('', (-14., -4.5, 138.));
#3252 = CARTESIAN_POINT('', (-10.97194713, -4.5, 141.32879795));
#3253 = CARTESIAN_POINT('', (-10.97194713, -0., 141.32879795));
#3254 = CARTESIAN_POINT('', (-10.97194713, 4.5, 141.32879795));
#3255 = CARTESIAN_POINT('', (-14., 4.5, 138.));
#3256 = CARTESIAN_POINT('', (-17.02805287, 4.5, 134.67120205));
#3257 = CARTESIAN_POINT('', (-17.02805287, 0., 134.67120205));
#3258 = CARTESIAN_POINT('', (-17.02805287, -4.5, 134.67120205));
#3259 = CARTESIAN_POINT('', (-14., -4.5, 138.));
#3260 = (
  BOUNDED_SURFACE()
  B_SPLINE_SURFACE(2, 2, ((#2999, #3000, #3001, #3002, #3003, #3004, #3005, #3006, #3007), (#3008, #3009, #3010, #3011, #3012, #3013, #3014, #3015, #3016), (#3017, #3018, #3019, #3020, #3021, #3022, #3023, #3024, #3025), (#3026, #3027, #3028, #3029, #3030, #3031, #3032, #3033, #3034), (#3035, #3036, #3037, #3038, #3039, #3040, #3041, #3042, #3043), (#3044, #3045, #3046, #3047, #3048, #3049, #3050, #3051, #3052), (#3053, #3054, #3055, #3056, #3057, #3058, #3059, #3060, #3061), (#3062, #3063, #3064, #3065, #3066, #3067, #3068, #3069, #3070), (#3071, #3072, #3073, #3074, #3075, #3076, #3077, #3078, #3079), (#3080, #3081, #3082, #3083, #3084, #3085, #3086, #3087, #3088), (#3089, #3090, #3091, #3092, #3093, #3094, #3095, #3096, #3097), (#3098, #3099, #3100, #3101, #3102, #3103, #3104, #3105, #3106), (#3107, #3108, #3109, #3110, #3111, #3112, #3113, #3114, #3115), (#3116, #3117, #3118, #3119, #3120, #3121, #3122, #3123, #3124), (#3125, #3126, #3127, #3128, #3129, #3130, #3131, #3132, #3133), (#3134, #3135, #3136, #3137, #3138, #3139, #3140, #3141, #3142), (#3143, #3144, #3145, #3146, #3147, #3148, #3149, #3150, #3151), (#3152, #3153, #3154, #3155, #3156, #3157, #3158, #3159, #3160), (#3161, #3162, #3163, #3164, #3165, #3166, #3167, #3168, #3169), (#3170, #3171, #3172, #3173, #3174, #3175, #3176, #3177, #3178), (#3179, #3180, #3181, #3182, #3183, #3184, #3185, #3186, #3187), (#3188, #3189, #3190, #3191, #3192, #3193, #3194, #3195, #3196), (#3197, #3198, #3199, #3200, #3201, #3202, #3203, #3204, #3205), (#3206, #3207, #3208, #3209, #3210, #3211, #3212, #3213, #3214), (#3215, #3216, #3217, #3218, #3219, #3220, #3221, #3222, #3223), (#3224, #3225, #3226, #3227, #3228, #3229, #3230, #3231, #3232), (#3233, #3234, #3235, #3236, #3237, #3238, #3239, #3240, #3241), (#3242, #3243, #3244, #3245, #3246, #3247, #3248, #3249, #3250), (#3251, #3252, #3253, #3254, #3255, #3256, #3257, #3258, #3259)), .UNSPECIFIED., .F., .F., .F.)
  B_SPLINE_SURFACE_WITH_KNOTS((3, 1, 1, 1, 1, 1, 1, 1, 1, 1, 1, 1, 1, 1, 1, 1, 1, 1, 1, 1, 1, 1, 1, 1, 1, 1, 1, 3), (3, 2, 2, 2, 3), (0., 0.125, 0.1875, 0.2421875, 0.28125, 0.3125, 0.34375, 0.375, 0.40625, 0.4375, 0.46875, 0.4921875, 0.5078125, 0.53125, 0.5625, 0.59375, 0.625, 0.65625, 0.6875, 0.71875, 0.75, 0.78125, 0.8125, 0.84375, 0.875, 0.90625, 0.9375, 1.), (0., 0.25, 0.5, 0.75, 1.), .UNSPECIFIED.)
  GEOMETRIC_REPRESENTATION_ITEM()
  RATIONAL_B_SPLINE_SURFACE(((1., 0.70710678, 1., 0.70710678, 1., 0.70710678, 1., 0.70710678, 1.), (0.97584239, 0.69002477, 0.97584239, 0.69002477, 0.97584239, 0.69002477, 0.97584239, 0.69002477, 0.97584239), (0.95772418, 0.67721326, 0.95772418, 0.67721326, 0.95772418, 0.67721326, 0.95772418, 0.67721326, 0.95772418), (0.95206224, 0.67320966, 0.95206224, 0.67320966, 0.95206224, 0.67320966, 0.95206224, 0.67320966, 0.95206224), (0.95149605, 0.67280931, 0.95149605, 0.67280931, 0.95149605, 0.67280931, 0.95149605, 0.67280931, 0.95149605), (0.9531946, 0.67401037, 0.9531946, 0.67401037, 0.9531946, 0.67401037, 0.9531946, 0.67401037, 0.9531946), (0.95621447, 0.67614574, 0.95621447, 0.67614574, 0.95621447, 0.67614574, 0.95621447, 0.67614574, 0.95621447), (0.96074304, 0.67934792, 0.96074304, 0.67934792, 0.96074304, 0.67934792, 0.96074304, 0.67934792, 0.96074304), (0.96678817, 0.68362247, 0.96678817, 0.68362247, 0.96678817, 0.68362247, 0.96678817, 0.68362247, 0.96678817), (0.97430406, 0.68893701, 0.97430406, 0.68893701, 0.97430406, 0.68893701, 0.97430406, 0.68893701, 0.97430406), (0.98355763, 0.69548027, 0.98355763, 0.69548027, 0.98355763, 0.69548027, 0.98355763, 0.69548027, 0.98355763), (0.99181371, 0.7013182, 0.99181371, 0.7013182, 0.99181371, 0.7013182, 0.99181371, 0.7013182, 0.99181371), (1.00204657, 0.70855393, 1.00204657, 0.70855393, 1.00204657, 0.70855393, 1.00204657, 0.70855393, 1.00204657), (0.99181371, 0.7013182, 0.99181371, 0.7013182, 0.99181371, 0.7013182, 0.99181371, 0.7013182, 0.99181371), (0.98355763, 0.69548027, 0.98355763, 0.69548027, 0.98355763, 0.69548027, 0.98355763, 0.69548027, 0.98355763), (0.97430406, 0.68893701, 0.97430406, 0.68893701, 0.97430406, 0.68893701, 0.97430406, 0.68893701, 0.97430406), (0.96678817, 0.68362247, 0.96678817, 0.68362247, 0.96678817, 0.68362247, 0.96678817, 0.68362247, 0.96678817), (0.96074304, 0.67934792, 0.96074304, 0.67934792, 0.96074304, 0.67934792, 0.96074304, 0.67934792, 0.96074304), (0.95621447, 0.67614574, 0.95621447, 0.67614574, 0.95621447, 0.67614574, 0.95621447, 0.67614574, 0.95621447), (0.9531946, 0.67401037, 0.9531946, 0.67401037, 0.9531946, 0.67401037, 0.9531946, 0.67401037, 0.9531946), (0.95168478, 0.67294276, 0.95168478, 0.67294276, 0.95168478, 0.67294276, 0.95168478, 0.67294276, 0.95168478), (0.95168478, 0.67294276, 0.95168478, 0.67294276, 0.95168478, 0.67294276, 0.95168478, 0.67294276, 0.95168478), (0.95319463, 0.67401038, 0.95319463, 0.67401038, 0.95319463, 0.67401038, 0.95319463, 0.67401038, 0.95319463), (0.95621433, 0.67614564, 0.95621433, 0.67614564, 0.95621433, 0.67614564, 0.95621433, 0.67614564, 0.95621433), (0.96074388, 0.67934851, 0.96074388, 0.67934851, 0.96074388, 0.67934851, 0.96074388, 0.67934851, 0.96074388), (0.96678328, 0.68361902, 0.96678328, 0.68361902, 0.96678328, 0.68361902, 0.96678328, 0.68361902, 0.96678328), (0.97433254, 0.68895714, 0.97433254, 0.68895714, 0.97433254, 0.68895714, 0.97433254, 0.68895714, 0.97433254), (0.98792119, 0.69856578, 0.98792119, 0.69856578, 0.98792119, 0.69856578, 0.98792119, 0.69856578, 0.98792119), (1., 0.70710678, 1., 0.70710678, 1., 0.70710678, 1., 0.70710678, 1.)))
  REPRESENTATION_ITEM('')
  SURFACE()
);
#3261 = CARTESIAN_POINT('', (-25.71661328, 0., 14.4616994));
#3262 = DIRECTION('', (0.80771242, 0., 0.58957666));
#3263 = AXIS2_PLACEMENT_3D('', #3261, #3262, $);
#3264 = PLANE('', #3263);
#3265 = CARTESIAN_POINT('', (-19.38320511, 0., 132.08213698));
#3266 = DIRECTION('', (-0.73973288, -0., 0.67290064));
#3267 = AXIS2_PLACEMENT_3D('', #3265, #3266, $);
#3268 = PLANE('', #3267);
#3269 = CARTESIAN_POINT('', (30., 0., 5.));
#3270 = DIRECTION('', (1., -0., -0.));
#3271 = AXIS2_PLACEMENT_3D('', #3269, #3270, $);
#3272 = PLANE('', #3271);
#3273 = CARTESIAN_POINT('', (24., 0., 10.));
#3274 = DIRECTION('', (0., 0., 1.));
#3275 = AXIS2_PLACEMENT_3D('', #3273, #3274, $);
#3276 = PLANE('', #3275);
#3277 = CARTESIAN_POINT('', (18., 0., 5.));
#3278 = DIRECTION('', (-1., -0., -0.));
#3279 = AXIS2_PLACEMENT_3D('', #3277, #3278, $);
#3280 = PLANE('', #3279);
#3281 = CARTESIAN_POINT('', (24., 0., 0.));
#3282 = DIRECTION('', (0., -0., -1.));
#3283 = AXIS2_PLACEMENT_3D('', #3281, #3282, $);
#3284 = PLANE('', #3283);
#3285 = CARTESIAN_POINT('', (0., 7., 0.));
#3286 = DIRECTION('', (0., -1., 0.));
#3287 = AXIS2_PLACEMENT_3D('', #3285, #3286, $);
#3288 = PLANE('', #3287);
#3289 = CARTESIAN_POINT('', (0., -7., 0.));
#3290 = DIRECTION('', (0., -1., 0.));
#3291 = AXIS2_PLACEMENT_3D('', #3289, #3290, $);
#3292 = PLANE('', #3291);
#3293 = CARTESIAN_POINT('', (21., -4.5, 8.));
#3294 = CARTESIAN_POINT('', (18.34690503, -4.5, 4.36529409));
#3295 = CARTESIAN_POINT('', (18.34690503, -0., 4.36529409));
#3296 = CARTESIAN_POINT('', (18.34690503, 4.5, 4.36529409));
#3297 = CARTESIAN_POINT('', (21., 4.5, 8.));
#3298 = CARTESIAN_POINT('', (23.65309497, 4.5, 11.63470591));
#3299 = CARTESIAN_POINT('', (23.65309497, 0., 11.63470591));
#3300 = CARTESIAN_POINT('', (23.65309497, -4.5, 11.63470591));
#3301 = CARTESIAN_POINT('', (21., -4.5, 8.));
#3302 = CARTESIAN_POINT('', (25.62204008, -4.5, 4.62621637));
#3303 = CARTESIAN_POINT('', (23.2165266, -4.5, 0.81079234));
#3304 = CARTESIAN_POINT('', (23.2165266, -0., 0.81079234));
#3305 = CARTESIAN_POINT('', (23.2165266, 4.5, 0.81079234));
#3306 = CARTESIAN_POINT('', (25.62204008, 4.5, 4.62621637));
#3307 = CARTESIAN_POINT('', (28.02755356, 4.5, 8.4416404));
#3308 = CARTESIAN_POINT('', (28.02755356, 0., 8.4416404));
#3309 = CARTESIAN_POINT('', (28.02755356, -4.5, 8.4416404));
#3310 = CARTESIAN_POINT('', (25.62204008, -4.5, 4.62621637));
#3311 = CARTESIAN_POINT('', (33.23446126, -4.5, 0.52160737));
#3312 = CARTESIAN_POINT('', (31.23671027, -4.5, -3.51368174));
#3313 = CARTESIAN_POINT('', (31.23671027, -0., -3.51368174));
#3314 = CARTESIAN_POINT('', (31.23671027, 4.5, -3.51368174));
#3315 = CARTESIAN_POINT('', (33.23446126, 4.5, 0.52160737));
#3316 = CARTESIAN_POINT('', (35.23221224, 4.5, 4.55689648));
#3317 = CARTESIAN_POINT('', (35.23221224, 0., 4.55689648));
#3318 = CARTESIAN_POINT('', (35.23221224, -4.5, 4.55689648));
#3319 = CARTESIAN_POINT('', (33.23446126, -4.5, 0.52160737));
#3320 = CARTESIAN_POINT('', (38.60043168, -4.5, -1.9061584));
#3321 = CARTESIAN_POINT('', (36.89011112, -4.5, -6.07149179));
#3322 = CARTESIAN_POINT('', (36.89011112, -0., -6.07149179));
#3323 = CARTESIAN_POINT('', (36.89011112, 4.5, -6.07149179));
#3324 = CARTESIAN_POINT('', (38.60043168, 4.5, -1.9061584));
#3325 = CARTESIAN_POINT('', (40.31075224, 4.5, 2.25917499));
#3326 = CARTESIAN_POINT('', (40.31075224, 0., 2.25917499));
#3327 = CARTESIAN_POINT('', (40.31075224, -4.5, 2.25917499));
#3328 = CARTESIAN_POINT('', (38.60043168, -4.5, -1.9061584));
#3329 = CARTESIAN_POINT('', (44.18786561, -4.5, -3.9733619));
#3330 = CARTESIAN_POINT('', (42.77683827, -4.5, -8.2494259));
#3331 = CARTESIAN_POINT('', (42.77683827, -0., -8.2494259));
#3332 = CARTESIAN_POINT('', (42.77683827, 4.5, -8.2494259));
#3333 = CARTESIAN_POINT('', (44.18786561, 4.5, -3.9733619));
#3334 = CARTESIAN_POINT('', (45.59889296, 4.5, 0.30270211));
#3335 = CARTESIAN_POINT('', (45.59889296, 0., 0.30270211));
#3336 = CARTESIAN_POINT('', (45.59889296, -4.5, 0.30270211));
#3337 = CARTESIAN_POINT('', (44.18786561, -4.5, -3.9733619));
#3338 = CARTESIAN_POINT('', (49.96008401, -4.5, -5.65262438));
#3339 = CARTESIAN_POINT('', (48.85824794, -4.5, -10.01863877));
#3340 = CARTESIAN_POINT('', (48.85824794, -0., -10.01863877));
#3341 = CARTESIAN_POINT('', (48.85824794, 4.5, -10.01863877));
#3342 = CARTESIAN_POINT('', (49.96008401, 4.5, -5.65262438));
#3343 = CARTESIAN_POINT('', (51.06192009, 4.5, -1.28660998));
#3344 = CARTESIAN_POINT('', (51.06192009, 0., -1.28660998));
#3345 = CARTESIAN_POINT('', (51.06192009, -4.5, -1.28660998));
#3346 = CARTESIAN_POINT('', (49.96008401, -4.5, -5.65262438));
#3347 = CARTESIAN_POINT('', (55.87616727, -4.5, -6.92164974));
#3348 = CARTESIAN_POINT('', (55.09122864, -4.5, -11.35564));
#3349 = CARTESIAN_POINT('', (55.09122864, -0., -11.35564));
#3350 = CARTESIAN_POINT('', (55.09122864, 4.5, -11.35564));
#3351 = CARTESIAN_POINT('', (55.87616727, 4.5, -6.92164974));
#3352 = CARTESIAN_POINT('', (56.66110589, 4.5, -2.48765948));
#3353 = CARTESIAN_POINT('', (56.66110589, 0., -2.48765948));
#3354 = CARTESIAN_POINT('', (56.66110589, -4.5, -2.48765948));
#3355 = CARTESIAN_POINT('', (55.87616727, -4.5, -6.92164974));
#3356 = CARTESIAN_POINT('', (61.89186081, -4.5, -7.76400875));
#3357 = CARTESIAN_POINT('', (61.4291553, -4.5, -12.24312032));
#3358 = CARTESIAN_POINT('', (61.4291553, -0., -12.24312032));
#3359 = CARTESIAN_POINT('', (61.4291553, 4.5, -12.24312032));
#3360 = CARTESIAN_POINT('', (61.89186081, 4.5, -7.76400875));
#3361 = CARTESIAN_POINT('', (62.35456631, 4.5, -3.28489717));
#3362 = CARTESIAN_POINT('', (62.35456631, 0., -3.28489717));
#3363 = CARTESIAN_POINT('', (62.35456631, -4.5, -3.28489717));
#3364 = CARTESIAN_POINT('', (61.89186081, -4.5, -7.76400875));
#3365 = CARTESIAN_POINT('', (67.96064837, -4.5, -8.16972322));
#3366 = CARTESIAN_POINT('', (67.82301999, -4.5, -12.67056706));
#3367 = CARTESIAN_POINT('', (67.82301999, -0., -12.67056706));
#3368 = CARTESIAN_POINT('', (67.82301999, 4.5, -12.67056706));
#3369 = CARTESIAN_POINT('', (67.96064837, 4.5, -8.16972322));
#3370 = CARTESIAN_POINT('', (68.09827676, 4.5, -3.66887938));
#3371 = CARTESIAN_POINT('', (68.09827676, 0., -3.66887938));
#3372 = CARTESIAN_POINT('', (68.09827676, -4.5, -3.66887938));
#3373 = CARTESIAN_POINT('', (67.96064837, -4.5, -8.16972322));
#3374 = CARTESIAN_POINT('', (74.03493445, -4.5, -8.13561219));
#3375 = CARTESIAN_POINT('', (74.22267772, -4.5, -12.63462885));
#3376 = CARTESIAN_POINT('', (74.22267772, -0., -12.63462885));
#3377 = CARTESIAN_POINT('', (74.22267772, 4.5, -12.63462885));
#3378 = CARTESIAN_POINT('', (74.03493445, 4.5, -8.13561219));
#3379 = CARTESIAN_POINT('', (73.84719119, 4.5, -3.63659552));
#3380 = CARTESIAN_POINT('', (73.84719119, 0., -3.63659552));
#3381 = CARTESIAN_POINT('', (73.84719119, -4.5, -3.63659552));
#3382 = CARTESIAN_POINT('', (74.03493445, -4.5, -8.13561219));
#3383 = CARTESIAN_POINT('', (80.06730161, -4.5, -7.66536891));
#3384 = CARTESIAN_POINT('', (80.57817112, -4.5, -12.1391968));
#3385 = CARTESIAN_POINT('', (80.57817112, -0., -12.1391968));
#3386 = CARTESIAN_POINT('', (80.57817112, 4.5, -12.1391968));
#3387 = CARTESIAN_POINT('', (80.06730161, 4.5, -7.66536891));
#3388 = CARTESIAN_POINT('', (79.5564321, 4.5, -3.19154102));
#3389 = CARTESIAN_POINT('', (79.5564321, 0., -3.19154102));
#3390 = CARTESIAN_POINT('', (79.5564321, -4.5, -3.19154102));
#3391 = CARTESIAN_POINT('', (80.06730161, -4.5, -7.66536891));
#3392 = CARTESIAN_POINT('', (86.01163733, -4.5, -6.76940798));
#3393 = CARTESIAN_POINT('', (86.84091765, -4.5, -11.19524336));
#3394 = CARTESIAN_POINT('', (86.84091765, -0., -11.19524336));
#3395 = CARTESIAN_POINT('', (86.84091765, 4.5, -11.19524336));
#3396 = CARTESIAN_POINT('', (86.01163733, 4.5, -6.76940798));
#3397 = CARTESIAN_POINT('', (85.18235702, 4.5, -2.34357261));
#3398 = CARTESIAN_POINT('', (85.18235702, 0., -2.34357261));
#3399 = CARTESIAN_POINT('', (85.18235702, -4.5, -2.34357261));
#3400 = CARTESIAN_POINT('', (86.01163733, -4.5, -6.76940798));
#3401 = CARTESIAN_POINT('', (91.82471511, -4.5, -5.46426668));
#3402 = CARTESIAN_POINT('', (92.96537535, -4.5, -9.82019161));
#3403 = CARTESIAN_POINT('', (92.96537535, -0., -9.82019161));
#3404 = CARTESIAN_POINT('', (92.96537535, 4.5, -9.82019161));
#3405 = CARTESIAN_POINT('', (91.82471511, 4.5, -5.46426668));
#3406 = CARTESIAN_POINT('', (90.68405488, 4.5, -1.10834174));
#3407 = CARTESIAN_POINT('', (90.68405488, 0., -1.10834174));
#3408 = CARTESIAN_POINT('', (90.68405488, -4.5, -1.10834174));
#3409 = CARTESIAN_POINT('', (91.82471511, -4.5, -5.46426668));
#3410 = CARTESIAN_POINT('', (97.46526695, -4.5, -3.77273543));
#3411 = CARTESIAN_POINT('', (98.90806568, -4.5, -8.03805279));
#3412 = CARTESIAN_POINT('', (98.90806568, -0., -8.03805279));
#3413 = CARTESIAN_POINT('', (98.90806568, 4.5, -8.03805279));
#3414 = CARTESIAN_POINT('', (97.46526695, 4.5, -3.77273543));
#3415 = CARTESIAN_POINT('', (96.02246821, 4.5, 0.49258194));
#3416 = CARTESIAN_POINT('', (96.02246821, 0., 0.49258194));
#3417 = CARTESIAN_POINT('', (96.02246821, -4.5, 0.49258194));
#3418 = CARTESIAN_POINT('', (97.46526695, -4.5, -3.77273543));
#3419 = CARTESIAN_POINT('', (102.9025051, -4.5, -1.71958248));
#3420 = CARTESIAN_POINT('', (104.63655174, -4.5, -5.87492186));
#3421 = CARTESIAN_POINT('', (104.63655174, -0., -5.87492186));
#3422 = CARTESIAN_POINT('', (104.63655174, 4.5, -5.87492186));
#3423 = CARTESIAN_POINT('', (102.9025051, 4.5, -1.71958248));
#3424 = CARTESIAN_POINT('', (101.16845845, 4.5, 2.43575689));
#3425 = CARTESIAN_POINT('', (101.16845845, 0., 2.43575689));
#3426 = CARTESIAN_POINT('', (101.16845845, -4.5, 2.43575689));
#3427 = CARTESIAN_POINT('', (102.9025051, -4.5, -1.71958248));
#3428 = CARTESIAN_POINT('', (107.45134247, -4.5, 0.36396408));
#3429 = CARTESIAN_POINT('', (109.42904948, -4.5, -3.67976926));
#3430 = CARTESIAN_POINT('', (109.42904948, -0., -3.67976926));
#3431 = CARTESIAN_POINT('', (109.42904948, 4.5, -3.67976926));
#3432 = CARTESIAN_POINT('', (107.45134247, 4.5, 0.36396408));
#3433 = CARTESIAN_POINT('', (105.47363546, 4.5, 4.40769742));
#3434 = CARTESIAN_POINT('', (105.47363546, 0., 4.40769742));
#3435 = CARTESIAN_POINT('', (105.47363546, -4.5, 4.40769742));
#3436 = CARTESIAN_POINT('', (107.45134247, -4.5, 0.36396408));
#3437 = CARTESIAN_POINT('', (110.59254194, -4.5, 2.00060938));
#3438 = CARTESIAN_POINT('', (112.7385086, -4.5, -1.95545638));
#3439 = CARTESIAN_POINT('', (112.7385086, -0., -1.95545638));
#3440 = CARTESIAN_POINT('', (112.7385086, 4.5, -1.95545638));
#3441 = CARTESIAN_POINT('', (110.59254194, 4.5, 2.00060938));
#3442 = CARTESIAN_POINT('', (108.44657528, 4.5, 5.95667514));
#3443 = CARTESIAN_POINT('', (108.44657528, 0., 5.95667514));
#3444 = CARTESIAN_POINT('', (108.44657528, -4.5, 5.95667514));
#3445 = CARTESIAN_POINT('', (110.59254194, -4.5, 2.00060938));
#3446 = CARTESIAN_POINT('', (113.67732974, -4.5, 3.74124897));
#3447 = CARTESIAN_POINT('', (115.98853434, -4.5, -0.12157871));
#3448 = CARTESIAN_POINT('', (115.98853434, -0., -0.12157871));
#3449 = CARTESIAN_POINT('', (115.98853434, 4.5, -0.12157871));
#3450 = CARTESIAN_POINT('', (113.67732974, 4.5, 3.74124897));
#3451 = CARTESIAN_POINT('', (111.36612514, 4.5, 7.60407664));
#3452 = CARTESIAN_POINT('', (111.36612514, 0., 7.60407664));
#3453 = CARTESIAN_POINT('', (111.36612514, -4.5, 7.60407664));
#3454 = CARTESIAN_POINT('', (113.67732974, -4.5, 3.74124897));
#3455 = CARTESIAN_POINT('', (117.9043073, -4.5, 6.41814053));
#3456 = CARTESIAN_POINT('', (120.4419317, -4.5, 2.69870166));
#3457 = CARTESIAN_POINT('', (120.4419317, -0., 2.69870166));
#3458 = CARTESIAN_POINT('', (120.4419317, 4.5, 2.69870166));
#3459 = CARTESIAN_POINT('', (117.9043073, 4.5, 6.41814053));
#3460 = CARTESIAN_POINT('', (115.3666829, 4.5, 10.1375794));
#3461 = CARTESIAN_POINT('', (115.3666829, 0., 10.1375794));
#3462 = CARTESIAN_POINT('', (115.3666829, -4.5, 10.1375794));
#3463 = CARTESIAN_POINT('', (117.9043073, -4.5, 6.41814053));
#3464 = CARTESIAN_POINT('', (122.59024764, -4.5, 9.85630266));
#3465 = CARTESIAN_POINT('', (125.37887638, -4.5, 6.32103037));
#3466 = CARTESIAN_POINT('', (125.37887638, -0., 6.32103037));
#3467 = CARTESIAN_POINT('', (125.37887638, 4.5, 6.32103037));
#3468 = CARTESIAN_POINT('', (122.59024764, 4.5, 9.85630266));
#3469 = CARTESIAN_POINT('', (119.80161891, 4.5, 13.39157495));
#3470 = CARTESIAN_POINT('', (119.80161891, 0., 13.39157495));
#3471 = CARTESIAN_POINT('', (119.80161891, -4.5, 13.39157495));
#3472 = CARTESIAN_POINT('', (122.59024764, -4.5, 9.85630266));
#3473 = CARTESIAN_POINT('', (127.08392641, -4.5, 13.6620817));
#3474 = CARTESIAN_POINT('', (130.11326091, -4.5, 10.33066754));
#3475 = CARTESIAN_POINT('', (130.11326091, -0., 10.33066754));
#3476 = CARTESIAN_POINT('', (130.11326091, 4.5, 10.33066754));
#3477 = CARTESIAN_POINT('', (127.08392641, 4.5, 13.6620817));
#3478 = CARTESIAN_POINT('', (124.05459191, 4.5, 16.99349586));
#3479 = CARTESIAN_POINT('', (124.05459191, 0., 16.99349586));
#3480 = CARTESIAN_POINT('', (124.05459191, -4.5, 16.99349586));
#3481 = CARTESIAN_POINT('', (127.08392641, -4.5, 13.6620817));
#3482 = CARTESIAN_POINT('', (131.34779338, -4.5, 17.82317598));
#3483 = CARTESIAN_POINT('', (134.60552368, -4.5, 14.71465256));
#3484 = CARTESIAN_POINT('', (134.60552368, -0., 14.71465256));
#3485 = CARTESIAN_POINT('', (134.60552368, 4.5, 14.71465256));
#3486 = CARTESIAN_POINT('', (131.34779338, 4.5, 17.82317598));
#3487 = CARTESIAN_POINT('', (128.09006307, 4.5, 20.9316994));
#3488 = CARTESIAN_POINT('', (128.09006307, 0., 20.9316994));
#3489 = CARTESIAN_POINT('', (128.09006307, -4.5, 20.9316994));
#3490 = CARTESIAN_POINT('', (131.34779338, -4.5, 17.82317598));
#3491 = CARTESIAN_POINT('', (135.34024136, -4.5, 22.31742033));
#3492 = CARTESIAN_POINT('', (138.81182879, -4.5, 19.44963297));
#3493 = CARTESIAN_POINT('', (138.81182879, -0., 19.44963297));
#3494 = CARTESIAN_POINT('', (138.81182879, 4.5, 19.44963297));
#3495 = CARTESIAN_POINT('', (135.34024136, 4.5, 22.31742033));
#3496 = CARTESIAN_POINT('', (131.86865393, 4.5, 25.18520769));
#3497 = CARTESIAN_POINT('', (131.86865393, 0., 25.18520769));
#3498 = CARTESIAN_POINT('', (131.86865393, -4.5, 25.18520769));
#3499 = CARTESIAN_POINT('', (135.34024136, -4.5, 22.31742033));
#3500 = CARTESIAN_POINT('', (139.0238369, -4.5, 27.11759806));
#3501 = CARTESIAN_POINT('', (142.69273766, -4.5, 24.50693421));
#3502 = CARTESIAN_POINT('', (142.69273766, -0., 24.50693421));
#3503 = CARTESIAN_POINT('', (142.69273766, 4.5, 24.50693421));
#3504 = CARTESIAN_POINT('', (139.0238369, 4.5, 27.11759806));
#3505 = CARTESIAN_POINT('', (135.35493615, 4.5, 29.72826191));
#3506 = CARTESIAN_POINT('', (135.35493615, 0., 29.72826191));
#3507 = CARTESIAN_POINT('', (135.35493615, -4.5, 29.72826191));
#3508 = CARTESIAN_POINT('', (139.0238369, -4.5, 27.11759806));
#3509 = CARTESIAN_POINT('', (142.36470512, -4.5, 32.19073453));
#3510 = CARTESIAN_POINT('', (146.21256087, -4.5, 29.85181534));
#3511 = CARTESIAN_POINT('', (146.21256087, -0., 29.85181534));
#3512 = CARTESIAN_POINT('', (146.21256087, 4.5, 29.85181534));
#3513 = CARTESIAN_POINT('', (142.36470512, 4.5, 32.19073453));
#3514 = CARTESIAN_POINT('', (138.51684938, 4.5, 34.52965373));
#3515 = CARTESIAN_POINT('', (138.51684938, 0., 34.52965373));
#3516 = CARTESIAN_POINT('', (138.51684938, -4.5, 34.52965373));
#3517 = CARTESIAN_POINT('', (142.36470512, -4.5, 32.19073453));
#3518 = CARTESIAN_POINT('', (145.3338938, -4.5, 37.49909679));
#3519 = CARTESIAN_POINT('', (149.34079537, -4.5, 35.44452222));
#3520 = CARTESIAN_POINT('', (149.34079537, -0., 35.44452222));
#3521 = CARTESIAN_POINT('', (149.34079537, 4.5, 35.44452222));
#3522 = CARTESIAN_POINT('', (145.3338938, 4.5, 37.49909679));
#3523 = CARTESIAN_POINT('', (141.32699224, 4.5, 39.55367136));
#3524 = CARTESIAN_POINT('', (141.32699224, 0., 39.55367136));
#3525 = CARTESIAN_POINT('', (141.32699224, -4.5, 39.55367136));
#3526 = CARTESIAN_POINT('', (145.3338938, -4.5, 37.49909679));
#3527 = CARTESIAN_POINT('', (147.90811528, -4.5, 43.0010508));
#3528 = CARTESIAN_POINT('', (152.05290609, -4.5, 41.24119067));
#3529 = CARTESIAN_POINT('', (152.05290609, -0., 41.24119067));
#3530 = CARTESIAN_POINT('', (152.05290609, 4.5, 41.24119067));
#3531 = CARTESIAN_POINT('', (147.90811528, 4.5, 43.0010508));
#3532 = CARTESIAN_POINT('', (143.76332448, 4.5, 44.76091092));
#3533 = CARTESIAN_POINT('', (143.76332448, 0., 44.76091092));
#3534 = CARTESIAN_POINT('', (143.76332448, -4.5, 44.76091092));
#3535 = CARTESIAN_POINT('', (147.90811528, -4.5, 43.0010508));
#3536 = CARTESIAN_POINT('', (150.07037077, -4.5, 48.65217755));
#3537 = CARTESIAN_POINT('', (154.33098368, -4.5, 47.19502238));
#3538 = CARTESIAN_POINT('', (154.33098368, -0., 47.19502238));
#3539 = CARTESIAN_POINT('', (154.33098368, 4.5, 47.19502238));
#3540 = CARTESIAN_POINT('', (150.07037077, 4.5, 48.65217755));
#3541 = CARTESIAN_POINT('', (145.80975785, 4.5, 50.10933273));
#3542 = CARTESIAN_POINT('', (145.80975785, 0., 50.10933273));
#3543 = CARTESIAN_POINT('', (145.80975785, -4.5, 50.10933273));
#3544 = CARTESIAN_POINT('', (150.07037077, -4.5, 48.65217755));
#3545 = CARTESIAN_POINT('', (151.81029245, -4.5, 54.40635392));
#3546 = CARTESIAN_POINT('', (156.16410499, -4.5, 53.25742359));
#3547 = CARTESIAN_POINT('', (156.16410499, -0., 53.25742359));
#3548 = CARTESIAN_POINT('', (156.16410499, 4.5, 53.25742359));
#3549 = CARTESIAN_POINT('', (151.81029245, 4.5, 54.40635392));
#3550 = CARTESIAN_POINT('', (147.45647991, 4.5, 55.55528426));
#3551 = CARTESIAN_POINT('', (147.45647991, 0., 55.55528426));
#3552 = CARTESIAN_POINT('', (147.45647991, -4.5, 55.55528426));
#3553 = CARTESIAN_POINT('', (151.81029245, -4.5, 54.40635392));
#3554 = CARTESIAN_POINT('', (153.12428137, -4.5, 60.21743818));
#3555 = CARTESIAN_POINT('', (157.54847827, -4.5, 59.37978098));
#3556 = CARTESIAN_POINT('', (157.54847827, -0., 59.37978098));
#3557 = CARTESIAN_POINT('', (157.54847827, 4.5, 59.37978098));
#3558 = CARTESIAN_POINT('', (153.12428137, 4.5, 60.21743818));
#3559 = CARTESIAN_POINT('', (148.70008446, 4.5, 61.05509538));
#3560 = CARTESIAN_POINT('', (148.70008446, 0., 61.05509538));
#3561 = CARTESIAN_POINT('', (148.70008446, -4.5, 61.05509538));
#3562 = CARTESIAN_POINT('', (153.12428137, -4.5, 60.21743818));
#3563 = CARTESIAN_POINT('', (154.01522738, -4.5, 66.03837609));
#3564 = CARTESIAN_POINT('', (158.48714818, -4.5, 65.51251984));
#3565 = CARTESIAN_POINT('', (158.48714818, -0., 65.51251984));
#3566 = CARTESIAN_POINT('', (158.48714818, 4.5, 65.51251984));
#3567 = CARTESIAN_POINT('', (154.01522738, 4.5, 66.03837609));
#3568 = CARTESIAN_POINT('', (149.54330659, 4.5, 66.56423234));
#3569 = CARTESIAN_POINT('', (149.54330659, 0., 66.56423234));
#3570 = CARTESIAN_POINT('', (149.54330659, -4.5, 66.56423234));
#3571 = CARTESIAN_POINT('', (154.01522738, -4.5, 66.03837609));
#3572 = CARTESIAN_POINT('', (154.49230166, -4.5, 71.83073276));
#3573 = CARTESIAN_POINT('', (158.98977713, -4.5, 71.6151465));
#3574 = CARTESIAN_POINT('', (158.98977713, -0., 71.6151465));
#3575 = CARTESIAN_POINT('', (158.98977713, 4.5, 71.6151465));
#3576 = CARTESIAN_POINT('', (154.49230166, 4.5, 71.83073276));
#3577 = CARTESIAN_POINT('', (149.99482618, 4.5, 72.04631903));
#3578 = CARTESIAN_POINT('', (149.99482618, 0., 72.04631903));
#3579 = CARTESIAN_POINT('', (149.99482618, -4.5, 72.04631903));
#3580 = CARTESIAN_POINT('', (154.49230166, -4.5, 71.83073276));
#3581 = CARTESIAN_POINT('', (154.56091706, -4.5, 76.83356993));
#3582 = CARTESIAN_POINT('', (159.06206795, -4.5, 76.88596271));
#3583 = CARTESIAN_POINT('', (159.06206795, -0., 76.88596271));
#3584 = CARTESIAN_POINT('', (159.06206795, 4.5, 76.88596271));
#3585 = CARTESIAN_POINT('', (154.56091706, 4.5, 76.83356993));
#3586 = CARTESIAN_POINT('', (150.05976617, 4.5, 76.78117715));
#3587 = CARTESIAN_POINT('', (150.05976617, 0., 76.78117715));
#3588 = CARTESIAN_POINT('', (150.05976617, -4.5, 76.78117715));
#3589 = CARTESIAN_POINT('', (154.56091706, -4.5, 76.83356993));
#3590 = CARTESIAN_POINT('', (154.42956568, -4.5, 80.37313046));
#3591 = CARTESIAN_POINT('', (158.92368068, -4.5, 80.61512127));
#3592 = CARTESIAN_POINT('', (158.92368068, -0., 80.61512127));
#3593 = CARTESIAN_POINT('', (158.92368068, 4.5, 80.61512127));
#3594 = CARTESIAN_POINT('', (154.42956568, 4.5, 80.37313046));
#3595 = CARTESIAN_POINT('', (149.93545068, 4.5, 80.13113965));
#3596 = CARTESIAN_POINT('', (149.93545068, 0., 80.13113965));
#3597 = CARTESIAN_POINT('', (149.93545068, -4.5, 80.13113965));
#3598 = CARTESIAN_POINT('', (154.42956568, -4.5, 80.37313046));
#3599 = CARTESIAN_POINT('', (154.18007615, -4.5, 83.90632971));
#3600 = CARTESIAN_POINT('', (158.66082714, -4.5, 84.3375778));
#3601 = CARTESIAN_POINT('', (158.66082714, -0., 84.3375778));
#3602 = CARTESIAN_POINT('', (158.66082714, 4.5, 84.3375778));
#3603 = CARTESIAN_POINT('', (154.18007615, 4.5, 83.90632971));
#3604 = CARTESIAN_POINT('', (149.69932516, 4.5, 83.47508162));
#3605 = CARTESIAN_POINT('', (149.69932516, 0., 83.47508162));
#3606 = CARTESIAN_POINT('', (149.69932516, -4.5, 83.47508162));
#3607 = CARTESIAN_POINT('', (154.18007615, -4.5, 83.90632971));
#3608 = CARTESIAN_POINT('', (153.57464799, -4.5, 88.87287222));
#3609 = CARTESIAN_POINT('', (158.02296897, -4.5, 89.57015521));
#3610 = CARTESIAN_POINT('', (158.02296897, -0., 89.57015521));
#3611 = CARTESIAN_POINT('', (158.02296897, 4.5, 89.57015521));
#3612 = CARTESIAN_POINT('', (153.57464799, 4.5, 88.87287222));
#3613 = CARTESIAN_POINT('', (149.12632702, 4.5, 88.17558922));
#3614 = CARTESIAN_POINT('', (149.12632702, 0., 88.17558922));
#3615 = CARTESIAN_POINT('', (149.12632702, -4.5, 88.17558922));
#3616 = CARTESIAN_POINT('', (153.57464799, -4.5, 88.87287222));
#3617 = CARTESIAN_POINT('', (152.47834333, -4.5, 94.58050848));
#3618 = CARTESIAN_POINT('', (156.86794029, -4.5, 95.58352338));
#3619 = CARTESIAN_POINT('', (156.86794029, -0., 95.58352338));
#3620 = CARTESIAN_POINT('', (156.86794029, 4.5, 95.58352338));
#3621 = CARTESIAN_POINT('', (152.47834333, 4.5, 94.58050848));
#3622 = CARTESIAN_POINT('', (148.08874636, 4.5, 93.57749359));
#3623 = CARTESIAN_POINT('', (148.08874636, 0., 93.57749359));
#3624 = CARTESIAN_POINT('', (148.08874636, -4.5, 93.57749359));
#3625 = CARTESIAN_POINT('', (152.47834333, -4.5, 94.58050848));
#3626 = CARTESIAN_POINT('', (150.96749087, -4.5, 100.27211878));
#3627 = CARTESIAN_POINT('', (155.2761584, -4.5, 101.58000715));
#3628 = CARTESIAN_POINT('', (155.2761584, -0., 101.58000715));
#3629 = CARTESIAN_POINT('', (155.2761584, 4.5, 101.58000715));
#3630 = CARTESIAN_POINT('', (150.96749087, 4.5, 100.27211878));
#3631 = CARTESIAN_POINT('', (146.65882334, 4.5, 98.96423042));
#3632 = CARTESIAN_POINT('', (146.65882334, 0., 98.96423042));
#3633 = CARTESIAN_POINT('', (146.65882334, -4.5, 98.96423042));
#3634 = CARTESIAN_POINT('', (150.96749087, -4.5, 100.27211878));
#3635 = CARTESIAN_POINT('', (149.03709967, -4.5, 105.90850565));
#3636 = CARTESIAN_POINT('', (153.24236499, -4.5, 107.51830941));
#3637 = CARTESIAN_POINT('', (153.24236499, -0., 107.51830941));
#3638 = CARTESIAN_POINT('', (153.24236499, 4.5, 107.51830941));
#3639 = CARTESIAN_POINT('', (149.03709967, 4.5, 105.90850565));
#3640 = CARTESIAN_POINT('', (144.83183434, 4.5, 104.29870189));
#3641 = CARTESIAN_POINT('', (144.83183434, 0., 104.29870189));
#3642 = CARTESIAN_POINT('', (144.83183434, -4.5, 104.29870189));
#3643 = CARTESIAN_POINT('', (149.03709967, -4.5, 105.90850565));
#3644 = CARTESIAN_POINT('', (146.68934928, -4.5, 111.4425766));
#3645 = CARTESIAN_POINT('', (150.76885638, -4.5, 113.34881517));
#3646 = CARTESIAN_POINT('', (150.76885638, -0., 113.34881517));
#3647 = CARTESIAN_POINT('', (150.76885638, 4.5, 113.34881517));
#3648 = CARTESIAN_POINT('', (146.68934928, 4.5, 111.4425766));
#3649 = CARTESIAN_POINT('', (142.60984218, 4.5, 109.53633804));
#3650 = CARTESIAN_POINT('', (142.60984218, 0., 109.53633804));
#3651 = CARTESIAN_POINT('', (142.60984218, -4.5, 109.53633804));
#3652 = CARTESIAN_POINT('', (146.68934928, -4.5, 111.4425766));
#3653 = CARTESIAN_POINT('', (143.93277262, -4.5, 116.82884317));
#3654 = CARTESIAN_POINT('', (147.86462255, -4.5, 119.02359933));
#3655 = CARTESIAN_POINT('', (147.86462255, -0., 119.02359933));
#3656 = CARTESIAN_POINT('', (147.86462255, 4.5, 119.02359933));
#3657 = CARTESIAN_POINT('', (143.93277262, 4.5, 116.82884317));
#3658 = CARTESIAN_POINT('', (140.00092269, 4.5, 114.634087));
#3659 = CARTESIAN_POINT('', (140.00092269, 0., 114.634087));
#3660 = CARTESIAN_POINT('', (140.00092269, -4.5, 114.634087));
#3661 = CARTESIAN_POINT('', (143.93277262, -4.5, 116.82884317));
#3662 = CARTESIAN_POINT('', (140.78263028, -4.5, 122.0225622));
#3663 = CARTESIAN_POINT('', (144.54574153, -4.5, 124.49552207));
#3664 = CARTESIAN_POINT('', (144.54574153, -0., 124.49552207));
#3665 = CARTESIAN_POINT('', (144.54574153, 4.5, 124.49552207));
#3666 = CARTESIAN_POINT('', (140.78263028, 4.5, 122.0225622));
#3667 = CARTESIAN_POINT('', (137.01951903, 4.5, 119.54960232));
#3668 = CARTESIAN_POINT('', (137.01951903, 0., 119.54960232));
#3669 = CARTESIAN_POINT('', (137.01951903, -4.5, 119.54960232));
#3670 = CARTESIAN_POINT('', (140.78263028, -4.5, 122.0225622));
#3671 = CARTESIAN_POINT('', (137.26059253, -4.5, 126.98139688));
#3672 = CARTESIAN_POINT('', (140.83504437, -4.5, 129.71997879));
#3673 = CARTESIAN_POINT('', (140.83504437, -0., 129.71997879));
#3674 = CARTESIAN_POINT('', (140.83504437, 4.5, 129.71997879));
#3675 = CARTESIAN_POINT('', (137.26059253, 4.5, 126.98139688));
#3676 = CARTESIAN_POINT('', (133.6861407, 4.5, 124.24281497));
#3677 = CARTESIAN_POINT('', (133.6861407, 0., 124.24281497));
#3678 = CARTESIAN_POINT('', (133.6861407, -4.5, 124.24281497));
#3679 = CARTESIAN_POINT('', (137.26059253, -4.5, 126.98139688));
#3680 = CARTESIAN_POINT('', (133.39428309, -4.5, 131.66645455));
#3681 = CARTESIAN_POINT('', (136.76163446, -4.5, 134.65599352));
#3682 = CARTESIAN_POINT('', (136.76163446, -0., 134.65599352));
#3683 = CARTESIAN_POINT('', (136.76163446, 4.5, 134.65599352));
#3684 = CARTESIAN_POINT('', (133.39428309, 4.5, 131.66645455));
#3685 = CARTESIAN_POINT('', (130.02693172, 4.5, 128.67691559));
#3686 = CARTESIAN_POINT('', (130.02693172, 0., 128.67691559));
#3687 = CARTESIAN_POINT('', (130.02693172, -4.5, 128.67691559));
#3688 = CARTESIAN_POINT('', (133.39428309, -4.5, 131.66645455));
#3689 = CARTESIAN_POINT('', (129.21653856, -4.5, 136.04332936));
#3690 = CARTESIAN_POINT('', (132.36010732, -4.5, 139.26731743));
#3691 = CARTESIAN_POINT('', (132.36010732, -0., 139.26731743));
#3692 = CARTESIAN_POINT('', (132.36010732, 4.5, 139.26731743));
#3693 = CARTESIAN_POINT('', (129.21653856, 4.5, 136.04332936));
#3694 = CARTESIAN_POINT('', (126.07296981, 4.5, 132.81934128));
#3695 = CARTESIAN_POINT('', (126.07296981, 0., 132.81934128));
#3696 = CARTESIAN_POINT('', (126.07296981, -4.5, 132.81934128));
#3697 = CARTESIAN_POINT('', (129.21653856, -4.5, 136.04332936));
#3698 = CARTESIAN_POINT('', (124.76457882, -4.5, 140.08287483));
#3699 = CARTESIAN_POINT('', (127.66967651, -4.5, 143.52324284));
#3700 = CARTESIAN_POINT('', (127.66967651, -0., 143.52324284));
#3701 = CARTESIAN_POINT('', (127.66967651, 4.5, 143.52324284));
#3702 = CARTESIAN_POINT('', (124.76457882, 4.5, 140.08287483));
#3703 = CARTESIAN_POINT('', (121.85948114, 4.5, 136.64250683));
#3704 = CARTESIAN_POINT('', (121.85948114, 0., 136.64250683));
#3705 = CARTESIAN_POINT('', (121.85948114, -4.5, 136.64250683));
#3706 = CARTESIAN_POINT('', (124.76457882, -4.5, 140.08287483));
#3707 = CARTESIAN_POINT('', (120.07854343, -4.5, 143.7620513));
#3708 = CARTESIAN_POINT('', (122.73263169, -4.5, 147.39949591));
#3709 = CARTESIAN_POINT('', (122.73263169, -0., 147.39949591));
#3710 = CARTESIAN_POINT('', (122.73263169, 4.5, 147.39949591));
#3711 = CARTESIAN_POINT('', (120.07854343, 4.5, 143.7620513));
#3712 = CARTESIAN_POINT('', (117.42445517, 4.5, 140.12460668));
#3713 = CARTESIAN_POINT('', (117.42445517, 0., 140.12460668));
#3714 = CARTESIAN_POINT('', (117.42445517, -4.5, 140.12460668));
#3715 = CARTESIAN_POINT('', (120.07854343, -4.5, 143.7620513));
#3716 = CARTESIAN_POINT('', (115.20217912, -4.5, 147.06328955));
#3717 = CARTESIAN_POINT('', (117.5950629, -4.5, 150.87756636));
#3718 = CARTESIAN_POINT('', (117.5950629, -0., 150.87756636));
#3719 = CARTESIAN_POINT('', (117.5950629, 4.5, 150.87756636));
#3720 = CARTESIAN_POINT('', (115.20217912, 4.5, 147.06328955));
#3721 = CARTESIAN_POINT('', (112.80929533, 4.5, 143.24901274));
#3722 = CARTESIAN_POINT('', (112.80929533, 0., 143.24901274));
#3723 = CARTESIAN_POINT('', (112.80929533, -4.5, 143.24901274));
#3724 = CARTESIAN_POINT('', (115.20217912, -4.5, 147.06328955));
#3725 = CARTESIAN_POINT('', (110.17413996, -4.5, 149.97839124));
#3726 = CARTESIAN_POINT('', (112.29769474, -4.5, 153.94881669));
#3727 = CARTESIAN_POINT('', (112.29769474, -0., 153.94881669));
#3728 = CARTESIAN_POINT('', (112.29769474, 4.5, 153.94881669));
#3729 = CARTESIAN_POINT('', (110.17413996, 4.5, 149.97839124));
#3730 = CARTESIAN_POINT('', (108.05058517, 4.5, 146.0079658));
#3731 = CARTESIAN_POINT('', (108.05058517, 0., 146.0079658));
#3732 = CARTESIAN_POINT('', (108.05058517, -4.5, 146.0079658));
#3733 = CARTESIAN_POINT('', (110.17413996, -4.5, 149.97839124));
#3734 = CARTESIAN_POINT('', (105.6841558, -4.5, 152.18590794));
#3735 = CARTESIAN_POINT('', (107.56720272, -4.5, 156.27457993));
#3736 = CARTESIAN_POINT('', (107.56720272, -0., 156.27457993));
#3737 = CARTESIAN_POINT('', (107.56720272, 4.5, 156.27457993));
#3738 = CARTESIAN_POINT('', (105.6841558, 4.5, 152.18590794));
#3739 = CARTESIAN_POINT('', (103.80110887, 4.5, 148.09723596));
#3740 = CARTESIAN_POINT('', (103.80110887, 0., 148.09723596));
#3741 = CARTESIAN_POINT('', (103.80110887, -4.5, 148.09723596));
#3742 = CARTESIAN_POINT('', (105.6841558, -4.5, 152.18590794));
#3743 = CARTESIAN_POINT('', (102.43029284, -4.5, 153.58523557));
#3744 = CARTESIAN_POINT('', (104.13904524, -4.5, 157.74886312));
#3745 = CARTESIAN_POINT('', (104.13904524, -0., 157.74886312));
#3746 = CARTESIAN_POINT('', (104.13904524, 4.5, 157.74886312));
#3747 = CARTESIAN_POINT('', (102.43029284, 4.5, 153.58523557));
#3748 = CARTESIAN_POINT('', (100.72154044, 4.5, 149.42160802));
#3749 = CARTESIAN_POINT('', (100.72154044, 0., 149.42160802));
#3750 = CARTESIAN_POINT('', (100.72154044, -4.5, 149.42160802));
#3751 = CARTESIAN_POINT('', (102.43029284, -4.5, 153.58523557));
#3752 = CARTESIAN_POINT('', (99.13151139, -4.5, 154.87511267));
#3753 = CARTESIAN_POINT('', (100.6635632, -4.5, 159.10783302));
#3754 = CARTESIAN_POINT('', (100.6635632, -0., 159.10783302));
#3755 = CARTESIAN_POINT('', (100.6635632, 4.5, 159.10783302));
#3756 = CARTESIAN_POINT('', (99.13151139, 4.5, 154.87511267));
#3757 = CARTESIAN_POINT('', (97.59945959, 4.5, 150.64239231));
#3758 = CARTESIAN_POINT('', (97.59945959, 0., 150.64239231));
#3759 = CARTESIAN_POINT('', (97.59945959, -4.5, 150.64239231));
#3760 = CARTESIAN_POINT('', (99.13151139, -4.5, 154.87511267));
#3761 = CARTESIAN_POINT('', (94.38524239, -4.5, 156.4581535));
#3762 = CARTESIAN_POINT('', (95.66305833, -4.5, 160.77567009));
#3763 = CARTESIAN_POINT('', (95.66305833, -0., 160.77567009));
#3764 = CARTESIAN_POINT('', (95.66305833, 4.5, 160.77567009));
#3765 = CARTESIAN_POINT('', (94.38524239, 4.5, 156.4581535));
#3766 = CARTESIAN_POINT('', (93.10742645, 4.5, 152.14063691));
#3767 = CARTESIAN_POINT('', (93.10742645, 0., 152.14063691));
#3768 = CARTESIAN_POINT('', (93.10742645, -4.5, 152.14063691));
#3769 = CARTESIAN_POINT('', (94.38524239, -4.5, 156.4581535));
#3770 = CARTESIAN_POINT('', (88.75897309, -4.5, 157.91557912));
#3771 = CARTESIAN_POINT('', (89.73541558, -4.5, 162.31116332));
#3772 = CARTESIAN_POINT('', (89.73541558, -0., 162.31116332));
#3773 = CARTESIAN_POINT('', (89.73541558, 4.5, 162.31116332));
#3774 = CARTESIAN_POINT('', (88.75897309, 4.5, 157.91557912));
#3775 = CARTESIAN_POINT('', (87.78253059, 4.5, 153.51999492));
#3776 = CARTESIAN_POINT('', (87.78253059, 0., 153.51999492));
#3777 = CARTESIAN_POINT('', (87.78253059, -4.5, 153.51999492));
#3778 = CARTESIAN_POINT('', (88.75897309, -4.5, 157.91557912));
#3779 = CARTESIAN_POINT('', (82.96939696, -4.5, 158.99164194));
#3780 = CARTESIAN_POINT('', (83.63571841, -4.5, 163.44486589));
#3781 = CARTESIAN_POINT('', (83.63571841, -0., 163.44486589));
#3782 = CARTESIAN_POINT('', (83.63571841, 4.5, 163.44486589));
#3783 = CARTESIAN_POINT('', (82.96939696, 4.5, 158.99164194));
#3784 = CARTESIAN_POINT('', (82.30307551, 4.5, 154.53841799));
#3785 = CARTESIAN_POINT('', (82.30307551, 0., 154.53841799));
#3786 = CARTESIAN_POINT('', (82.30307551, -4.5, 154.53841799));
#3787 = CARTESIAN_POINT('', (82.96939696, -4.5, 158.99164194));
#3788 = CARTESIAN_POINT('', (77.04978336, -4.5, 159.66502295));
#3789 = CARTESIAN_POINT('', (77.39901826, -4.5, 164.15431683));
#3790 = CARTESIAN_POINT('', (77.39901826, -0., 164.15431683));
#3791 = CARTESIAN_POINT('', (77.39901826, 4.5, 164.15431683));
#3792 = CARTESIAN_POINT('', (77.04978336, 4.5, 159.66502295));
#3793 = CARTESIAN_POINT('', (76.70054846, 4.5, 155.17572906));
#3794 = CARTESIAN_POINT('', (76.70054846, 0., 155.17572906));
#3795 = CARTESIAN_POINT('', (76.70054846, -4.5, 155.17572906));
#3796 = CARTESIAN_POINT('', (77.04978336, -4.5, 159.66502295));
#3797 = CARTESIAN_POINT('', (71.04360894, -4.5, 159.91749486));
#3798 = CARTESIAN_POINT('', (71.07112062, -4.5, 164.42031251));
#3799 = CARTESIAN_POINT('', (71.07112062, -0., 164.42031251));
#3800 = CARTESIAN_POINT('', (71.07112062, 4.5, 164.42031251));
#3801 = CARTESIAN_POINT('', (71.04360894, 4.5, 159.91749486));
#3802 = CARTESIAN_POINT('', (71.01609727, 4.5, 155.41467722));
#3803 = CARTESIAN_POINT('', (71.01609727, 0., 155.41467722));
#3804 = CARTESIAN_POINT('', (71.01609727, -4.5, 155.41467722));
#3805 = CARTESIAN_POINT('', (71.04360894, -4.5, 159.91749486));
#3806 = CARTESIAN_POINT('', (64.99562607, -4.5, 159.73725775));
#3807 = CARTESIAN_POINT('', (64.69917504, -4.5, 164.23042092));
#3808 = CARTESIAN_POINT('', (64.69917504, -0., 164.23042092));
#3809 = CARTESIAN_POINT('', (64.69917504, 4.5, 164.23042092));
#3810 = CARTESIAN_POINT('', (64.99562607, 4.5, 159.73725775));
#3811 = CARTESIAN_POINT('', (65.29207711, 4.5, 155.24409458));
#3812 = CARTESIAN_POINT('', (65.29207711, 0., 155.24409458));
#3813 = CARTESIAN_POINT('', (65.29207711, -4.5, 155.24409458));
#3814 = CARTESIAN_POINT('', (64.99562607, -4.5, 159.73725775));
#3815 = CARTESIAN_POINT('', (58.95279895, -4.5, 159.11890884));
#3816 = CARTESIAN_POINT('', (58.33266138, -4.5, 163.5789499));
#3817 = CARTESIAN_POINT('', (58.33266138, -0., 163.5789499));
#3818 = CARTESIAN_POINT('', (58.33266138, 4.5, 163.5789499));
#3819 = CARTESIAN_POINT('', (58.95279895, 4.5, 159.11890884));
#3820 = CARTESIAN_POINT('', (59.57293652, 4.5, 154.65886779));
#3821 = CARTESIAN_POINT('', (59.57293652, 0., 154.65886779));
#3822 = CARTESIAN_POINT('', (59.57293652, -4.5, 154.65886779));
#3823 = CARTESIAN_POINT('', (58.95279895, -4.5, 159.11890884));
#3824 = CARTESIAN_POINT('', (52.96266744, -4.5, 158.06386796));
#3825 = CARTESIAN_POINT('', (52.021666, -4.5, 162.46739531));
#3826 = CARTESIAN_POINT('', (52.021666, -0., 162.46739531));
#3827 = CARTESIAN_POINT('', (52.021666, 4.5, 162.46739531));
#3828 = CARTESIAN_POINT('', (52.96266744, 4.5, 158.06386796));
#3829 = CARTESIAN_POINT('', (53.90366889, 4.5, 153.66034061));
#3830 = CARTESIAN_POINT('', (53.90366889, 0., 153.66034061));
#3831 = CARTESIAN_POINT('', (53.90366889, -4.5, 153.66034061));
#3832 = CARTESIAN_POINT('', (52.96266744, -4.5, 158.06386796));
#3833 = CARTESIAN_POINT('', (47.07221028, -4.5, 156.58040853));
#3834 = CARTESIAN_POINT('', (45.81568406, -4.5, 160.90447376));
#3835 = CARTESIAN_POINT('', (45.81568406, -0., 160.90447376));
#3836 = CARTESIAN_POINT('', (45.81568406, 4.5, 160.90447376));
#3837 = CARTESIAN_POINT('', (47.07221028, 4.5, 156.58040853));
#3838 = CARTESIAN_POINT('', (48.32873651, 4.5, 152.2563433));
#3839 = CARTESIAN_POINT('', (48.32873651, 0., 152.2563433));
#3840 = CARTESIAN_POINT('', (48.32873651, -4.5, 152.2563433));
#3841 = CARTESIAN_POINT('', (47.07221028, -4.5, 156.58040853));
#3842 = CARTESIAN_POINT('', (41.68395223, -4.5, 154.80142788));
#3843 = CARTESIAN_POINT('', (40.13880173, -4.5, 159.03020128));
#3844 = CARTESIAN_POINT('', (40.13880173, -0., 159.03020128));
#3845 = CARTESIAN_POINT('', (40.13880173, 4.5, 159.03020128));
#3846 = CARTESIAN_POINT('', (41.68395223, 4.5, 154.80142788));
#3847 = CARTESIAN_POINT('', (43.22910273, 4.5, 150.57265449));
#3848 = CARTESIAN_POINT('', (43.22910273, 0., 150.57265449));
#3849 = CARTESIAN_POINT('', (43.22910273, -4.5, 150.57265449));
#3850 = CARTESIAN_POINT('', (41.68395223, -4.5, 154.80142788));
#3851 = CARTESIAN_POINT('', (37.49200394, -4.5, 153.11861395));
#3852 = CARTESIAN_POINT('', (35.72231, -4.5, 157.25724673));
#3853 = CARTESIAN_POINT('', (35.72231, -0., 157.25724673));
#3854 = CARTESIAN_POINT('', (35.72231, 4.5, 157.25724673));
#3855 = CARTESIAN_POINT('', (37.49200394, 4.5, 153.11861395));
#3856 = CARTESIAN_POINT('', (39.26169789, 4.5, 148.97998118));
#3857 = CARTESIAN_POINT('', (39.26169789, 0., 148.97998118));
#3858 = CARTESIAN_POINT('', (39.26169789, -4.5, 148.97998118));
#3859 = CARTESIAN_POINT('', (37.49200394, -4.5, 153.11861395));
#3860 = CARTESIAN_POINT('', (34.42449933, -4.5, 151.72513265));
#3861 = CARTESIAN_POINT('', (32.49049323, -4.5, 155.78912302));
#3862 = CARTESIAN_POINT('', (32.49049323, -0., 155.78912302));
#3863 = CARTESIAN_POINT('', (32.49049323, 4.5, 155.78912302));
#3864 = CARTESIAN_POINT('', (34.42449933, 4.5, 151.72513265));
#3865 = CARTESIAN_POINT('', (36.35850544, 4.5, 147.66114228));
#3866 = CARTESIAN_POINT('', (36.35850544, 0., 147.66114228));
#3867 = CARTESIAN_POINT('', (36.35850544, -4.5, 147.66114228));
#3868 = CARTESIAN_POINT('', (34.42449933, -4.5, 151.72513265));
#3869 = CARTESIAN_POINT('', (31.75797766, -4.5, 150.39754146));
#3870 = CARTESIAN_POINT('', (29.68113821, -4.5, 154.39041886));
#3871 = CARTESIAN_POINT('', (29.68113821, -0., 154.39041886));
#3872 = CARTESIAN_POINT('', (29.68113821, 4.5, 154.39041886));
#3873 = CARTESIAN_POINT('', (31.75797766, 4.5, 150.39754146));
#3874 = CARTESIAN_POINT('', (33.8348171, 4.5, 146.40466406));
#3875 = CARTESIAN_POINT('', (33.8348171, 0., 146.40466406));
#3876 = CARTESIAN_POINT('', (33.8348171, -4.5, 146.40466406));
#3877 = CARTESIAN_POINT('', (31.75797766, -4.5, 150.39754146));
#3878 = CARTESIAN_POINT('', (29.15425922, -4.5, 148.98421279));
#3879 = CARTESIAN_POINT('', (26.93795052, -4.5, 152.90138466));
#3880 = CARTESIAN_POINT('', (26.93795052, -0., 152.90138466));
#3881 = CARTESIAN_POINT('', (26.93795052, 4.5, 152.90138466));
#3882 = CARTESIAN_POINT('', (29.15425922, 4.5, 148.98421279));
#3883 = CARTESIAN_POINT('', (31.37056792, 4.5, 145.06704093));
#3884 = CARTESIAN_POINT('', (31.37056792, 0., 145.06704093));
#3885 = CARTESIAN_POINT('', (31.37056792, -4.5, 145.06704093));
#3886 = CARTESIAN_POINT('', (29.15425922, -4.5, 148.98421279));
#3887 = CARTESIAN_POINT('', (26.61721168, -4.5, 147.48929223));
#3888 = CARTESIAN_POINT('', (24.26500498, -4.5, 151.32638805));
#3889 = CARTESIAN_POINT('', (24.26500498, -0., 151.32638805));
#3890 = CARTESIAN_POINT('', (24.26500498, 4.5, 151.32638805));
#3891 = CARTESIAN_POINT('', (26.61721168, 4.5, 147.48929223));
#3892 = CARTESIAN_POINT('', (28.96941838, 4.5, 143.65219641));
#3893 = CARTESIAN_POINT('', (28.96941838, 0., 143.65219641));
#3894 = CARTESIAN_POINT('', (28.96941838, -4.5, 143.65219641));
#3895 = CARTESIAN_POINT('', (26.61721168, -4.5, 147.48929223));
#3896 = CARTESIAN_POINT('', (24.15035915, -4.5, 145.91713388));
#3897 = CARTESIAN_POINT('', (21.66601447, -4.5, 149.67001638));
#3898 = CARTESIAN_POINT('', (21.66601447, -0., 149.67001638));
#3899 = CARTESIAN_POINT('', (21.66601447, 4.5, 149.67001638));
#3900 = CARTESIAN_POINT('', (24.15035915, 4.5, 145.91713388));
#3901 = CARTESIAN_POINT('', (26.63470383, 4.5, 142.16425137));
#3902 = CARTESIAN_POINT('', (26.63470383, 0., 142.16425137));
#3903 = CARTESIAN_POINT('', (26.63470383, -4.5, 142.16425137));
#3904 = CARTESIAN_POINT('', (24.15035915, -4.5, 145.91713388));
#3905 = CARTESIAN_POINT('', (21.75687093, -4.5, 144.27226673));
#3906 = CARTESIAN_POINT('', (19.14431806, -4.5, 147.93704124));
#3907 = CARTESIAN_POINT('', (19.14431806, -0., 147.93704124));
#3908 = CARTESIAN_POINT('', (19.14431806, 4.5, 147.93704124));
#3909 = CARTESIAN_POINT('', (21.75687093, 4.5, 144.27226673));
#3910 = CARTESIAN_POINT('', (24.3694238, 4.5, 140.60749221));
#3911 = CARTESIAN_POINT('', (24.3694238, 0., 140.60749221));
#3912 = CARTESIAN_POINT('', (24.3694238, -4.5, 140.60749221));
#3913 = CARTESIAN_POINT('', (21.75687093, -4.5, 144.27226673));
#3914 = CARTESIAN_POINT('', (19.43955397, -4.5, 142.55936071));
#3915 = CARTESIAN_POINT('', (16.70287306, -4.5, 146.13238271));
#3916 = CARTESIAN_POINT('', (16.70287306, -0., 146.13238271));
#3917 = CARTESIAN_POINT('', (16.70287306, 4.5, 146.13238271));
#3918 = CARTESIAN_POINT('', (19.43955397, 4.5, 142.55936071));
#3919 = CARTESIAN_POINT('', (22.17623488, 4.5, 138.98633871));
#3920 = CARTESIAN_POINT('', (22.17623488, 0., 138.98633871));
#3921 = CARTESIAN_POINT('', (22.17623488, -4.5, 138.98633871));
#3922 = CARTESIAN_POINT('', (19.43955397, -4.5, 142.55936071));
#3923 = CARTESIAN_POINT('', (16.09584563, -4.5, 139.90649342));
#3924 = CARTESIAN_POINT('', (13.1800576, -4.5, 143.33741348));
#3925 = CARTESIAN_POINT('', (13.1800576, -0., 143.33741348));
#3926 = CARTESIAN_POINT('', (13.1800576, 4.5, 143.33741348));
#3927 = CARTESIAN_POINT('', (16.09584563, 4.5, 139.90649342));
#3928 = CARTESIAN_POINT('', (19.01163366, 4.5, 136.47557335));
#3929 = CARTESIAN_POINT('', (19.01163366, 0., 136.47557335));
#3930 = CARTESIAN_POINT('', (19.01163366, -4.5, 136.47557335));
#3931 = CARTESIAN_POINT('', (16.09584563, -4.5, 139.90649342));
#3932 = CARTESIAN_POINT('', (14., -4.5, 138.));
#3933 = CARTESIAN_POINT('', (10.97194713, -4.5, 141.32879795));
#3934 = CARTESIAN_POINT('', (10.97194713, -0., 141.32879795));
#3935 = CARTESIAN_POINT('', (10.97194713, 4.5, 141.32879795));
#3936 = CARTESIAN_POINT('', (14., 4.5, 138.));
#3937 = CARTESIAN_POINT('', (17.02805287, 4.5, 134.67120205));
#3938 = CARTESIAN_POINT('', (17.02805287, 0., 134.67120205));
#3939 = CARTESIAN_POINT('', (17.02805287, -4.5, 134.67120205));
#3940 = CARTESIAN_POINT('', (14., -4.5, 138.));
#3941 = (
  BOUNDED_SURFACE()
  B_SPLINE_SURFACE(2, 2, ((#3293, #3294, #3295, #3296, #3297, #3298, #3299, #3300, #3301), (#3302, #3303, #3304, #3305, #3306, #3307, #3308, #3309, #3310), (#3311, #3312, #3313, #3314, #3315, #3316, #3317, #3318, #3319), (#3320, #3321, #3322, #3323, #3324, #3325, #3326, #3327, #3328), (#3329, #3330, #3331, #3332, #3333, #3334, #3335, #3336, #3337), (#3338, #3339, #3340, #3341, #3342, #3343, #3344, #3345, #3346), (#3347, #3348, #3349, #3350, #3351, #3352, #3353, #3354, #3355), (#3356, #3357, #3358, #3359, #3360, #3361, #3362, #3363, #3364), (#3365, #3366, #3367, #3368, #3369, #3370, #3371, #3372, #3373), (#3374, #3375, #3376, #3377, #3378, #3379, #3380, #3381, #3382), (#3383, #3384, #3385, #3386, #3387, #3388, #3389, #3390, #3391), (#3392, #3393, #3394, #3395, #3396, #3397, #3398, #3399, #3400), (#3401, #3402, #3403, #3404, #3405, #3406, #3407, #3408, #3409), (#3410, #3411, #3412, #3413, #3414, #3415, #3416, #3417, #3418), (#3419, #3420, #3421, #3422, #3423, #3424, #3425, #3426, #3427), (#3428, #3429, #3430, #3431, #3432, #3433, #3434, #3435, #3436), (#3437, #3438, #3439, #3440, #3441, #3442, #3443, #3444, #3445), (#3446, #3447, #3448, #3449, #3450, #3451, #3452, #3453, #3454), (#3455, #3456, #3457, #3458, #3459, #3460, #3461, #3462, #3463), (#3464, #3465, #3466, #3467, #3468, #3469, #3470, #3471, #3472), (#3473, #3474, #3475, #3476, #3477, #3478, #3479, #3480, #3481), (#3482, #3483, #3484, #3485, #3486, #3487, #3488, #3489, #3490), (#3491, #3492, #3493, #3494, #3495, #3496, #3497, #3498, #3499), (#3500, #3501, #3502, #3503, #3504, #3505, #3506, #3507, #3508), (#3509, #3510, #3511, #3512, #3513, #3514, #3515, #3516, #3517), (#3518, #3519, #3520, #3521, #3522, #3523, #3524, #3525, #3526), (#3527, #3528, #3529, #3530, #3531, #3532, #3533, #3534, #3535), (#3536, #3537, #3538, #3539, #3540, #3541, #3542, #3543, #3544), (#3545, #3546, #3547, #3548, #3549, #3550, #3551, #3552, #3553), (#3554, #3555, #3556, #3557, #3558, #3559, #3560, #3561, #3562), (#3563, #3564, #3565, #3566, #3567, #3568, #3569, #3570, #3571), (#3572, #3573, #3574, #3575, #3576, #3577, #3578, #3579, #3580), (#3581, #3582, #3583, #3584, #3585, #3586, #3587, #3588, #3589), (#3590, #3591, #3592, #3593, #3594, #3595, #3596, #3597, #3598), (#3599, #3600, #3601, #3602, #3603, #3604, #3605, #3606, #3607), (#3608, #3609, #3610, #3611, #3612, #3613, #3614, #3615, #3616), (#3617, #3618, #3619, #3620, #3621, #3622, #3623, #3624, #3625), (#3626, #3627, #3628, #3629, #3630, #3631, #3632, #3633, #3634), (#3635, #3636, #3637, #3638, #3639, #3640, #3641, #3642, #3643), (#3644, #3645, #3646, #3647, #3648, #3649, #3650, #3651, #3652), (#3653, #3654, #3655, #3656, #3657, #3658, #3659, #3660, #3661), (#3662, #3663, #3664, #3665, #3666, #3667, #3668, #3669, #3670), (#3671, #3672, #3673, #3674, #3675, #3676, #3677, #3678, #3679), (#3680, #3681, #3682, #3683, #3684, #3685, #3686, #3687, #3688), (#3689, #3690, #3691, #3692, #3693, #3694, #3695, #3696, #3697), (#3698, #3699, #3700, #3701, #3702, #3703, #3704, #3705, #3706), (#3707, #3708, #3709, #3710, #3711, #3712, #3713, #3714, #3715), (#3716, #3717, #3718, #3719, #3720, #3721, #3722, #3723, #3724), (#3725, #3726, #3727, #3728, #3729, #3730, #3731, #3732, #3733), (#3734, #3735, #3736, #3737, #3738, #3739, #3740, #3741, #3742), (#3743, #3744, #3745, #3746, #3747, #3748, #3749, #3750, #3751), (#3752, #3753, #3754, #3755, #3756, #3757, #3758, #3759, #3760), (#3761, #3762, #3763, #3764, #3765, #3766, #3767, #3768, #3769), (#3770, #3771, #3772, #3773, #3774, #3775, #3776, #3777, #3778), (#3779, #3780, #3781, #3782, #3783, #3784, #3785, #3786, #3787), (#3788, #3789, #3790, #3791, #3792, #3793, #3794, #3795, #3796), (#3797, #3798, #3799, #3800, #3801, #3802, #3803, #3804, #3805), (#3806, #3807, #3808, #3809, #3810, #3811, #3812, #3813, #3814), (#3815, #3816, #3817, #3818, #3819, #3820, #3821, #3822, #3823), (#3824, #3825, #3826, #3827, #3828, #3829, #3830, #3831, #3832), (#3833, #3834, #3835, #3836, #3837, #3838, #3839, #3840, #3841), (#3842, #3843, #3844, #3845, #3846, #3847, #3848, #3849, #3850), (#3851, #3852, #3853, #3854, #3855, #3856, #3857, #3858, #3859), (#3860, #3861, #3862, #3863, #3864, #3865, #3866, #3867, #3868), (#3869, #3870, #3871, #3872, #3873, #3874, #3875, #3876, #3877), (#3878, #3879, #3880, #3881, #3882, #3883, #3884, #3885, #3886), (#3887, #3888, #3889, #3890, #3891, #3892, #3893, #3894, #3895), (#3896, #3897, #3898, #3899, #3900, #3901, #3902, #3903, #3904), (#3905, #3906, #3907, #3908, #3909, #3910, #3911, #3912, #3913), (#3914, #3915, #3916, #3917, #3918, #3919, #3920, #3921, #3922), (#3923, #3924, #3925, #3926, #3927, #3928, #3929, #3930, #3931), (#3932, #3933, #3934, #3935, #3936, #3937, #3938, #3939, #3940)), .UNSPECIFIED., .F., .F., .F.)
  B_SPLINE_SURFACE_WITH_KNOTS((3, 1, 1, 1, 1, 1, 1, 1, 1, 1, 1, 1, 1, 1, 1, 1, 1, 1, 1, 1, 1, 1, 1, 1, 1, 1, 1, 1, 1, 1, 1, 1, 1, 1, 1, 1, 1, 1, 1, 1, 1, 1, 1, 1, 1, 1, 1, 1, 1, 1, 1, 1, 1, 1, 1, 1, 1, 1, 1, 1, 1, 1, 1, 1, 1, 1, 1, 1, 1, 1, 3), (3, 2, 2, 2, 3), (0., 0.03125, 0.046875, 0.0625, 0.078125, 0.09375, 0.109375, 0.125, 0.140625, 0.15625, 0.171875, 0.1875, 0.203125, 0.21875, 0.234375, 0.24609375, 0.25390625, 0.265625, 0.28125, 0.296875, 0.3125, 0.328125, 0.34375, 0.359375, 0.375, 0.390625, 0.40625, 0.421875, 0.4375, 0.453125, 0.46875, 0.484375, 0.49609375, 0.50390625, 0.515625, 0.53125, 0.546875, 0.5625, 0.578125, 0.59375, 0.609375, 0.625, 0.640625, 0.65625, 0.671875, 0.6875, 0.703125, 0.71875, 0.734375, 0.74609375, 0.75390625, 0.765625, 0.78125, 0.796875, 0.8125, 0.828125, 0.84375, 0.859375, 0.875, 0.890625, 0.90625, 0.91992188, 0.9296875, 0.9375, 0.9453125, 0.953125, 0.9609375, 0.96875, 0.9765625, 0.984375, 1.), (0., 0.25, 0.5, 0.75, 1.), .UNSPECIFIED.)
  GEOMETRIC_REPRESENTATION_ITEM()
  RATIONAL_B_SPLINE_SURFACE(((1., 0.70710678, 1., 0.70710678, 1., 0.70710678, 1., 0.70710678, 1.), (0.98065506, 0.69342784, 0.98065506, 0.69342784, 0.98065506, 0.69342784, 0.98065506, 0.69342784, 0.98065506), (0.95889201, 0.67803904, 0.95889201, 0.67803904, 0.95889201, 0.67803904, 0.95889201, 0.67803904, 0.95889201), (0.94680142, 0.6694897, 0.94680142, 0.6694897, 0.94680142, 0.6694897, 0.94680142, 0.6694897, 0.94680142), (0.93712895, 0.66265024, 0.93712895, 0.66265024, 0.93712895, 0.66265024, 0.93712895, 0.66265024, 0.93712895), (0.9298746, 0.65752063, 0.9298746, 0.65752063, 0.9298746, 0.65752063, 0.9298746, 0.65752063, 0.9298746), (0.92503836, 0.6541009, 0.92503836, 0.6541009, 0.92503836, 0.6541009, 0.92503836, 0.6541009, 0.92503836), (0.92262024, 0.65239103, 0.92262024, 0.65239103, 0.92262024, 0.65239103, 0.92262024, 0.65239103, 0.92262024), (0.92262025, 0.65239104, 0.92262025, 0.65239104, 0.92262025, 0.65239104, 0.92262025, 0.65239104, 0.92262025), (0.92503832, 0.65410087, 0.92503832, 0.65410087, 0.92503832, 0.65410087, 0.92503832, 0.65410087, 0.92503832), (0.92987483, 0.6575208, 0.92987483, 0.6575208, 0.92987483, 0.6575208, 0.92987483, 0.6575208, 0.92987483), (0.93712761, 0.66264929, 0.93712761, 0.66264929, 0.93712761, 0.66264929, 0.93712761, 0.66264929, 0.93712761), (0.94680924, 0.66949524, 0.94680924, 0.66949524, 0.94680924, 0.66949524, 0.94680924, 0.66949524, 0.94680924), (0.95884639, 0.67800679, 0.95884639, 0.67800679, 0.95884639, 0.67800679, 0.95884639, 0.67800679, 0.95884639), (0.97366655, 0.68848622, 0.97366655, 0.68848622, 0.97366655, 0.68848622, 0.97366655, 0.68848622, 0.97366655), (0.98688917, 0.69783602, 0.98688917, 0.69783602, 0.98688917, 0.69783602, 0.98688917, 0.69783602, 0.98688917), (1.00327771, 0.70942447, 1.00327771, 0.70942447, 1.00327771, 0.70942447, 1.00327771, 0.70942447, 1.00327771), (0.98688917, 0.69783602, 0.98688917, 0.69783602, 0.98688917, 0.69783602, 0.98688917, 0.69783602, 0.98688917), (0.97366655, 0.68848622, 0.97366655, 0.68848622, 0.97366655, 0.68848622, 0.97366655, 0.68848622, 0.97366655), (0.95884639, 0.67800679, 0.95884639, 0.67800679, 0.95884639, 0.67800679, 0.95884639, 0.67800679, 0.95884639), (0.94680924, 0.66949524, 0.94680924, 0.66949524, 0.94680924, 0.66949524, 0.94680924, 0.66949524, 0.94680924), (0.93712761, 0.66264929, 0.93712761, 0.66264929, 0.93712761, 0.66264929, 0.93712761, 0.66264929, 0.93712761), (0.92987483, 0.6575208, 0.92987483, 0.6575208, 0.92987483, 0.6575208, 0.92987483, 0.6575208, 0.92987483), (0.92503832, 0.65410087, 0.92503832, 0.65410087, 0.92503832, 0.65410087, 0.92503832, 0.65410087, 0.92503832), (0.92262025, 0.65239104, 0.92262025, 0.65239104, 0.92262025, 0.65239104, 0.92262025, 0.65239104, 0.92262025), (0.92262025, 0.65239104, 0.92262025, 0.65239104, 0.92262025, 0.65239104, 0.92262025, 0.65239104, 0.92262025), (0.92503832, 0.65410087, 0.92503832, 0.65410087, 0.92503832, 0.65410087, 0.92503832, 0.65410087, 0.92503832), (0.92987483, 0.6575208, 0.92987483, 0.6575208, 0.92987483, 0.6575208, 0.92987483, 0.6575208, 0.92987483), (0.93712761, 0.66264929, 0.93712761, 0.66264929, 0.93712761, 0.66264929, 0.93712761, 0.66264929, 0.93712761), (0.94680924, 0.66949524, 0.94680924, 0.66949524, 0.94680924, 0.66949524, 0.94680924, 0.66949524, 0.94680924), (0.95884639, 0.67800679, 0.95884639, 0.67800679, 0.95884639, 0.67800679, 0.95884639, 0.67800679, 0.95884639), (0.97366655, 0.68848622, 0.97366655, 0.68848622, 0.97366655, 0.68848622, 0.97366655, 0.68848622, 0.97366655), (0.98688917, 0.69783602, 0.98688917, 0.69783602, 0.98688917, 0.69783602, 0.98688917, 0.69783602, 0.98688917), (1.00327771, 0.70942447, 1.00327771, 0.70942447, 1.00327771, 0.70942447, 1.00327771, 0.70942447, 1.00327771), (0.98688917, 0.69783602, 0.98688917, 0.69783602, 0.98688917, 0.69783602, 0.98688917, 0.69783602, 0.98688917), (0.97366655, 0.68848622, 0.97366655, 0.68848622, 0.97366655, 0.68848622, 0.97366655, 0.68848622, 0.97366655), (0.95884639, 0.67800679, 0.95884639, 0.67800679, 0.95884639, 0.67800679, 0.95884639, 0.67800679, 0.95884639), (0.94680924, 0.66949524, 0.94680924, 0.66949524, 0.94680924, 0.66949524, 0.94680924, 0.66949524, 0.94680924), (0.93712761, 0.66264929, 0.93712761, 0.66264929, 0.93712761, 0.66264929, 0.93712761, 0.66264929, 0.93712761), (0.92987483, 0.6575208, 0.92987483, 0.6575208, 0.92987483, 0.6575208, 0.92987483, 0.6575208, 0.92987483), (0.92503832, 0.65410087, 0.92503832, 0.65410087, 0.92503832, 0.65410087, 0.92503832, 0.65410087, 0.92503832), (0.92262025, 0.65239104, 0.92262025, 0.65239104, 0.92262025, 0.65239104, 0.92262025, 0.65239104, 0.92262025), (0.92262025, 0.65239104, 0.92262025, 0.65239104, 0.92262025, 0.65239104, 0.92262025, 0.65239104, 0.92262025), (0.92503832, 0.65410087, 0.92503832, 0.65410087, 0.92503832, 0.65410087, 0.92503832, 0.65410087, 0.92503832), (0.92987483, 0.6575208, 0.92987483, 0.6575208, 0.92987483, 0.6575208, 0.92987483, 0.6575208, 0.92987483), (0.93712761, 0.66264929, 0.93712761, 0.66264929, 0.93712761, 0.66264929, 0.93712761, 0.66264929, 0.93712761), (0.94680924, 0.66949524, 0.94680924, 0.66949524, 0.94680924, 0.66949524, 0.94680924, 0.66949524, 0.94680924), (0.95884639, 0.67800679, 0.95884639, 0.67800679, 0.95884639, 0.67800679, 0.95884639, 0.67800679, 0.95884639), (0.97366655, 0.68848622, 0.97366655, 0.68848622, 0.97366655, 0.68848622, 0.97366655, 0.68848622, 0.97366655), (0.98688917, 0.69783602, 0.98688917, 0.69783602, 0.98688917, 0.69783602, 0.98688917, 0.69783602, 0.98688917), (1.00327771, 0.70942447, 1.00327771, 0.70942447, 1.00327771, 0.70942447, 1.00327771, 0.70942447, 1.00327771), (0.98688917, 0.69783602, 0.98688917, 0.69783602, 0.98688917, 0.69783602, 0.98688917, 0.69783602, 0.98688917), (0.97366655, 0.68848622, 0.97366655, 0.68848622, 0.97366655, 0.68848622, 0.97366655, 0.68848622, 0.97366655), (0.95884639, 0.67800679, 0.95884639, 0.67800679, 0.95884639, 0.67800679, 0.95884639, 0.67800679, 0.95884639), (0.94680924, 0.66949524, 0.94680924, 0.66949524, 0.94680924, 0.66949524, 0.94680924, 0.66949524, 0.94680924), (0.93712761, 0.66264929, 0.93712761, 0.66264929, 0.93712761, 0.66264929, 0.93712761, 0.66264929, 0.93712761), (0.92987483, 0.6575208, 0.92987483, 0.6575208, 0.92987483, 0.6575208, 0.92987483, 0.6575208, 0.92987483), (0.92503832, 0.65410087, 0.92503832, 0.65410087, 0.92503832, 0.65410087, 0.92503832, 0.65410087, 0.92503832), (0.92262025, 0.65239104, 0.92262025, 0.65239104, 0.92262025, 0.65239104, 0.92262025, 0.65239104, 0.92262025), (0.92262024, 0.65239103, 0.92262024, 0.65239103, 0.92262024, 0.65239103, 0.92262024, 0.65239103, 0.92262024), (0.92503836, 0.6541009, 0.92503836, 0.6541009, 0.92503836, 0.6541009, 0.92503836, 0.6541009, 0.92503836), (0.92957233, 0.6573069, 0.92957233, 0.6573069, 0.92957233, 0.6573069, 0.92957233, 0.6573069, 0.92957233), (0.9347864, 0.6609938, 0.9347864, 0.6609938, 0.9347864, 0.6609938, 0.9347864, 0.6609938, 0.9347864), (0.93954707, 0.6643601, 0.93954707, 0.6643601, 0.93954707, 0.6643601, 0.93954707, 0.6643601, 0.93954707), (0.9443833, 0.66777984, 0.9443833, 0.66777984, 0.9443833, 0.66777984, 0.9443833, 0.66777984, 0.9443833), (0.94982407, 0.67162704, 0.94982407, 0.67162704, 0.94982407, 0.67162704, 0.94982407, 0.67162704, 0.94982407), (0.95586936, 0.67590171, 0.95586936, 0.67590171, 0.95586936, 0.67590171, 0.95586936, 0.67590171, 0.95586936), (0.96251918, 0.68060384, 0.96251918, 0.68060384, 0.96251918, 0.68060384, 0.96251918, 0.68060384, 0.96251918), (0.96977353, 0.68573344, 0.96977353, 0.68573344, 0.96977353, 0.68573344, 0.96977353, 0.68573344, 0.96977353), (0.97763241, 0.69129051, 0.97763241, 0.69129051, 0.97763241, 0.69129051, 0.97763241, 0.69129051, 0.97763241), (0.99032753, 0.70026731, 0.99032753, 0.70026731, 0.99032753, 0.70026731, 0.99032753, 0.70026731, 0.99032753), (1., 0.70710678, 1., 0.70710678, 1., 0.70710678, 1., 0.70710678, 1.)))
  REPRESENTATION_ITEM('')
  SURFACE()
);
#3942 = CARTESIAN_POINT('', (25.71661328, 0., 14.4616994));
#3943 = DIRECTION('', (0.80771242, -0., -0.58957666));
#3944 = AXIS2_PLACEMENT_3D('', #3942, #3943, $);
#3945 = PLANE('', #3944);
#3946 = CARTESIAN_POINT('', (19.38320511, 0., 132.08213698));
#3947 = DIRECTION('', (-0.73973288, -0., -0.67290064));
#3948 = AXIS2_PLACEMENT_3D('', #3946, #3947, $);
#3949 = PLANE('', #3948);
#3950 = CARTESIAN_POINT('', (-12., -0., 145.));
#3951 = DIRECTION('', (0., -1., 0.));
#3952 = DIRECTION('', (1., 0., -0.));
#3953 = AXIS2_PLACEMENT_3D('', #3950, #3951, #3952);
#3954 = CYLINDRICAL_SURFACE('', #3953, 2.1);
#3955 = CARTESIAN_POINT('', (12., -0., 145.));
#3956 = DIRECTION('', (0., -1., 0.));
#3957 = DIRECTION('', (1., 0., -0.));
#3958 = AXIS2_PLACEMENT_3D('', #3955, #3956, #3957);
#3959 = CYLINDRICAL_SURFACE('', #3958, 2.1);
#3960 = ORIENTED_EDGE('', *, *, #2858, .T.);
#3961 = ORIENTED_EDGE('', *, *, #2859, .T.);
#3962 = ORIENTED_EDGE('', *, *, #2860, .F.);
#3963 = ORIENTED_EDGE('', *, *, #2930, .F.);
#3964 = ORIENTED_EDGE('', *, *, #2925, .T.);
#3965 = ORIENTED_EDGE('', *, *, #2923, .F.);
#3966 = ORIENTED_EDGE('', *, *, #2924, .T.);
#3967 = ORIENTED_EDGE('', *, *, #2861, .F.);
#3968 = EDGE_LOOP('', (#3960, #3961, #3962, #3963, #3964, #3965, #3966, #3967));
#3969 = FACE_BOUND('', #3968, .T.);
#3970 = ADVANCED_FACE('', (#3969), #2954, .T.);
#3971 = ORIENTED_EDGE('', *, *, #2862, .T.);
#3972 = ORIENTED_EDGE('', *, *, #2863, .T.);
#3973 = ORIENTED_EDGE('', *, *, #2864, .F.);
#3974 = ORIENTED_EDGE('', *, *, #2859, .F.);
#3975 = EDGE_LOOP('', (#3971, #3972, #3973, #3974));
#3976 = FACE_BOUND('', #3975, .T.);
#3977 = ADVANCED_FACE('', (#3976), #2958, .T.);
#3978 = ORIENTED_EDGE('', *, *, #2865, .T.);
#3979 = ORIENTED_EDGE('', *, *, #2866, .T.);
#3980 = ORIENTED_EDGE('', *, *, #2867, .F.);
#3981 = ORIENTED_EDGE('', *, *, #2863, .F.);
#3982 = EDGE_LOOP('', (#3978, #3979, #3980, #3981));
#3983 = FACE_BOUND('', #3982, .T.);
#3984 = ADVANCED_FACE('', (#3983), #2962, .T.);
#3985 = ORIENTED_EDGE('', *, *, #2868, .T.);
#3986 = ORIENTED_EDGE('', *, *, #2861, .T.);
#3987 = ORIENTED_EDGE('', *, *, #2927, .T.);
#3988 = ORIENTED_EDGE('', *, *, #2929, .F.);
#3989 = ORIENTED_EDGE('', *, *, #2926, .F.);
#3990 = ORIENTED_EDGE('', *, *, #2928, .F.);
#3991 = ORIENTED_EDGE('', *, *, #2930, .T.);
#3992 = ORIENTED_EDGE('', *, *, #2869, .F.);
#3993 = ORIENTED_EDGE('', *, *, #2866, .F.);
#3994 = ORIENTED_EDGE('', *, *, #2894, .F.);
#3995 = ORIENTED_EDGE('', *, *, #2897, .F.);
#3996 = ORIENTED_EDGE('', *, *, #2895, .F.);
#3997 = ORIENTED_EDGE('', *, *, #2896, .F.);
#3998 = EDGE_LOOP('', (#3985, #3986, #3987, #3988, #3989, #3990, #3991, #3992, #3993));
#3999 = FACE_BOUND('', #3998, .T.);
#4000 = EDGE_LOOP('', (#3994, #3995, #3996, #3997));
#4001 = FACE_BOUND('', #4000, .T.);
#4002 = ADVANCED_FACE('', (#3999, #4001), #2966, .T.);
#4003 = ORIENTED_EDGE('', *, *, #2868, .F.);
#4004 = ORIENTED_EDGE('', *, *, #2865, .F.);
#4005 = ORIENTED_EDGE('', *, *, #2862, .F.);
#4006 = ORIENTED_EDGE('', *, *, #2858, .F.);
#4007 = ORIENTED_EDGE('', *, *, #2936, .T.);
#4008 = ORIENTED_EDGE('', *, *, #2935, .F.);
#4009 = ORIENTED_EDGE('', *, *, #2932, .F.);
#4010 = ORIENTED_EDGE('', *, *, #2931, .T.);
#4011 = ORIENTED_EDGE('', *, *, #2946, .T.);
#4012 = ORIENTED_EDGE('', *, *, #2945, .F.);
#4013 = ORIENTED_EDGE('', *, *, #2942, .F.);
#4014 = ORIENTED_EDGE('', *, *, #2941, .T.);
#4015 = EDGE_LOOP('', (#4003, #4004, #4005, #4006));
#4016 = FACE_BOUND('', #4015, .T.);
#4017 = EDGE_LOOP('', (#4007, #4008, #4009, #4010));
#4018 = FACE_BOUND('', #4017, .T.);
#4019 = EDGE_LOOP('', (#4011, #4012, #4013, #4014));
#4020 = FACE_BOUND('', #4019, .T.);
#4021 = ADVANCED_FACE('', (#4016, #4018, #4020), #2970, .F.);
#4022 = ORIENTED_EDGE('', *, *, #2860, .T.);
#4023 = ORIENTED_EDGE('', *, *, #2864, .T.);
#4024 = ORIENTED_EDGE('', *, *, #2867, .T.);
#4025 = ORIENTED_EDGE('', *, *, #2869, .T.);
#4026 = ORIENTED_EDGE('', *, *, #2933, .F.);
#4027 = ORIENTED_EDGE('', *, *, #2934, .T.);
#4028 = ORIENTED_EDGE('', *, *, #2937, .T.);
#4029 = ORIENTED_EDGE('', *, *, #2938, .F.);
#4030 = ORIENTED_EDGE('', *, *, #2943, .F.);
#4031 = ORIENTED_EDGE('', *, *, #2944, .T.);
#4032 = ORIENTED_EDGE('', *, *, #2947, .T.);
#4033 = ORIENTED_EDGE('', *, *, #2948, .F.);
#4034 = EDGE_LOOP('', (#4022, #4023, #4024, #4025));
#4035 = FACE_BOUND('', #4034, .T.);
#4036 = EDGE_LOOP('', (#4026, #4027, #4028, #4029));
#4037 = FACE_BOUND('', #4036, .T.);
#4038 = EDGE_LOOP('', (#4030, #4031, #4032, #4033));
#4039 = FACE_BOUND('', #4038, .T.);
#4040 = ADVANCED_FACE('', (#4035, #4037, #4039), #2974, .T.);
#4041 = ORIENTED_EDGE('', *, *, #2870, .T.);
#4042 = ORIENTED_EDGE('', *, *, #2871, .T.);
#4043 = ORIENTED_EDGE('', *, *, #2883, .T.);
#4044 = ORIENTED_EDGE('', *, *, #2893, .T.);
#4045 = ORIENTED_EDGE('', *, *, #2872, .F.);
#4046 = ORIENTED_EDGE('', *, *, #2873, .F.);
#4047 = EDGE_LOOP('', (#4041, #4042, #4043, #4044, #4045, #4046));
#4048 = FACE_BOUND('', #4047, .T.);
#4049 = ADVANCED_FACE('', (#4048), #2978, .T.);
#4050 = ORIENTED_EDGE('', *, *, #2874, .T.);
#4051 = ORIENTED_EDGE('', *, *, #2875, .T.);
#4052 = ORIENTED_EDGE('', *, *, #2876, .F.);
#4053 = ORIENTED_EDGE('', *, *, #2893, .F.);
#4054 = ORIENTED_EDGE('', *, *, #2885, .F.);
#4055 = ORIENTED_EDGE('', *, *, #2888, .T.);
#4056 = ORIENTED_EDGE('', *, *, #2886, .T.);
#4057 = ORIENTED_EDGE('', *, *, #2887, .F.);
#4058 = ORIENTED_EDGE('', *, *, #2884, .F.);
#4059 = ORIENTED_EDGE('', *, *, #2871, .F.);
#4060 = EDGE_LOOP('', (#4050, #4051, #4052, #4053, #4054, #4055, #4056, #4057, #4058, #4059));
#4061 = FACE_BOUND('', #4060, .T.);
#4062 = ADVANCED_FACE('', (#4061), #2982, .T.);
#4063 = ORIENTED_EDGE('', *, *, #2877, .T.);
#4064 = ORIENTED_EDGE('', *, *, #2878, .T.);
#4065 = ORIENTED_EDGE('', *, *, #2879, .F.);
#4066 = ORIENTED_EDGE('', *, *, #2875, .F.);
#4067 = EDGE_LOOP('', (#4063, #4064, #4065, #4066));
#4068 = FACE_BOUND('', #4067, .T.);
#4069 = ADVANCED_FACE('', (#4068), #2986, .T.);
#4070 = ORIENTED_EDGE('', *, *, #2880, .T.);
#4071 = ORIENTED_EDGE('', *, *, #2873, .T.);
#4072 = ORIENTED_EDGE('', *, *, #2881, .F.);
#4073 = ORIENTED_EDGE('', *, *, #2878, .F.);
#4074 = EDGE_LOOP('', (#4070, #4071, #4072, #4073));
#4075 = FACE_BOUND('', #4074, .T.);
#4076 = ADVANCED_FACE('', (#4075), #2990, .T.);
#4077 = ORIENTED_EDGE('', *, *, #2880, .F.);
#4078 = ORIENTED_EDGE('', *, *, #2877, .F.);
#4079 = ORIENTED_EDGE('', *, *, #2874, .F.);
#4080 = ORIENTED_EDGE('', *, *, #2870, .F.);
#4081 = EDGE_LOOP('', (#4077, #4078, #4079, #4080));
#4082 = FACE_BOUND('', #4081, .T.);
#4083 = ADVANCED_FACE('', (#4082), #2994, .F.);
#4084 = ORIENTED_EDGE('', *, *, #2872, .T.);
#4085 = ORIENTED_EDGE('', *, *, #2876, .T.);
#4086 = ORIENTED_EDGE('', *, *, #2879, .T.);
#4087 = ORIENTED_EDGE('', *, *, #2881, .T.);
#4088 = EDGE_LOOP('', (#4084, #4085, #4086, #4087));
#4089 = FACE_BOUND('', #4088, .T.);
#4090 = ADVANCED_FACE('', (#4089), #2998, .T.);
#4091 = ORIENTED_EDGE('', *, *, #2894, .T.);
#4092 = ORIENTED_EDGE('', *, *, #2896, .T.);
#4093 = ORIENTED_EDGE('', *, *, #2891, .F.);
#4094 = ORIENTED_EDGE('', *, *, #2885, .T.);
#4095 = ORIENTED_EDGE('', *, *, #2883, .F.);
#4096 = ORIENTED_EDGE('', *, *, #2884, .T.);
#4097 = ORIENTED_EDGE('', *, *, #2892, .T.);
#4098 = EDGE_LOOP('', (#4091, #4092, #4093, #4094, #4095, #4096, #4097));
#4099 = FACE_BOUND('', #4098, .T.);
#4100 = ADVANCED_FACE('', (#4099), #3260, .F.);
#4101 = ORIENTED_EDGE('', *, *, #2887, .T.);
#4102 = ORIENTED_EDGE('', *, *, #2890, .F.);
#4103 = ORIENTED_EDGE('', *, *, #2889, .F.);
#4104 = ORIENTED_EDGE('', *, *, #2888, .F.);
#4105 = ORIENTED_EDGE('', *, *, #2891, .T.);
#4106 = ORIENTED_EDGE('', *, *, #2882, .F.);
#4107 = ORIENTED_EDGE('', *, *, #2892, .F.);
#4108 = EDGE_LOOP('', (#4101, #4102, #4103, #4104, #4105, #4106, #4107));
#4109 = FACE_BOUND('', #4108, .T.);
#4110 = ADVANCED_FACE('', (#4109), #3260, .F.);
#4111 = ORIENTED_EDGE('', *, *, #2886, .F.);
#4112 = ORIENTED_EDGE('', *, *, #2889, .T.);
#4113 = ORIENTED_EDGE('', *, *, #2890, .T.);
#4114 = EDGE_LOOP('', (#4111, #4112, #4113));
#4115 = FACE_BOUND('', #4114, .T.);
#4116 = ADVANCED_FACE('', (#4115), #3264, .F.);
#4117 = ORIENTED_EDGE('', *, *, #2882, .T.);
#4118 = ORIENTED_EDGE('', *, *, #2895, .T.);
#4119 = ORIENTED_EDGE('', *, *, #2897, .T.);
#4120 = EDGE_LOOP('', (#4117, #4118, #4119));
#4121 = FACE_BOUND('', #4120, .T.);
#4122 = ADVANCED_FACE('', (#4121), #3268, .T.);
#4123 = ORIENTED_EDGE('', *, *, #2898, .T.);
#4124 = ORIENTED_EDGE('', *, *, #2899, .T.);
#4125 = ORIENTED_EDGE('', *, *, #2900, .F.);
#4126 = ORIENTED_EDGE('', *, *, #2920, .F.);
#4127 = ORIENTED_EDGE('', *, *, #2912, .F.);
#4128 = ORIENTED_EDGE('', *, *, #2913, .F.);
#4129 = ORIENTED_EDGE('', *, *, #2911, .T.);
#4130 = ORIENTED_EDGE('', *, *, #2901, .F.);
#4131 = EDGE_LOOP('', (#4123, #4124, #4125, #4126, #4127, #4128, #4129, #4130));
#4132 = FACE_BOUND('', #4131, .T.);
#4133 = ADVANCED_FACE('', (#4132), #3272, .T.);
#4134 = ORIENTED_EDGE('', *, *, #2902, .T.);
#4135 = ORIENTED_EDGE('', *, *, #2903, .T.);
#4136 = ORIENTED_EDGE('', *, *, #2904, .F.);
#4137 = ORIENTED_EDGE('', *, *, #2899, .F.);
#4138 = ORIENTED_EDGE('', *, *, #2914, .T.);
#4139 = ORIENTED_EDGE('', *, *, #2918, .T.);
#4140 = ORIENTED_EDGE('', *, *, #2915, .T.);
#4141 = ORIENTED_EDGE('', *, *, #2917, .T.);
#4142 = EDGE_LOOP('', (#4134, #4135, #4136, #4137));
#4143 = FACE_BOUND('', #4142, .T.);
#4144 = EDGE_LOOP('', (#4138, #4139, #4140, #4141));
#4145 = FACE_BOUND('', #4144, .T.);
#4146 = ADVANCED_FACE('', (#4143, #4145), #3276, .T.);
#4147 = ORIENTED_EDGE('', *, *, #2905, .T.);
#4148 = ORIENTED_EDGE('', *, *, #2906, .T.);
#4149 = ORIENTED_EDGE('', *, *, #2907, .F.);
#4150 = ORIENTED_EDGE('', *, *, #2903, .F.);
#4151 = EDGE_LOOP('', (#4147, #4148, #4149, #4150));
#4152 = FACE_BOUND('', #4151, .T.);
#4153 = ADVANCED_FACE('', (#4152), #3280, .T.);
#4154 = ORIENTED_EDGE('', *, *, #2908, .T.);
#4155 = ORIENTED_EDGE('', *, *, #2901, .T.);
#4156 = ORIENTED_EDGE('', *, *, #2916, .T.);
#4157 = ORIENTED_EDGE('', *, *, #2920, .T.);
#4158 = ORIENTED_EDGE('', *, *, #2909, .F.);
#4159 = ORIENTED_EDGE('', *, *, #2906, .F.);
#4160 = EDGE_LOOP('', (#4154, #4155, #4156, #4157, #4158, #4159));
#4161 = FACE_BOUND('', #4160, .T.);
#4162 = ADVANCED_FACE('', (#4161), #3284, .T.);
#4163 = ORIENTED_EDGE('', *, *, #2908, .F.);
#4164 = ORIENTED_EDGE('', *, *, #2905, .F.);
#4165 = ORIENTED_EDGE('', *, *, #2902, .F.);
#4166 = ORIENTED_EDGE('', *, *, #2898, .F.);
#4167 = EDGE_LOOP('', (#4163, #4164, #4165, #4166));
#4168 = FACE_BOUND('', #4167, .T.);
#4169 = ADVANCED_FACE('', (#4168), #3288, .F.);
#4170 = ORIENTED_EDGE('', *, *, #2900, .T.);
#4171 = ORIENTED_EDGE('', *, *, #2904, .T.);
#4172 = ORIENTED_EDGE('', *, *, #2907, .T.);
#4173 = ORIENTED_EDGE('', *, *, #2909, .T.);
#4174 = EDGE_LOOP('', (#4170, #4171, #4172, #4173));
#4175 = FACE_BOUND('', #4174, .T.);
#4176 = ADVANCED_FACE('', (#4175), #3292, .T.);
#4177 = ORIENTED_EDGE('', *, *, #2923, .T.);
#4178 = ORIENTED_EDGE('', *, *, #2921, .F.);
#4179 = ORIENTED_EDGE('', *, *, #2912, .T.);
#4180 = ORIENTED_EDGE('', *, *, #2916, .F.);
#4181 = ORIENTED_EDGE('', *, *, #2911, .F.);
#4182 = ORIENTED_EDGE('', *, *, #2922, .T.);
#4183 = EDGE_LOOP('', (#4177, #4178, #4179, #4180, #4181, #4182));
#4184 = FACE_BOUND('', #4183, .T.);
#4185 = ADVANCED_FACE('', (#4184), #3941, .F.);
#4186 = ORIENTED_EDGE('', *, *, #2918, .F.);
#4187 = ORIENTED_EDGE('', *, *, #2914, .F.);
#4188 = ORIENTED_EDGE('', *, *, #2919, .T.);
#4189 = EDGE_LOOP('', (#4186, #4187, #4188));
#4190 = FACE_BOUND('', #4189, .T.);
#4191 = ADVANCED_FACE('', (#4190), #3945, .F.);
#4192 = ORIENTED_EDGE('', *, *, #2913, .T.);
#4193 = ORIENTED_EDGE('', *, *, #2921, .T.);
#4194 = ORIENTED_EDGE('', *, *, #2925, .F.);
#4195 = ORIENTED_EDGE('', *, *, #2928, .T.);
#4196 = ORIENTED_EDGE('', *, *, #2910, .F.);
#4197 = ORIENTED_EDGE('', *, *, #2927, .F.);
#4198 = ORIENTED_EDGE('', *, *, #2924, .F.);
#4199 = ORIENTED_EDGE('', *, *, #2922, .F.);
#4200 = EDGE_LOOP('', (#4192, #4193, #4194, #4195, #4196, #4197, #4198, #4199));
#4201 = FACE_BOUND('', #4200, .T.);
#4202 = ADVANCED_FACE('', (#4201), #3941, .F.);
#4203 = ORIENTED_EDGE('', *, *, #2917, .F.);
#4204 = ORIENTED_EDGE('', *, *, #2915, .F.);
#4205 = ORIENTED_EDGE('', *, *, #2919, .F.);
#4206 = EDGE_LOOP('', (#4203, #4204, #4205));
#4207 = FACE_BOUND('', #4206, .T.);
#4208 = ADVANCED_FACE('', (#4207), #3941, .F.);
#4209 = ORIENTED_EDGE('', *, *, #2910, .T.);
#4210 = ORIENTED_EDGE('', *, *, #2926, .T.);
#4211 = ORIENTED_EDGE('', *, *, #2929, .T.);
#4212 = EDGE_LOOP('', (#4209, #4210, #4211));
#4213 = FACE_BOUND('', #4212, .T.);
#4214 = ADVANCED_FACE('', (#4213), #3949, .T.);
#4215 = ORIENTED_EDGE('', *, *, #2936, .F.);
#4216 = ORIENTED_EDGE('', *, *, #2931, .F.);
#4217 = ORIENTED_EDGE('', *, *, #2940, .T.);
#4218 = ORIENTED_EDGE('', *, *, #2933, .T.);
#4219 = ORIENTED_EDGE('', *, *, #2938, .T.);
#4220 = ORIENTED_EDGE('', *, *, #2939, .F.);
#4221 = EDGE_LOOP('', (#4215, #4216, #4217, #4218, #4219, #4220));
#4222 = FACE_BOUND('', #4221, .T.);
#4223 = ADVANCED_FACE('', (#4222), #3954, .F.);
#4224 = ORIENTED_EDGE('', *, *, #2937, .F.);
#4225 = ORIENTED_EDGE('', *, *, #2934, .F.);
#4226 = ORIENTED_EDGE('', *, *, #2940, .F.);
#4227 = ORIENTED_EDGE('', *, *, #2932, .T.);
#4228 = ORIENTED_EDGE('', *, *, #2935, .T.);
#4229 = ORIENTED_EDGE('', *, *, #2939, .T.);
#4230 = EDGE_LOOP('', (#4224, #4225, #4226, #4227, #4228, #4229));
#4231 = FACE_BOUND('', #4230, .T.);
#4232 = ADVANCED_FACE('', (#4231), #3954, .F.);
#4233 = ORIENTED_EDGE('', *, *, #2946, .F.);
#4234 = ORIENTED_EDGE('', *, *, #2941, .F.);
#4235 = ORIENTED_EDGE('', *, *, #2950, .T.);
#4236 = ORIENTED_EDGE('', *, *, #2943, .T.);
#4237 = ORIENTED_EDGE('', *, *, #2948, .T.);
#4238 = ORIENTED_EDGE('', *, *, #2949, .F.);
#4239 = EDGE_LOOP('', (#4233, #4234, #4235, #4236, #4237, #4238));
#4240 = FACE_BOUND('', #4239, .T.);
#4241 = ADVANCED_FACE('', (#4240), #3959, .F.);
#4242 = ORIENTED_EDGE('', *, *, #2947, .F.);
#4243 = ORIENTED_EDGE('', *, *, #2944, .F.);
#4244 = ORIENTED_EDGE('', *, *, #2950, .F.);
#4245 = ORIENTED_EDGE('', *, *, #2942, .T.);
#4246 = ORIENTED_EDGE('', *, *, #2945, .T.);
#4247 = ORIENTED_EDGE('', *, *, #2949, .T.);
#4248 = EDGE_LOOP('', (#4242, #4243, #4244, #4245, #4246, #4247));
#4249 = FACE_BOUND('', #4248, .T.);
#4250 = ADVANCED_FACE('', (#4249), #3959, .F.);
#4251 = CLOSED_SHELL('', (#3970, #3977, #3984, #4002, #4021, #4040, #4049, #4062, #4069, #4076, #4083, #4090, #4100, #4110, #4116, #4122, #4133, #4146, #4153, #4162, #4169, #4176, #4185, #4191, #4202, #4208, #4214, #4223, #4232, #4241, #4250));
#4252 = MANIFOLD_SOLID_BREP('', #4251);
#4253 = APPLICATION_CONTEXT('configuration controlled 3D design of mechanical parts and assemblies');
#4254 = PRODUCT_DEFINITION_CONTEXT('part definition', #4253, 'design');
#4255 = PRODUCT_CONTEXT('', #4253, 'mechanical');
#4256 = PRODUCT('UNIDENTIFIED_PRODUCT', '', $, (#4255));
#4257 = PRODUCT_DEFINITION_FORMATION('', $, #4256);
#4258 = PRODUCT_DEFINITION('design', $, #4257, #4254);
#4259 = PRODUCT_DEFINITION_SHAPE('', '', #4258);
#4260 = ADVANCED_BREP_SHAPE_REPRESENTATION('', (#4252), #4);
#4261 = SHAPE_DEFINITION_REPRESENTATION(#4259, #4260);
#4262 = COLOUR_RGB('', 0.13725491, 0.15686275, 0.17647059);
#4263 = FILL_AREA_STYLE_COLOUR('', #4262);
#4264 = FILL_AREA_STYLE('', (#4263));
#4265 = SURFACE_STYLE_FILL_AREA(#4264);
#4266 = SURFACE_SIDE_STYLE('', (#4265));
#4267 = SURFACE_STYLE_USAGE(.BOTH., #4266);
#4268 = PRESENTATION_STYLE_ASSIGNMENT((#4267));
#4269 = STYLED_ITEM('', (#4268), #4252);
#4270 = MECHANICAL_DESIGN_GEOMETRIC_PRESENTATION_REPRESENTATION('', (#4269), #4);
ENDSEC;
END-ISO-10303-21;
