ISO-10303-21;
HEADER;
FILE_DESCRIPTION(('zoo.dev export'), '2;1');
FILE_NAME('output.step', '2026-06-10T14:30:53.198700245+00:00', (''), (''), 'zoo.dev beta', 'zoo.dev', '');
FILE_SCHEMA(('AP242_MANAGED_MODEL_BASED_3D_ENGINEERING_MIM_LF'));
ENDSEC;
DATA;
#1 = (
  LENGTH_UNIT()
  NAMED_UNIT(*)
  SI_UNIT(.MILLI., .METRE.)
);
#2 = (
  NAMED_UNIT(*)
  PLANE_ANGLE_UNIT()
  SI_UNIT($, .RADIAN.)
);
#3 = UNCERTAINTY_MEASURE_WITH_UNIT(LENGTH_MEASURE(0.01), #1, 'DISTANCE_ACCURACY_VALUE', $);
#4 = (
  GEOMETRIC_REPRESENTATION_CONTEXT(3)
  GLOBAL_UNCERTAINTY_ASSIGNED_CONTEXT((#3))
  GLOBAL_UNIT_ASSIGNED_CONTEXT((#1, #2))
  REPRESENTATION_CONTEXT('3D', '3D context')
);
#5 = CARTESIAN_POINT('', (-6., 0., 0.));
#6 = VERTEX_POINT('', #5);
#7 = CARTESIAN_POINT('', (-6., 0., 0.5));
#8 = VERTEX_POINT('', #7);
#9 = CARTESIAN_POINT('', (-5.5, 0., 1.));
#10 = VERTEX_POINT('', #9);
#11 = CARTESIAN_POINT('', (5.5, 0., 1.));
#12 = VERTEX_POINT('', #11);
#13 = CARTESIAN_POINT('', (6., 0., 0.5));
#14 = VERTEX_POINT('', #13);
#15 = CARTESIAN_POINT('', (6., 0., 0.));
#16 = VERTEX_POINT('', #15);
#17 = CARTESIAN_POINT('', (54.5, 37., 1.));
#18 = VERTEX_POINT('', #17);
#19 = CARTESIAN_POINT('', (54.5, -37., 1.));
#20 = VERTEX_POINT('', #19);
#21 = CARTESIAN_POINT('', (-54.5, 37., 1.));
#22 = VERTEX_POINT('', #21);
#23 = CARTESIAN_POINT('', (-54.5, -37., 1.));
#24 = VERTEX_POINT('', #23);
#25 = CARTESIAN_POINT('', (54.5, 37., -1.));
#26 = VERTEX_POINT('', #25);
#27 = CARTESIAN_POINT('', (54.5, -37., -1.));
#28 = VERTEX_POINT('', #27);
#29 = CARTESIAN_POINT('', (-54.5, 37., -1.));
#30 = VERTEX_POINT('', #29);
#31 = CARTESIAN_POINT('', (-54.5, -37., -1.));
#32 = VERTEX_POINT('', #31);
#33 = CARTESIAN_POINT('', (54.5, 37.5, 0.5));
#34 = VERTEX_POINT('', #33);
#35 = CARTESIAN_POINT('', (54.5, 37.5, -0.5));
#36 = VERTEX_POINT('', #35);
#37 = CARTESIAN_POINT('', (54.75, 37.25, 0.75));
#38 = VERTEX_POINT('', #37);
#39 = CARTESIAN_POINT('', (55., 37., 0.5));
#40 = VERTEX_POINT('', #39);
#41 = CARTESIAN_POINT('', (54.75, 37.25, -0.75));
#42 = VERTEX_POINT('', #41);
#43 = CARTESIAN_POINT('', (55., 37., -0.5));
#44 = VERTEX_POINT('', #43);
#45 = CARTESIAN_POINT('', (54.75, -37.25, 0.75));
#46 = VERTEX_POINT('', #45);
#47 = CARTESIAN_POINT('', (55., -37., 0.5));
#48 = VERTEX_POINT('', #47);
#49 = CARTESIAN_POINT('', (54.5, -37.5, 0.5));
#50 = VERTEX_POINT('', #49);
#51 = CARTESIAN_POINT('', (55., -37., -0.5));
#52 = VERTEX_POINT('', #51);
#53 = CARTESIAN_POINT('', (54.75, -37.25, -0.75));
#54 = VERTEX_POINT('', #53);
#55 = CARTESIAN_POINT('', (54.5, -37.5, -0.5));
#56 = VERTEX_POINT('', #55);
#57 = CARTESIAN_POINT('', (-54.5, -37.5, 0.5));
#58 = VERTEX_POINT('', #57);
#59 = CARTESIAN_POINT('', (-54.75, -37.25, 0.75));
#60 = VERTEX_POINT('', #59);
#61 = CARTESIAN_POINT('', (-55., -37., 0.5));
#62 = VERTEX_POINT('', #61);
#63 = CARTESIAN_POINT('', (-54.5, -37.5, -0.5));
#64 = VERTEX_POINT('', #63);
#65 = CARTESIAN_POINT('', (-54.75, -37.25, -0.75));
#66 = VERTEX_POINT('', #65);
#67 = CARTESIAN_POINT('', (-55., -37., -0.5));
#68 = VERTEX_POINT('', #67);
#69 = CARTESIAN_POINT('', (-54.5, 37.5, 0.5));
#70 = VERTEX_POINT('', #69);
#71 = CARTESIAN_POINT('', (-54.75, 37.25, 0.75));
#72 = VERTEX_POINT('', #71);
#73 = CARTESIAN_POINT('', (-55., 37., 0.5));
#74 = VERTEX_POINT('', #73);
#75 = CARTESIAN_POINT('', (-54.5, 37.5, -0.5));
#76 = VERTEX_POINT('', #75);
#77 = CARTESIAN_POINT('', (-54.75, 37.25, -0.75));
#78 = VERTEX_POINT('', #77);
#79 = CARTESIAN_POINT('', (-55., 37., -0.5));
#80 = VERTEX_POINT('', #79);
#81 = CARTESIAN_POINT('', (-45., 37.5, 0.));
#82 = VERTEX_POINT('', #81);
#83 = CARTESIAN_POINT('', (-45., 37.5, 0.5));
#84 = VERTEX_POINT('', #83);
#85 = CARTESIAN_POINT('', (-44.5, 37.5, 1.));
#86 = VERTEX_POINT('', #85);
#87 = CARTESIAN_POINT('', (-33.5, 37.5, 1.));
#88 = VERTEX_POINT('', #87);
#89 = CARTESIAN_POINT('', (-33., 37.5, 0.5));
#90 = VERTEX_POINT('', #89);
#91 = CARTESIAN_POINT('', (-45., 37.5, -0.5));
#92 = VERTEX_POINT('', #91);
#93 = CARTESIAN_POINT('', (-44.5, 37.5, -1.));
#94 = VERTEX_POINT('', #93);
#95 = CARTESIAN_POINT('', (-33.5, 37.5, -1.));
#96 = VERTEX_POINT('', #95);
#97 = CARTESIAN_POINT('', (-33., 37.5, -0.5));
#98 = VERTEX_POINT('', #97);
#99 = CARTESIAN_POINT('', (-44.5, 37.08856217, 0.91143783));
#100 = VERTEX_POINT('', #99);
#101 = CARTESIAN_POINT('', (-33.5, 37.08856217, 0.91143783));
#102 = VERTEX_POINT('', #101);
#103 = CARTESIAN_POINT('', (-44.5, 37.08856217, -0.91143783));
#104 = VERTEX_POINT('', #103);
#105 = CARTESIAN_POINT('', (-33.5, 37.08856217, -0.91143783));
#106 = VERTEX_POINT('', #105);
#107 = CARTESIAN_POINT('', (-33., 37.5, 0.));
#108 = VERTEX_POINT('', #107);
#109 = CARTESIAN_POINT('', (33., 37.5, 0.));
#110 = VERTEX_POINT('', #109);
#111 = CARTESIAN_POINT('', (33., 37.5, 0.5));
#112 = VERTEX_POINT('', #111);
#113 = CARTESIAN_POINT('', (33.5, 37.5, 1.));
#114 = VERTEX_POINT('', #113);
#115 = CARTESIAN_POINT('', (44.5, 37.5, 1.));
#116 = VERTEX_POINT('', #115);
#117 = CARTESIAN_POINT('', (45., 37.5, 0.5));
#118 = VERTEX_POINT('', #117);
#119 = CARTESIAN_POINT('', (33., 37.5, -0.5));
#120 = VERTEX_POINT('', #119);
#121 = CARTESIAN_POINT('', (33.5, 37.5, -1.));
#122 = VERTEX_POINT('', #121);
#123 = CARTESIAN_POINT('', (44.5, 37.5, -1.));
#124 = VERTEX_POINT('', #123);
#125 = CARTESIAN_POINT('', (45., 37.5, -0.5));
#126 = VERTEX_POINT('', #125);
#127 = CARTESIAN_POINT('', (33.5, 37.08856217, 0.91143783));
#128 = VERTEX_POINT('', #127);
#129 = CARTESIAN_POINT('', (44.5, 37.08856217, 0.91143783));
#130 = VERTEX_POINT('', #129);
#131 = CARTESIAN_POINT('', (33.5, 37.08856217, -0.91143783));
#132 = VERTEX_POINT('', #131);
#133 = CARTESIAN_POINT('', (44.5, 37.08856217, -0.91143783));
#134 = VERTEX_POINT('', #133);
#135 = CARTESIAN_POINT('', (45., 37.5, -0.));
#136 = VERTEX_POINT('', #135);
#137 = DIRECTION('', (0., -0., 1.));
#138 = VECTOR('', #137, 1.);
#139 = CARTESIAN_POINT('', (-6., 0., 0.));
#140 = LINE('', #139, #138);
#141 = DIRECTION('', (0., 0., 1.));
#142 = DIRECTION('', (1., -0., -0.));
#143 = CARTESIAN_POINT('', (-6., 0., 0.));
#144 = AXIS2_PLACEMENT_3D('', #143, #142, #141);
#145 = CIRCLE('', #144, 0.5);
#146 = DIRECTION('', (0.70710678, -0., 0.70710678));
#147 = VECTOR('', #146, 1.);
#148 = CARTESIAN_POINT('', (-6., 0., 0.5));
#149 = LINE('', #148, #147);
#150 = DIRECTION('', (0., 0., 1.));
#151 = DIRECTION('', (1., -0., -0.));
#152 = CARTESIAN_POINT('', (-5.5, 0., 0.));
#153 = AXIS2_PLACEMENT_3D('', #152, #151, #150);
#154 = CIRCLE('', #153, 1.);
#155 = DIRECTION('', (1., -0., 0.));
#156 = VECTOR('', #155, 1.);
#157 = CARTESIAN_POINT('', (-5.5, 0., 1.));
#158 = LINE('', #157, #156);
#159 = DIRECTION('', (0., 0., 1.));
#160 = DIRECTION('', (1., -0., -0.));
#161 = CARTESIAN_POINT('', (5.5, 0., 0.));
#162 = AXIS2_PLACEMENT_3D('', #161, #160, #159);
#163 = CIRCLE('', #162, 1.);
#164 = DIRECTION('', (0.70710678, -0., -0.70710678));
#165 = VECTOR('', #164, 1.);
#166 = CARTESIAN_POINT('', (5.5, 0., 1.));
#167 = LINE('', #166, #165);
#168 = DIRECTION('', (0., 0., 1.));
#169 = DIRECTION('', (1., -0., -0.));
#170 = CARTESIAN_POINT('', (6., 0., 0.));
#171 = AXIS2_PLACEMENT_3D('', #170, #169, #168);
#172 = CIRCLE('', #171, 0.5);
#173 = DIRECTION('', (0., -0., -1.));
#174 = VECTOR('', #173, 1.);
#175 = CARTESIAN_POINT('', (6., 0., 0.5));
#176 = LINE('', #175, #174);
#177 = DIRECTION('', (0.57735027, -0.57735027, -0.57735027));
#178 = VECTOR('', #177, 1.);
#179 = CARTESIAN_POINT('', (54.5, -37., 1.));
#180 = LINE('', #179, #178);
#181 = DIRECTION('', (0., 1., 0.));
#182 = VECTOR('', #181, 1.);
#183 = CARTESIAN_POINT('', (54.5, -37., 1.));
#184 = LINE('', #183, #182);
#185 = DIRECTION('', (-0.57735027, 0.57735027, -0.57735027));
#186 = VECTOR('', #185, 1.);
#187 = CARTESIAN_POINT('', (-54.5, 37., 1.));
#188 = LINE('', #187, #186);
#189 = DIRECTION('', (0., -1., 0.));
#190 = VECTOR('', #189, 1.);
#191 = CARTESIAN_POINT('', (-54.5, 37., 1.));
#192 = LINE('', #191, #190);
#193 = DIRECTION('', (-0.57735027, -0.57735027, -0.57735027));
#194 = VECTOR('', #193, 1.);
#195 = CARTESIAN_POINT('', (-54.5, -37., 1.));
#196 = LINE('', #195, #194);
#197 = DIRECTION('', (1., -0., 0.));
#198 = VECTOR('', #197, 1.);
#199 = CARTESIAN_POINT('', (-54.5, 37., 1.));
#200 = LINE('', #199, #198);
#201 = DIRECTION('', (1., -0., 0.));
#202 = VECTOR('', #201, 1.);
#203 = CARTESIAN_POINT('', (-54.5, -37., 1.));
#204 = LINE('', #203, #202);
#205 = DIRECTION('', (0., 1., 0.));
#206 = VECTOR('', #205, 1.);
#207 = CARTESIAN_POINT('', (54.5, -37., -1.));
#208 = LINE('', #207, #206);
#209 = DIRECTION('', (-0.57735027, 0.57735027, 0.57735027));
#210 = VECTOR('', #209, 1.);
#211 = CARTESIAN_POINT('', (-54.5, 37., -1.));
#212 = LINE('', #211, #210);
#213 = DIRECTION('', (0., -1., 0.));
#214 = VECTOR('', #213, 1.);
#215 = CARTESIAN_POINT('', (-54.5, 37., -1.));
#216 = LINE('', #215, #214);
#217 = DIRECTION('', (1., -0., 0.));
#218 = VECTOR('', #217, 1.);
#219 = CARTESIAN_POINT('', (-54.5, -37., -1.));
#220 = LINE('', #219, #218);
#221 = DIRECTION('', (1., -0., 0.));
#222 = VECTOR('', #221, 1.);
#223 = CARTESIAN_POINT('', (-54.5, 37., -1.));
#224 = LINE('', #223, #222);
#225 = DIRECTION('', (0., -0., -1.));
#226 = VECTOR('', #225, 1.);
#227 = CARTESIAN_POINT('', (54.5, 37.5, 0.5));
#228 = LINE('', #227, #226);
#229 = DIRECTION('', (0.57735027, -0.57735027, 0.57735027));
#230 = VECTOR('', #229, 1.);
#231 = CARTESIAN_POINT('', (54.5, 37.5, 0.5));
#232 = LINE('', #231, #230);
#233 = DIRECTION('', (-0.57735027, 0.57735027, 0.57735027));
#234 = VECTOR('', #233, 1.);
#235 = CARTESIAN_POINT('', (55., 37., 0.5));
#236 = LINE('', #235, #234);
#237 = DIRECTION('', (0.57735027, -0.57735027, -0.57735027));
#238 = VECTOR('', #237, 1.);
#239 = CARTESIAN_POINT('', (54.5, 37.5, -0.5));
#240 = LINE('', #239, #238);
#241 = DIRECTION('', (0.57735027, -0.57735027, 0.57735027));
#242 = VECTOR('', #241, 1.);
#243 = CARTESIAN_POINT('', (54.75, 37.25, -0.75));
#244 = LINE('', #243, #242);
#245 = DIRECTION('', (0., -0., -1.));
#246 = VECTOR('', #245, 1.);
#247 = CARTESIAN_POINT('', (55., 37., 0.5));
#248 = LINE('', #247, #246);
#249 = DIRECTION('', (-0.57735027, -0.57735027, 0.57735027));
#250 = VECTOR('', #249, 1.);
#251 = CARTESIAN_POINT('', (54.75, 37.25, 0.75));
#252 = LINE('', #251, #250);
#253 = DIRECTION('', (-0.57735027, -0.57735027, -0.57735027));
#254 = VECTOR('', #253, 1.);
#255 = CARTESIAN_POINT('', (54.75, 37.25, -0.75));
#256 = LINE('', #255, #254);
#257 = DIRECTION('', (-1., -0., 0.));
#258 = VECTOR('', #257, 1.);
#259 = CARTESIAN_POINT('', (54.5, 37.5, -0.5));
#260 = LINE('', #259, #258);
#261 = DIRECTION('', (-1., -0., 0.));
#262 = VECTOR('', #261, 1.);
#263 = CARTESIAN_POINT('', (54.5, 37.5, 0.5));
#264 = LINE('', #263, #262);
#265 = DIRECTION('', (0.57735027, 0.57735027, -0.57735027));
#266 = VECTOR('', #265, 1.);
#267 = CARTESIAN_POINT('', (54.75, -37.25, 0.75));
#268 = LINE('', #267, #266);
#269 = DIRECTION('', (0.57735027, 0.57735027, 0.57735027));
#270 = VECTOR('', #269, 1.);
#271 = CARTESIAN_POINT('', (54.5, -37.5, 0.5));
#272 = LINE('', #271, #270);
#273 = DIRECTION('', (-0.57735027, -0.57735027, -0.57735027));
#274 = VECTOR('', #273, 1.);
#275 = CARTESIAN_POINT('', (55., -37., -0.5));
#276 = LINE('', #275, #274);
#277 = DIRECTION('', (0., -0., 1.));
#278 = VECTOR('', #277, 1.);
#279 = CARTESIAN_POINT('', (54.5, -37.5, -0.5));
#280 = LINE('', #279, #278);
#281 = DIRECTION('', (-0.57735027, -0.57735027, 0.57735027));
#282 = VECTOR('', #281, 1.);
#283 = CARTESIAN_POINT('', (54.75, -37.25, -0.75));
#284 = LINE('', #283, #282);
#285 = DIRECTION('', (0., -0., 1.));
#286 = VECTOR('', #285, 1.);
#287 = CARTESIAN_POINT('', (55., -37., -0.5));
#288 = LINE('', #287, #286);
#289 = DIRECTION('', (-0.57735027, 0.57735027, -0.57735027));
#290 = VECTOR('', #289, 1.);
#291 = CARTESIAN_POINT('', (54.75, -37.25, -0.75));
#292 = LINE('', #291, #290);
#293 = DIRECTION('', (0., 1., 0.));
#294 = VECTOR('', #293, 1.);
#295 = CARTESIAN_POINT('', (55., -37., -0.5));
#296 = LINE('', #295, #294);
#297 = DIRECTION('', (0., 1., 0.));
#298 = VECTOR('', #297, 1.);
#299 = CARTESIAN_POINT('', (55., -37., 0.5));
#300 = LINE('', #299, #298);
#301 = DIRECTION('', (0.57735027, -0.57735027, -0.57735027));
#302 = VECTOR('', #301, 1.);
#303 = CARTESIAN_POINT('', (-54.75, -37.25, 0.75));
#304 = LINE('', #303, #302);
#305 = DIRECTION('', (0.57735027, -0.57735027, 0.57735027));
#306 = VECTOR('', #305, 1.);
#307 = CARTESIAN_POINT('', (-55., -37., 0.5));
#308 = LINE('', #307, #306);
#309 = DIRECTION('', (-0.57735027, 0.57735027, -0.57735027));
#310 = VECTOR('', #309, 1.);
#311 = CARTESIAN_POINT('', (-54.5, -37.5, -0.5));
#312 = LINE('', #311, #310);
#313 = DIRECTION('', (-0.57735027, 0.57735027, 0.57735027));
#314 = VECTOR('', #313, 1.);
#315 = CARTESIAN_POINT('', (-54.75, -37.25, -0.75));
#316 = LINE('', #315, #314);
#317 = DIRECTION('', (0., -0., 1.));
#318 = VECTOR('', #317, 1.);
#319 = CARTESIAN_POINT('', (-55., -37., -0.5));
#320 = LINE('', #319, #318);
#321 = DIRECTION('', (0., -0., 1.));
#322 = VECTOR('', #321, 1.);
#323 = CARTESIAN_POINT('', (-54.5, -37.5, -0.5));
#324 = LINE('', #323, #322);
#325 = DIRECTION('', (1., -0., 0.));
#326 = VECTOR('', #325, 1.);
#327 = CARTESIAN_POINT('', (-54.5, -37.5, -0.5));
#328 = LINE('', #327, #326);
#329 = DIRECTION('', (0.57735027, 0.57735027, -0.57735027));
#330 = VECTOR('', #329, 1.);
#331 = CARTESIAN_POINT('', (-54.75, -37.25, -0.75));
#332 = LINE('', #331, #330);
#333 = DIRECTION('', (1., -0., 0.));
#334 = VECTOR('', #333, 1.);
#335 = CARTESIAN_POINT('', (-54.5, -37.5, 0.5));
#336 = LINE('', #335, #334);
#337 = DIRECTION('', (0.57735027, 0.57735027, -0.57735027));
#338 = VECTOR('', #337, 1.);
#339 = CARTESIAN_POINT('', (-54.75, 37.25, 0.75));
#340 = LINE('', #339, #338);
#341 = DIRECTION('', (-0.57735027, -0.57735027, -0.57735027));
#342 = VECTOR('', #341, 1.);
#343 = CARTESIAN_POINT('', (-54.75, 37.25, 0.75));
#344 = LINE('', #343, #342);
#345 = DIRECTION('', (0.57735027, 0.57735027, 0.57735027));
#346 = VECTOR('', #345, 1.);
#347 = CARTESIAN_POINT('', (-54.75, 37.25, -0.75));
#348 = LINE('', #347, #346);
#349 = DIRECTION('', (0.57735027, 0.57735027, -0.57735027));
#350 = VECTOR('', #349, 1.);
#351 = CARTESIAN_POINT('', (-55., 37., -0.5));
#352 = LINE('', #351, #350);
#353 = DIRECTION('', (0., -0., 1.));
#354 = VECTOR('', #353, 1.);
#355 = CARTESIAN_POINT('', (-54.5, 37.5, -0.5));
#356 = LINE('', #355, #354);
#357 = DIRECTION('', (0., -0., 1.));
#358 = VECTOR('', #357, 1.);
#359 = CARTESIAN_POINT('', (-55., 37., -0.5));
#360 = LINE('', #359, #358);
#361 = DIRECTION('', (0., -1., 0.));
#362 = VECTOR('', #361, 1.);
#363 = CARTESIAN_POINT('', (-55., 37., 0.5));
#364 = LINE('', #363, #362);
#365 = DIRECTION('', (0., -1., 0.));
#366 = VECTOR('', #365, 1.);
#367 = CARTESIAN_POINT('', (-55., 37., -0.5));
#368 = LINE('', #367, #366);
#369 = DIRECTION('', (0.70710678, -0., 0.70710678));
#370 = VECTOR('', #369, 1.);
#371 = CARTESIAN_POINT('', (-45., 37.5, 0.5));
#372 = LINE('', #371, #370);
#373 = DIRECTION('', (-0., -0., 1.));
#374 = DIRECTION('', (1., -0., 0.));
#375 = CARTESIAN_POINT('', (-44.5, 37.5, -0.));
#376 = AXIS2_PLACEMENT_3D('', #375, #374, #373);
#377 = CIRCLE('', #376, 1.);
#378 = DIRECTION('', (1., -0., 0.));
#379 = VECTOR('', #378, 1.);
#380 = CARTESIAN_POINT('', (-44.5, 37.5, 1.));
#381 = LINE('', #380, #379);
#382 = DIRECTION('', (0., 0., 1.));
#383 = DIRECTION('', (1., 0., -0.));
#384 = CARTESIAN_POINT('', (-33.5, 37.5, 0.));
#385 = AXIS2_PLACEMENT_3D('', #384, #383, #382);
#386 = CIRCLE('', #385, 1.);
#387 = DIRECTION('', (0.70710678, -0., -0.70710678));
#388 = VECTOR('', #387, 1.);
#389 = CARTESIAN_POINT('', (-33.5, 37.5, 1.));
#390 = LINE('', #389, #388);
#391 = DIRECTION('', (0., 0., -1.));
#392 = DIRECTION('', (1., -0., 0.));
#393 = CARTESIAN_POINT('', (-45., 37.5, -0.));
#394 = AXIS2_PLACEMENT_3D('', #393, #392, #391);
#395 = CIRCLE('', #394, 0.5);
#396 = DIRECTION('', (0., 0., -1.));
#397 = DIRECTION('', (1., -0., 0.));
#398 = CARTESIAN_POINT('', (-44.5, 37.5, -0.));
#399 = AXIS2_PLACEMENT_3D('', #398, #397, #396);
#400 = CIRCLE('', #399, 1.);
#401 = DIRECTION('', (0.70710678, -0., -0.70710678));
#402 = VECTOR('', #401, 1.);
#403 = CARTESIAN_POINT('', (-45., 37.5, -0.5));
#404 = LINE('', #403, #402);
#405 = DIRECTION('', (0., 0., -1.));
#406 = DIRECTION('', (1., -0., 0.));
#407 = CARTESIAN_POINT('', (-33.5, 37.5, -0.));
#408 = AXIS2_PLACEMENT_3D('', #407, #406, #405);
#409 = CIRCLE('', #408, 1.);
#410 = DIRECTION('', (1., -0., 0.));
#411 = VECTOR('', #410, 1.);
#412 = CARTESIAN_POINT('', (-44.5, 37.5, -1.));
#413 = LINE('', #412, #411);
#414 = DIRECTION('', (0., 0., -1.));
#415 = DIRECTION('', (1., -0., 0.));
#416 = CARTESIAN_POINT('', (-33., 37.5, -0.));
#417 = AXIS2_PLACEMENT_3D('', #416, #415, #414);
#418 = CIRCLE('', #417, 0.5);
#419 = DIRECTION('', (0.70710678, -0., 0.70710678));
#420 = VECTOR('', #419, 1.);
#421 = CARTESIAN_POINT('', (-33.5, 37.5, -1.));
#422 = LINE('', #421, #420);
#423 = CARTESIAN_POINT('', (-45., 37.5, 0.5));
#424 = CARTESIAN_POINT('', (-44.99745626, 37.49745626, 0.50254374));
#425 = CARTESIAN_POINT('', (-44.99361869, 37.49364781, 0.50635219));
#426 = CARTESIAN_POINT('', (-44.98846474, 37.48858759, 0.51141241));
#427 = CARTESIAN_POINT('', (-44.98458105, 37.48480084, 0.51519916));
#428 = CARTESIAN_POINT('', (-44.98025261, 37.48060869, 0.51939131));
#429 = CARTESIAN_POINT('', (-44.97503622, 37.47559462, 0.52440538));
#430 = CARTESIAN_POINT('', (-44.96847329, 37.46934486, 0.53065514));
#431 = CARTESIAN_POINT('', (-44.96141641, 37.46269724, 0.53730276));
#432 = CARTESIAN_POINT('', (-44.95474884, 37.45648032, 0.54351968));
#433 = CARTESIAN_POINT('', (-44.94938022, 37.45151436, 0.54848564));
#434 = CARTESIAN_POINT('', (-44.94488465, 37.44738078, 0.55261922));
#435 = CARTESIAN_POINT('', (-44.94082534, 37.44366687, 0.55633313));
#436 = CARTESIAN_POINT('', (-44.9367575, 37.43996315, 0.56003685));
#437 = CARTESIAN_POINT('', (-44.93223083, 37.43586097, 0.56413903));
#438 = CARTESIAN_POINT('', (-44.92723893, 37.43136122, 0.56863878));
#439 = CARTESIAN_POINT('', (-44.92177414, 37.42646399, 0.57353601));
#440 = CARTESIAN_POINT('', (-44.91674726, 37.42198457, 0.57801543));
#441 = CARTESIAN_POINT('', (-44.91216574, 37.41792144, 0.58207856));
#442 = CARTESIAN_POINT('', (-44.90803533, 37.41427293, 0.58572707));
#443 = CARTESIAN_POINT('', (-44.9038964, 37.41063102, 0.58936898));
#444 = CARTESIAN_POINT('', (-44.89974641, 37.40699312, 0.59300688));
#445 = CARTESIAN_POINT('', (-44.89558394, 37.40335769, 0.59664231));
#446 = CARTESIAN_POINT('', (-44.89140901, 37.39972442, 0.60027558));
#447 = CARTESIAN_POINT('', (-44.88722235, 37.39609367, 0.60390633));
#448 = CARTESIAN_POINT('', (-44.88302536, 37.39246638, 0.60753362));
#449 = CARTESIAN_POINT('', (-44.87882016, 37.38884406, 0.61115594));
#450 = CARTESIAN_POINT('', (-44.8746085, 37.38522794, 0.61477206));
#451 = CARTESIAN_POINT('', (-44.87039085, 37.38161812, 0.61838188));
#452 = CARTESIAN_POINT('', (-44.86616701, 37.37801415, 0.62198585));
#453 = CARTESIAN_POINT('', (-44.86193688, 37.37441566, 0.62558434));
#454 = CARTESIAN_POINT('', (-44.85770028, 37.37082225, 0.62917775));
#455 = CARTESIAN_POINT('', (-44.85345654, 37.36723308, 0.63276692));
#456 = CARTESIAN_POINT('', (-44.84920512, 37.3636475, 0.6363525));
#457 = CARTESIAN_POINT('', (-44.84494631, 37.36006549, 0.6399345));
#458 = CARTESIAN_POINT('', (-44.84068119, 37.35648778, 0.64351222));
#459 = CARTESIAN_POINT('', (-44.83641033, 37.35291458, 0.64708542));
#460 = CARTESIAN_POINT('', (-44.83165791, 37.34894863, 0.65105137));
#461 = CARTESIAN_POINT('', (-44.82594402, 37.34419417, 0.65580583));
#462 = CARTESIAN_POINT('', (-44.81926247, 37.3386547, 0.6613453));
#463 = CARTESIAN_POINT('', (-44.81256579, 37.33312423, 0.66687577));
#464 = CARTESIAN_POINT('', (-44.80633597, 37.32799665, 0.67200335));
#465 = CARTESIAN_POINT('', (-44.80009579, 37.32287546, 0.67712454));
#466 = CARTESIAN_POINT('', (-44.79336271, 37.31736732, 0.68263268));
#467 = CARTESIAN_POINT('', (-44.78661643, 37.31186719, 0.68813281));
#468 = CARTESIAN_POINT('', (-44.78082498, 37.30715948, 0.69284052));
#469 = CARTESIAN_POINT('', (-44.77599329, 37.30324073, 0.69675927));
#470 = CARTESIAN_POINT('', (-44.77115608, 37.29932487, 0.70067513));
#471 = CARTESIAN_POINT('', (-44.7658278, 37.29502076, 0.70497924));
#472 = CARTESIAN_POINT('', (-44.76000715, 37.29033014, 0.70966986));
#473 = CARTESIAN_POINT('', (-44.75466546, 37.28603551, 0.71396449));
#474 = CARTESIAN_POINT('', (-44.74980574, 37.2821361, 0.7178639));
#475 = CARTESIAN_POINT('', (-44.74494327, 37.27824099, 0.72175901));
#476 = CARTESIAN_POINT('', (-44.73910165, 37.27357042, 0.72642958));
#477 = CARTESIAN_POINT('', (-44.73178702, 37.26773605, 0.73226395));
#478 = CARTESIAN_POINT('', (-44.72396896, 37.26151772, 0.73848228));
#479 = CARTESIAN_POINT('', (-44.7166255, 37.25569273, 0.74430727));
#480 = CARTESIAN_POINT('', (-44.71074235, 37.25103614, 0.74896386));
#481 = CARTESIAN_POINT('', (-44.70583594, 37.24715899, 0.75284101));
#482 = CARTESIAN_POINT('', (-44.70141844, 37.24367298, 0.75632702));
#483 = CARTESIAN_POINT('', (-44.69699853, 37.24018978, 0.75981022));
#484 = CARTESIAN_POINT('', (-44.69257565, 37.23670884, 0.76329116));
#485 = CARTESIAN_POINT('', (-44.68815026, 37.23323045, 0.76676955));
#486 = CARTESIAN_POINT('', (-44.6832316, 37.22936928, 0.77063072));
#487 = CARTESIAN_POINT('', (-44.67732592, 37.22474007, 0.77525993));
#488 = CARTESIAN_POINT('', (-44.66993593, 37.21895797, 0.78104203));
#489 = CARTESIAN_POINT('', (-44.6615479, 37.21240925, 0.78759075));
#490 = CARTESIAN_POINT('', (-44.65265145, 37.20547951, 0.79452049));
#491 = CARTESIAN_POINT('', (-44.64374025, 37.19855362, 0.80144638));
#492 = CARTESIAN_POINT('', (-44.63531216, 37.19201723, 0.80798277));
#493 = CARTESIAN_POINT('', (-44.62786795, 37.18625482, 0.81374518));
#494 = CARTESIAN_POINT('', (-44.62190917, 37.1816492, 0.8183508));
#495 = CARTESIAN_POINT('', (-44.61694185, 37.17781429, 0.82218571));
#496 = CARTESIAN_POINT('', (-44.61197312, 37.173982, 0.826018));
#497 = CARTESIAN_POINT('', (-44.60600783, 37.16938618, 0.83061382));
#498 = CARTESIAN_POINT('', (-44.59854631, 37.16364564, 0.83635436));
#499 = CARTESIAN_POINT('', (-44.59008175, 37.15714421, 0.84285579));
#500 = CARTESIAN_POINT('', (-44.5811087, 37.15026427, 0.84973573));
#501 = CARTESIAN_POINT('', (-44.57212536, 37.14338813, 0.85661187));
#502 = CARTESIAN_POINT('', (-44.56313324, 37.13651659, 0.86348341));
#503 = CARTESIAN_POINT('', (-44.55413458, 37.12965099, 0.87034901));
#504 = CARTESIAN_POINT('', (-44.54512956, 37.12279116, 0.87720884));
#505 = CARTESIAN_POINT('', (-44.53611797, 37.1159366, 0.8840634));
#506 = CARTESIAN_POINT('', (-44.52709923, 37.10908658, 0.89091342));
#507 = CARTESIAN_POINT('', (-44.5150645, 37.09995869, 0.90004131));
#508 = CARTESIAN_POINT('', (-44.50602841, 37.09311922, 0.90688078));
#509 = CARTESIAN_POINT('', (-44.5, 37.08856217, 0.91143783));
#510 = B_SPLINE_CURVE_WITH_KNOTS('', 3, (#423, #424, #425, #426, #427, #428, #429, #430, #431, #432, #433, #434, #435, #436, #437, #438, #439, #440, #441, #442, #443, #444, #445, #446, #447, #448, #449, #450, #451, #452, #453, #454, #455, #456, #457, #458, #459, #460, #461, #462, #463, #464, #465, #466, #467, #468, #469, #470, #471, #472, #473, #474, #475, #476, #477, #478, #479, #480, #481, #482, #483, #484, #485, #486, #487, #488, #489, #490, #491, #492, #493, #494, #495, #496, #497, #498, #499, #500, #501, #502, #503, #504, #505, #506, #507, #508, #509), .UNSPECIFIED., .F., .F., (4, 1, 1, 1, 1, 1, 1, 1, 1, 1, 1, 1, 1, 1, 1, 1, 1, 1, 1, 1, 1, 1, 1, 1, 1, 1, 1, 1, 1, 1, 1, 1, 1, 1, 1, 1, 1, 1, 1, 1, 1, 1, 1, 1, 1, 1, 1, 1, 1, 1, 1, 1, 1, 1, 1, 1, 1, 1, 1, 1, 1, 1, 1, 1, 1, 1, 1, 1, 1, 1, 1, 1, 1, 1, 1, 1, 1, 1, 1, 1, 1, 1, 1, 1, 4), (0., 0.01721746, 0.02584343, 0.03446314, 0.04306884, 0.05452901, 0.06886364, 0.08608872, 0.10046553, 0.11198384, 0.12063347, 0.12928377, 0.13792436, 0.1465499, 0.15803926, 0.16953058, 0.18102516, 0.18964198, 0.19824937, 0.20685335, 0.21546258, 0.22407984, 0.23270384, 0.24133444, 0.24996987, 0.25860462, 0.26723426, 0.27585929, 0.28448205, 0.29310224, 0.30171962, 0.31033699, 0.3189571, 0.32757853, 0.33619934, 0.34481717, 0.35343402, 0.36492734, 0.37929885, 0.39367033, 0.40516428, 0.41665797, 0.43102908, 0.44540043, 0.45689443, 0.46551245, 0.47413254, 0.48562867, 0.49712517, 0.50861986, 0.51723657, 0.52584908, 0.53733311, 0.55169492, 0.56893873, 0.58331573, 0.59482072, 0.60344712, 0.61206885, 0.62068894, 0.62931003, 0.63793026, 0.6465464, 0.65802943, 0.67238488, 0.68961725, 0.70685862, 0.72410862, 0.74136398, 0.75574268, 0.76724143, 0.77586167, 0.78448244, 0.79597428, 0.81033659, 0.82757181, 0.8448122, 0.86205932, 0.87930643, 0.8965514, 0.91379179, 0.93103243, 0.94827358, 0.9655146, 1.), .UNSPECIFIED.);
#511 = DIRECTION('', (-1., -0., 0.));
#512 = VECTOR('', #511, 1.);
#513 = CARTESIAN_POINT('', (-33.5, 37.08856217, 0.91143783));
#514 = LINE('', #513, #512);
#515 = CARTESIAN_POINT('', (-33., 37.5, 0.5));
#516 = CARTESIAN_POINT('', (-33.00216613, 37.49783387, 0.50216613));
#517 = CARTESIAN_POINT('', (-33.00543103, 37.49459009, 0.50540991));
#518 = CARTESIAN_POINT('', (-33.00981304, 37.4902764, 0.5097236));
#519 = CARTESIAN_POINT('', (-33.01311752, 37.48704288, 0.51295712));
#520 = CARTESIAN_POINT('', (-33.01643825, 37.48381236, 0.51618764));
#521 = CARTESIAN_POINT('', (-33.01977468, 37.48058496, 0.51941504));
#522 = CARTESIAN_POINT('', (-33.02312483, 37.4773622, 0.5226378));
#523 = CARTESIAN_POINT('', (-33.0264856, 37.47414661, 0.52585339));
#524 = CARTESIAN_POINT('', (-33.02985479, 37.47093985, 0.52906015));
#525 = CARTESIAN_POINT('', (-33.03323231, 37.46774153, 0.53225847));
#526 = CARTESIAN_POINT('', (-33.03661903, 37.46455042, 0.53544958));
#527 = CARTESIAN_POINT('', (-33.04001521, 37.46136587, 0.53863413));
#528 = CARTESIAN_POINT('', (-33.04379993, 37.45783372, 0.54216628));
#529 = CARTESIAN_POINT('', (-33.04797868, 37.45395473, 0.54604527));
#530 = CARTESIAN_POINT('', (-33.05255744, 37.44972963, 0.55027037));
#531 = CARTESIAN_POINT('', (-33.05715531, 37.44551124, 0.55448876));
#532 = CARTESIAN_POINT('', (-33.06176964, 37.44130128, 0.55869872));
#533 = CARTESIAN_POINT('', (-33.06639785, 37.43710138, 0.56289862));
#534 = CARTESIAN_POINT('', (-33.07065247, 37.4332606, 0.5667394));
#535 = CARTESIAN_POINT('', (-33.0745302, 37.42977552, 0.57022448));
#536 = CARTESIAN_POINT('', (-33.07802802, 37.42664352, 0.57335648));
#537 = CARTESIAN_POINT('', (-33.08153347, 37.42351602, 0.57648398));
#538 = CARTESIAN_POINT('', (-33.08504652, 37.42039281, 0.57960719));
#539 = CARTESIAN_POINT('', (-33.08856766, 37.4172732, 0.5827268));
#540 = CARTESIAN_POINT('', (-33.0920967, 37.41415718, 0.58584282));
#541 = CARTESIAN_POINT('', (-33.09563206, 37.41104586, 0.58895414));
#542 = CARTESIAN_POINT('', (-33.09917243, 37.40794019, 0.59205981));
#543 = CARTESIAN_POINT('', (-33.10271824, 37.40483955, 0.59516045));
#544 = CARTESIAN_POINT('', (-33.10627111, 37.40174231, 0.59825769));
#545 = CARTESIAN_POINT('', (-33.1098323, 37.3986472, 0.6013528));
#546 = CARTESIAN_POINT('', (-33.11340221, 37.39555368, 0.60444632));
#547 = CARTESIAN_POINT('', (-33.11698041, 37.39246195, 0.60753805));
#548 = CARTESIAN_POINT('', (-33.12056548, 37.38937306, 0.61062694));
#549 = CARTESIAN_POINT('', (-33.12415541, 37.38628857, 0.61371143));
#550 = CARTESIAN_POINT('', (-33.12774923, 37.38320912, 0.61679088));
#551 = CARTESIAN_POINT('', (-33.13134764, 37.38013393, 0.61986607));
#552 = CARTESIAN_POINT('', (-33.1349514, 37.37706218, 0.62293782));
#553 = CARTESIAN_POINT('', (-33.1385599, 37.37399424, 0.62600576));
#554 = CARTESIAN_POINT('', (-33.14217217, 37.37093075, 0.62906925));
#555 = CARTESIAN_POINT('', (-33.14578853, 37.3678713, 0.6321287));
#556 = CARTESIAN_POINT('', (-33.14981333, 37.36447446, 0.63552554));
#557 = CARTESIAN_POINT('', (-33.15425002, 37.36074024, 0.63925976));
#558 = CARTESIAN_POINT('', (-33.15910119, 37.35666963, 0.64333037));
#559 = CARTESIAN_POINT('', (-33.16396255, 37.3526026, 0.6473974));
#560 = CARTESIAN_POINT('', (-33.16923809, 37.34820183, 0.65179816));
#561 = CARTESIAN_POINT('', (-33.17533504, 37.34313201, 0.65686799));
#562 = CARTESIAN_POINT('', (-33.18225732, 37.3373975, 0.6626025));
#563 = CARTESIAN_POINT('', (-33.18960161, 37.33133736, 0.66866264));
#564 = CARTESIAN_POINT('', (-33.19696153, 37.32528736, 0.67471264));
#565 = CARTESIAN_POINT('', (-33.20392901, 37.31958089, 0.68041911));
#566 = CARTESIAN_POINT('', (-33.21009052, 37.31455084, 0.68544916));
#567 = CARTESIAN_POINT('', (-33.21502818, 37.31053025, 0.68946975));
#568 = CARTESIAN_POINT('', (-33.2191465, 37.30718336, 0.69281664));
#569 = CARTESIAN_POINT('', (-33.22285427, 37.30417507, 0.69582493));
#570 = CARTESIAN_POINT('', (-33.22656417, 37.3011699, 0.6988301));
#571 = CARTESIAN_POINT('', (-33.23027762, 37.29816662, 0.70183338));
#572 = CARTESIAN_POINT('', (-33.23399557, 37.29516437, 0.70483563));
#573 = CARTESIAN_POINT('', (-33.23771822, 37.29216294, 0.70783706));
#574 = CARTESIAN_POINT('', (-33.24144528, 37.28916246, 0.71083754));
#575 = CARTESIAN_POINT('', (-33.24517589, 37.28616357, 0.71383643));
#576 = CARTESIAN_POINT('', (-33.24890875, 37.28316724, 0.71683276));
#577 = CARTESIAN_POINT('', (-33.25305812, 37.27984134, 0.72015866));
#578 = CARTESIAN_POINT('', (-33.25804129, 37.27585364, 0.72414636));
#579 = CARTESIAN_POINT('', (-33.26427752, 37.27087349, 0.72912651));
#580 = CARTESIAN_POINT('', (-33.27135525, 37.26523515, 0.73476485));
#581 = CARTESIAN_POINT('', (-33.27886003, 37.25927206, 0.74072794));
#582 = CARTESIAN_POINT('', (-33.28637579, 37.25331516, 0.74668484));
#583 = CARTESIAN_POINT('', (-33.29390234, 37.24736415, 0.75263585));
#584 = CARTESIAN_POINT('', (-33.30143886, 37.24141922, 0.75858078));
#585 = CARTESIAN_POINT('', (-33.30898471, 37.23548045, 0.76451955));
#586 = CARTESIAN_POINT('', (-33.3165391, 37.22954804, 0.77045196));
#587 = CARTESIAN_POINT('', (-33.32410135, 37.22362212, 0.77637788));
#588 = CARTESIAN_POINT('', (-33.33167055, 37.21770303, 0.78229697));
#589 = CARTESIAN_POINT('', (-33.33924704, 37.21179013, 0.78820987));
#590 = CARTESIAN_POINT('', (-33.34683247, 37.20588177, 0.79411823));
#591 = CARTESIAN_POINT('', (-33.35442815, 37.19997662, 0.80002338));
#592 = CARTESIAN_POINT('', (-33.36203427, 37.1940742, 0.8059258));
#593 = CARTESIAN_POINT('', (-33.36964911, 37.18817555, 0.81182445));
#594 = CARTESIAN_POINT('', (-33.37727077, 37.18228187, 0.81771813));
#595 = CARTESIAN_POINT('', (-33.3848976, 37.1763941, 0.8236059));
#596 = CARTESIAN_POINT('', (-33.39253008, 37.17051162, 0.82948838));
#597 = CARTESIAN_POINT('', (-33.40016856, 37.16463388, 0.83536612));
#598 = CARTESIAN_POINT('', (-33.40781373, 37.1587601, 0.8412399));
#599 = CARTESIAN_POINT('', (-33.41546523, 37.15289029, 0.84710971));
#600 = CARTESIAN_POINT('', (-33.423123, 37.14702428, 0.85297572));
#601 = CARTESIAN_POINT('', (-33.43078663, 37.14116215, 0.85883785));
#602 = CARTESIAN_POINT('', (-33.43845572, 37.13530398, 0.86469602));
#603 = CARTESIAN_POINT('', (-33.44613021, 37.12944962, 0.87055038));
#604 = CARTESIAN_POINT('', (-33.45381003, 37.12359889, 0.87640111));
#605 = CARTESIAN_POINT('', (-33.46149516, 37.11775162, 0.88224838));
#606 = CARTESIAN_POINT('', (-33.46918559, 37.11190763, 0.88809237));
#607 = CARTESIAN_POINT('', (-33.47688146, 37.10606663, 0.89393337));
#608 = CARTESIAN_POINT('', (-33.48714965, 37.09828254, 0.90171746));
#609 = CARTESIAN_POINT('', (-33.49485809, 37.09244909, 0.90755091));
#610 = CARTESIAN_POINT('', (-33.5, 37.08856217, 0.91143783));
#611 = B_SPLINE_CURVE_WITH_KNOTS('', 3, (#515, #516, #517, #518, #519, #520, #521, #522, #523, #524, #525, #526, #527, #528, #529, #530, #531, #532, #533, #534, #535, #536, #537, #538, #539, #540, #541, #542, #543, #544, #545, #546, #547, #548, #549, #550, #551, #552, #553, #554, #555, #556, #557, #558, #559, #560, #561, #562, #563, #564, #565, #566, #567, #568, #569, #570, #571, #572, #573, #574, #575, #576, #577, #578, #579, #580, #581, #582, #583, #584, #585, #586, #587, #588, #589, #590, #591, #592, #593, #594, #595, #596, #597, #598, #599, #600, #601, #602, #603, #604, #605, #606, #607, #608, #609, #610), .UNSPECIFIED., .F., .F., (4, 1, 1, 1, 1, 1, 1, 1, 1, 1, 1, 1, 1, 1, 1, 1, 1, 1, 1, 1, 1, 1, 1, 1, 1, 1, 1, 1, 1, 1, 1, 1, 1, 1, 1, 1, 1, 1, 1, 1, 1, 1, 1, 1, 1, 1, 1, 1, 1, 1, 1, 1, 1, 1, 1, 1, 1, 1, 1, 1, 1, 1, 1, 1, 1, 1, 1, 1, 1, 1, 1, 1, 1, 1, 1, 1, 1, 1, 1, 1, 1, 1, 1, 1, 1, 1, 1, 1, 1, 1, 1, 1, 1, 4), (0., 0.01466158, 0.0220034, 0.02935237, 0.03670908, 0.04407477, 0.05144594, 0.05881369, 0.06617207, 0.07352363, 0.08087345, 0.08822145, 0.09556625, 0.1053641, 0.1151699, 0.12498363, 0.13479762, 0.14460585, 0.15440898, 0.16176021, 0.16911277, 0.17646437, 0.18381462, 0.19116704, 0.19852281, 0.20587683, 0.21322446, 0.22056817, 0.22791391, 0.23526429, 0.24261941, 0.2499798, 0.25734307, 0.26470303, 0.2720567, 0.27940817, 0.28676144, 0.29411372, 0.30146089, 0.30880467, 0.31615003, 0.32595151, 0.33575822, 0.34556889, 0.35538098, 0.36764112, 0.38234799, 0.39704791, 0.41174754, 0.42645168, 0.43871231, 0.44852416, 0.45588019, 0.46323033, 0.47057737, 0.4779258, 0.4852773, 0.49263154, 0.49998875, 0.50734762, 0.51470443, 0.52205684, 0.53185831, 0.54411345, 0.55881838, 0.57352317, 0.58822845, 0.6029364, 0.617645, 0.63235121, 0.64705819, 0.66176297, 0.67646309, 0.69116028, 0.70585887, 0.7205638, 0.73527486, 0.74998971, 0.7647022, 0.779411, 0.79411539, 0.80882122, 0.8235266, 0.83823258, 0.85293902, 0.86764558, 0.88235135, 0.89705624, 0.91176166, 0.92646691, 0.94117188, 0.95587814, 0.97058579, 1.), .UNSPECIFIED.);
#612 = CARTESIAN_POINT('', (-45., 37.5, -0.5));
#613 = CARTESIAN_POINT('', (-44.99783091, 37.49783091, -0.50216909));
#614 = CARTESIAN_POINT('', (-44.99456159, 37.49458277, -0.50541723));
#615 = CARTESIAN_POINT('', (-44.9901738, 37.49026348, -0.50973652));
#616 = CARTESIAN_POINT('', (-44.98686611, 37.4870269, -0.5129731));
#617 = CARTESIAN_POINT('', (-44.98354527, 37.48379638, -0.51620362));
#618 = CARTESIAN_POINT('', (-44.98021359, 37.48057366, -0.51942634));
#619 = CARTESIAN_POINT('', (-44.97687184, 37.47735902, -0.52264098));
#620 = CARTESIAN_POINT('', (-44.97351876, 37.47415078, -0.52584922));
#621 = CARTESIAN_POINT('', (-44.97015274, 37.47094699, -0.52905301));
#622 = CARTESIAN_POINT('', (-44.96677388, 37.46774737, -0.53225263));
#623 = CARTESIAN_POINT('', (-44.96338423, 37.46455348, -0.53544652));
#624 = CARTESIAN_POINT('', (-44.95998595, 37.46136695, -0.53863305));
#625 = CARTESIAN_POINT('', (-44.95620041, 37.45783404, -0.54216596));
#626 = CARTESIAN_POINT('', (-44.95202151, 37.45395491, -0.54604509));
#627 = CARTESIAN_POINT('', (-44.94744277, 37.44972983, -0.55027017));
#628 = CARTESIAN_POINT('', (-44.94284492, 37.44551146, -0.55448854));
#629 = CARTESIAN_POINT('', (-44.93784652, 37.44095108, -0.55904892));
#630 = CARTESIAN_POINT('', (-44.93205924, 37.4357029, -0.5642971));
#631 = CARTESIAN_POINT('', (-44.92547378, 37.42977328, -0.57022672));
#632 = CARTESIAN_POINT('', (-44.91885984, 37.423862, -0.576138));
#633 = CARTESIAN_POINT('', (-44.91300342, 37.41866159, -0.58133841));
#634 = CARTESIAN_POINT('', (-44.90791449, 37.41416572, -0.58583428));
#635 = CARTESIAN_POINT('', (-44.90281224, 37.40967786, -0.59032214));
#636 = CARTESIAN_POINT('', (-44.8972988, 37.40485158, -0.59514842));
#637 = CARTESIAN_POINT('', (-44.89176426, 37.40003172, -0.59996828));
#638 = CARTESIAN_POINT('', (-44.88700388, 37.39590457, -0.60409543));
#639 = CARTESIAN_POINT('', (-44.88302542, 37.39246697, -0.60753303));
#640 = CARTESIAN_POINT('', (-44.87943759, 37.3893757, -0.6106243));
#641 = CARTESIAN_POINT('', (-44.87584569, 37.38628951, -0.61371049));
#642 = CARTESIAN_POINT('', (-44.87225094, 37.38320927, -0.61679073));
#643 = CARTESIAN_POINT('', (-44.86865237, 37.38013394, -0.61986606));
#644 = CARTESIAN_POINT('', (-44.86504851, 37.37706211, -0.62293789));
#645 = CARTESIAN_POINT('', (-44.86143927, 37.37399353, -0.62600647));
#646 = CARTESIAN_POINT('', (-44.8578254, 37.3709287, -0.6290713));
#647 = CARTESIAN_POINT('', (-44.8542068, 37.36786734, -0.63213266));
#648 = CARTESIAN_POINT('', (-44.85017929, 37.36446823, -0.63553177));
#649 = CARTESIAN_POINT('', (-44.84574038, 37.36073216, -0.63926784));
#650 = CARTESIAN_POINT('', (-44.84088848, 37.35666098, -0.64333902));
#651 = CARTESIAN_POINT('', (-44.83602903, 37.35259557, -0.64740443));
#652 = CARTESIAN_POINT('', (-44.83075684, 37.34819762, -0.65180238));
#653 = CARTESIAN_POINT('', (-44.82466311, 37.34313048, -0.65686952));
#654 = CARTESIAN_POINT('', (-44.81774241, 37.33739728, -0.66260272));
#655 = CARTESIAN_POINT('', (-44.81039856, 37.3313375, -0.6686625));
#656 = CARTESIAN_POINT('', (-44.80303858, 37.32528746, -0.67471254));
#657 = CARTESIAN_POINT('', (-44.79607111, 37.31958099, -0.68041901));
#658 = CARTESIAN_POINT('', (-44.78990963, 37.31455096, -0.68544904));
#659 = CARTESIAN_POINT('', (-44.78497185, 37.31053027, -0.68946973));
#660 = CARTESIAN_POINT('', (-44.78085295, 37.30718292, -0.69281708));
#661 = CARTESIAN_POINT('', (-44.77714397, 37.30417364, -0.69582636));
#662 = CARTESIAN_POINT('', (-44.77343235, 37.30116708, -0.69883292));
#663 = CARTESIAN_POINT('', (-44.7693043, 37.29782849, -0.70217151));
#664 = CARTESIAN_POINT('', (-44.7643448, 37.29382475, -0.70617525));
#665 = CARTESIAN_POINT('', (-44.75813768, 37.28882525, -0.71117475));
#666 = CARTESIAN_POINT('', (-44.75109274, 37.2831663, -0.7168337));
#667 = CARTESIAN_POINT('', (-44.74362178, 37.27718227, -0.72281773));
#668 = CARTESIAN_POINT('', (-44.73613906, 37.27120535, -0.72879465));
#669 = CARTESIAN_POINT('', (-44.72864499, 37.26523534, -0.73476466));
#670 = CARTESIAN_POINT('', (-44.72114011, 37.25927217, -0.74072783));
#671 = CARTESIAN_POINT('', (-44.71362431, 37.25331524, -0.74668476));
#672 = CARTESIAN_POINT('', (-44.70609776, 37.24736422, -0.75263578));
#673 = CARTESIAN_POINT('', (-44.69856115, 37.24141922, -0.75858078));
#674 = CARTESIAN_POINT('', (-44.69101536, 37.2354805, -0.7645195));
#675 = CARTESIAN_POINT('', (-44.68346191, 37.22954883, -0.77045117));
#676 = CARTESIAN_POINT('', (-44.67590151, 37.22362436, -0.77637564));
#677 = CARTESIAN_POINT('', (-44.66833442, 37.21770691, -0.78229309));
#678 = CARTESIAN_POINT('', (-44.66075868, 37.21179459, -0.78820541));
#679 = CARTESIAN_POINT('', (-44.65317272, 37.20588582, -0.79411418));
#680 = CARTESIAN_POINT('', (-44.64557563, 37.19997956, -0.80002044));
#681 = CARTESIAN_POINT('', (-44.63796816, 37.19407609, -0.80592391));
#682 = CARTESIAN_POINT('', (-44.63035218, 37.18817656, -0.81182344));
#683 = CARTESIAN_POINT('', (-44.62272965, 37.18228219, -0.81771781));
#684 = CARTESIAN_POINT('', (-44.61510251, 37.17639419, -0.82360581));
#685 = CARTESIAN_POINT('', (-44.60747064, 37.17051217, -0.82948783));
#686 = CARTESIAN_POINT('', (-44.59983366, 37.16463559, -0.83536441));
#687 = CARTESIAN_POINT('', (-44.59218998, 37.15876295, -0.84123705));
#688 = CARTESIAN_POINT('', (-44.58453869, 37.1528933, -0.8471067));
#689 = CARTESIAN_POINT('', (-44.57687983, 37.14702644, -0.85297356));
#690 = CARTESIAN_POINT('', (-44.56921464, 37.14116312, -0.85883688));
#691 = CARTESIAN_POINT('', (-44.56154462, 37.13530424, -0.86469576));
#692 = CARTESIAN_POINT('', (-44.55386978, 37.1294496, -0.8705504));
#693 = CARTESIAN_POINT('', (-44.54618976, 37.12359872, -0.87640128));
#694 = CARTESIAN_POINT('', (-44.53850418, 37.11775112, -0.88224888));
#695 = CARTESIAN_POINT('', (-44.53081333, 37.11190682, -0.88809318));
#696 = CARTESIAN_POINT('', (-44.52311739, 37.10606576, -0.89393424));
#697 = CARTESIAN_POINT('', (-44.51284964, 37.098282, -0.901718));
#698 = CARTESIAN_POINT('', (-44.50514166, 37.0924489, -0.9075511));
#699 = CARTESIAN_POINT('', (-44.5, 37.08856217, -0.91143783));
#700 = B_SPLINE_CURVE_WITH_KNOTS('', 3, (#612, #613, #614, #615, #616, #617, #618, #619, #620, #621, #622, #623, #624, #625, #626, #627, #628, #629, #630, #631, #632, #633, #634, #635, #636, #637, #638, #639, #640, #641, #642, #643, #644, #645, #646, #647, #648, #649, #650, #651, #652, #653, #654, #655, #656, #657, #658, #659, #660, #661, #662, #663, #664, #665, #666, #667, #668, #669, #670, #671, #672, #673, #674, #675, #676, #677, #678, #679, #680, #681, #682, #683, #684, #685, #686, #687, #688, #689, #690, #691, #692, #693, #694, #695, #696, #697, #698, #699), .UNSPECIFIED., .F., .F., (4, 1, 1, 1, 1, 1, 1, 1, 1, 1, 1, 1, 1, 1, 1, 1, 1, 1, 1, 1, 1, 1, 1, 1, 1, 1, 1, 1, 1, 1, 1, 1, 1, 1, 1, 1, 1, 1, 1, 1, 1, 1, 1, 1, 1, 1, 1, 1, 1, 1, 1, 1, 1, 1, 1, 1, 1, 1, 1, 1, 1, 1, 1, 1, 1, 1, 1, 1, 1, 1, 1, 1, 1, 1, 1, 1, 1, 1, 1, 1, 1, 1, 1, 1, 1, 4), (0., 0.0146816, 0.02203304, 0.02939074, 0.03675015, 0.04410466, 0.05145247, 0.05879915, 0.06615142, 0.07350961, 0.08086775, 0.08821998, 0.0955659, 0.10536375, 0.1151694, 0.12498313, 0.13479712, 0.14705549, 0.16176226, 0.1764643, 0.18871198, 0.19850129, 0.2082892, 0.22053493, 0.23278877, 0.24260101, 0.24996791, 0.25733737, 0.26470167, 0.27205699, 0.27940812, 0.28676102, 0.29411467, 0.30146536, 0.30881398, 0.31616471, 0.3259724, 0.33578093, 0.3455878, 0.35539021, 0.36764354, 0.38234744, 0.39704761, 0.41174733, 0.42645148, 0.43871195, 0.4485238, 0.45588074, 0.46323336, 0.47058422, 0.47793658, 0.48774178, 0.49999869, 0.51470306, 0.52940717, 0.54411262, 0.55881797, 0.57352296, 0.58822825, 0.6029362, 0.6176448, 0.63235154, 0.64705762, 0.66175728, 0.67645267, 0.69114746, 0.7058488, 0.72055647, 0.73527025, 0.74998751, 0.76470151, 0.77941146, 0.79411492, 0.80881705, 0.82351839, 0.83822354, 0.85293365, 0.86764371, 0.88235126, 0.89705621, 0.91176186, 0.92646796, 0.9411744, 0.95588074, 0.97058726, 1.), .UNSPECIFIED.);
#701 = DIRECTION('', (-1., -0., 0.));
#702 = VECTOR('', #701, 1.);
#703 = CARTESIAN_POINT('', (-33.5, 37.08856217, -0.91143783));
#704 = LINE('', #703, #702);
#705 = CARTESIAN_POINT('', (-33., 37.5, -0.5));
#706 = CARTESIAN_POINT('', (-33.00254035, 37.49745965, -0.50254035));
#707 = CARTESIAN_POINT('', (-33.00637232, 37.49365672, -0.50634328));
#708 = CARTESIAN_POINT('', (-33.01152124, 37.48860131, -0.51139869));
#709 = CARTESIAN_POINT('', (-33.01540743, 37.48481203, -0.51518797));
#710 = CARTESIAN_POINT('', (-33.0193138, 37.48102859, -0.51897141));
#711 = CARTESIAN_POINT('', (-33.02323637, 37.47725412, -0.52274588));
#712 = CARTESIAN_POINT('', (-33.02717148, 37.47349141, -0.52650859));
#713 = CARTESIAN_POINT('', (-33.03111787, 37.46974089, -0.53025911));
#714 = CARTESIAN_POINT('', (-33.03507698, 37.4660005, -0.5339995));
#715 = CARTESIAN_POINT('', (-33.03905144, 37.4622671, -0.5377329));
#716 = CARTESIAN_POINT('', (-33.0430432, 37.4585383, -0.5414617));
#717 = CARTESIAN_POINT('', (-33.04705281, 37.45481308, -0.54518692));
#718 = CARTESIAN_POINT('', (-33.05107972, 37.45109144, -0.54890856));
#719 = CARTESIAN_POINT('', (-33.05512239, 37.44737432, -0.55262568));
#720 = CARTESIAN_POINT('', (-33.05917795, 37.44366388, -0.55633612));
#721 = CARTESIAN_POINT('', (-33.0632428, 37.43996287, -0.56003713));
#722 = CARTESIAN_POINT('', (-33.06731465, 37.43627287, -0.56372713));
#723 = CARTESIAN_POINT('', (-33.07139401, 37.43259288, -0.56740712));
#724 = CARTESIAN_POINT('', (-33.07548328, 37.42892027, -0.57107973));
#725 = CARTESIAN_POINT('', (-33.07958492, 37.42525239, -0.57474761));
#726 = CARTESIAN_POINT('', (-33.08370048, 37.4215875, -0.5784125));
#727 = CARTESIAN_POINT('', (-33.08782984, 37.41792534, -0.58207466));
#728 = CARTESIAN_POINT('', (-33.09197056, 37.41426772, -0.58573228));
#729 = CARTESIAN_POINT('', (-33.09611883, 37.41061763, -0.58938237));
#730 = CARTESIAN_POINT('', (-33.1002725, 37.40697658, -0.59302342));
#731 = CARTESIAN_POINT('', (-33.10443306, 37.40334288, -0.59665712));
#732 = CARTESIAN_POINT('', (-33.1086038, 37.3997133, -0.6002867));
#733 = CARTESIAN_POINT('', (-33.1127865, 37.39608602, -0.60391398));
#734 = CARTESIAN_POINT('', (-33.11698019, 37.39246159, -0.60753841));
#735 = CARTESIAN_POINT('', (-33.12118264, 37.38884165, -0.61115835));
#736 = CARTESIAN_POINT('', (-33.12539243, 37.38522715, -0.61477286));
#737 = CARTESIAN_POINT('', (-33.12960916, 37.38161811, -0.61838189));
#738 = CARTESIAN_POINT('', (-33.13383251, 37.37801455, -0.62198545));
#739 = CARTESIAN_POINT('', (-33.13806172, 37.37441685, -0.62558315));
#740 = CARTESIAN_POINT('', (-33.14229639, 37.37082507, -0.62917493));
#741 = CARTESIAN_POINT('', (-33.14653734, 37.36723826, -0.63276174));
#742 = CARTESIAN_POINT('', (-33.15078608, 37.36365492, -0.63634508));
#743 = CARTESIAN_POINT('', (-33.15504366, 37.36007393, -0.63992607));
#744 = CARTESIAN_POINT('', (-33.15931034, 37.35649487, -0.64350513));
#745 = CARTESIAN_POINT('', (-33.16358557, 37.352918, -0.647082));
#746 = CARTESIAN_POINT('', (-33.16786793, 37.34934431, -0.65065569));
#747 = CARTESIAN_POINT('', (-33.17215554, 37.34577518, -0.65422482));
#748 = CARTESIAN_POINT('', (-33.17644731, 37.34221129, -0.65778871));
#749 = CARTESIAN_POINT('', (-33.18074359, 37.33865215, -0.66134785));
#750 = CARTESIAN_POINT('', (-33.18504515, 37.33509694, -0.66490306));
#751 = CARTESIAN_POINT('', (-33.18935215, 37.33154534, -0.66845465));
#752 = CARTESIAN_POINT('', (-33.19414412, 37.32760265, -0.67239735));
#753 = CARTESIAN_POINT('', (-33.1999039, 37.32287572, -0.67712428));
#754 = CARTESIAN_POINT('', (-33.20663683, 37.3173677, -0.6826323));
#755 = CARTESIAN_POINT('', (-33.21338253, 37.31186803, -0.68813197));
#756 = CARTESIAN_POINT('', (-33.21917267, 37.30716139, -0.69283861));
#757 = CARTESIAN_POINT('', (-33.22400243, 37.3032442, -0.6967558));
#758 = CARTESIAN_POINT('', (-33.22835378, 37.29972166, -0.70027834));
#759 = CARTESIAN_POINT('', (-33.23271116, 37.29620072, -0.70379928));
#760 = CARTESIAN_POINT('', (-33.23707484, 37.29268106, -0.70731894));
#761 = CARTESIAN_POINT('', (-33.24144433, 37.28916296, -0.71083704));
#762 = CARTESIAN_POINT('', (-33.24581811, 37.2856475, -0.7143525));
#763 = CARTESIAN_POINT('', (-33.25019412, 37.28213621, -0.71786379));
#764 = CARTESIAN_POINT('', (-33.25457141, 37.27862975, -0.72137025));
#765 = CARTESIAN_POINT('', (-33.25895108, 37.27512712, -0.72487288));
#766 = CARTESIAN_POINT('', (-33.26382272, 37.27123724, -0.72876276));
#767 = CARTESIAN_POINT('', (-33.26967779, 37.26657069, -0.73342931));
#768 = CARTESIAN_POINT('', (-33.27652043, 37.26112953, -0.73887047));
#769 = CARTESIAN_POINT('', (-33.28337471, 37.25569257, -0.74430743));
#770 = CARTESIAN_POINT('', (-33.28925766, 37.25103613, -0.74896387));
#771 = CARTESIAN_POINT('', (-33.29416397, 37.24715906, -0.75284094));
#772 = CARTESIAN_POINT('', (-33.29858141, 37.2436731, -0.7563269));
#773 = CARTESIAN_POINT('', (-33.30300126, 37.24018994, -0.75981006));
#774 = CARTESIAN_POINT('', (-33.30742426, 37.23670891, -0.76329109));
#775 = CARTESIAN_POINT('', (-33.31185044, 37.2332299, -0.7667701));
#776 = CARTESIAN_POINT('', (-33.31627959, 37.229753, -0.770247));
#777 = CARTESIAN_POINT('', (-33.3207118, 37.22627805, -0.77372195));
#778 = CARTESIAN_POINT('', (-33.32514699, 37.22280505, -0.77719495));
#779 = CARTESIAN_POINT('', (-33.32958439, 37.21933452, -0.78066548));
#780 = CARTESIAN_POINT('', (-33.33451675, 37.21548144, -0.78451856));
#781 = CARTESIAN_POINT('', (-33.34043983, 37.21086073, -0.78913927));
#782 = CARTESIAN_POINT('', (-33.3478525, 37.20508783, -0.79491217));
#783 = CARTESIAN_POINT('', (-33.35626577, 37.19854895, -0.80145105));
#784 = CARTESIAN_POINT('', (-33.36518623, 37.1916307, -0.8083693));
#785 = CARTESIAN_POINT('', (-33.37411705, 37.18471874, -0.81528126));
#786 = CARTESIAN_POINT('', (-33.38305598, 37.1778143, -0.8221857));
#787 = CARTESIAN_POINT('', (-33.39200334, 37.1709167, -0.8290833));
#788 = CARTESIAN_POINT('', (-33.40095891, 37.16402567, -0.83597433));
#789 = CARTESIAN_POINT('', (-33.40992342, 37.15714024, -0.84285976));
#790 = CARTESIAN_POINT('', (-33.4188963, 37.15026044, -0.84973956));
#791 = CARTESIAN_POINT('', (-33.42787801, 37.14338555, -0.85661445));
#792 = CARTESIAN_POINT('', (-33.43686809, 37.13651557, -0.86348443));
#793 = CARTESIAN_POINT('', (-33.44586553, 37.12965091, -0.87034909));
#794 = CARTESIAN_POINT('', (-33.45436943, 37.12317282, -0.87682718));
#795 = CARTESIAN_POINT('', (-33.46187749, 37.11746118, -0.88253882));
#796 = CARTESIAN_POINT('', (-33.4678872, 37.11289441, -0.88710559));
#797 = CARTESIAN_POINT('', (-33.4728976, 37.10909018, -0.89090982));
#798 = CARTESIAN_POINT('', (-33.47740933, 37.105667, -0.894333));
#799 = CARTESIAN_POINT('', (-33.48192348, 37.10224436, -0.89775564));
#800 = CARTESIAN_POINT('', (-33.48945106, 37.09654085, -0.90345915));
#801 = CARTESIAN_POINT('', (-33.49547765, 37.09198074, -0.90801926));
#802 = CARTESIAN_POINT('', (-33.5, 37.08856217, -0.91143783));
#803 = B_SPLINE_CURVE_WITH_KNOTS('', 3, (#705, #706, #707, #708, #709, #710, #711, #712, #713, #714, #715, #716, #717, #718, #719, #720, #721, #722, #723, #724, #725, #726, #727, #728, #729, #730, #731, #732, #733, #734, #735, #736, #737, #738, #739, #740, #741, #742, #743, #744, #745, #746, #747, #748, #749, #750, #751, #752, #753, #754, #755, #756, #757, #758, #759, #760, #761, #762, #763, #764, #765, #766, #767, #768, #769, #770, #771, #772, #773, #774, #775, #776, #777, #778, #779, #780, #781, #782, #783, #784, #785, #786, #787, #788, #789, #790, #791, #792, #793, #794, #795, #796, #797, #798, #799, #800, #801, #802), .UNSPECIFIED., .F., .F., (4, 1, 1, 1, 1, 1, 1, 1, 1, 1, 1, 1, 1, 1, 1, 1, 1, 1, 1, 1, 1, 1, 1, 1, 1, 1, 1, 1, 1, 1, 1, 1, 1, 1, 1, 1, 1, 1, 1, 1, 1, 1, 1, 1, 1, 1, 1, 1, 1, 1, 1, 1, 1, 1, 1, 1, 1, 1, 1, 1, 1, 1, 1, 1, 1, 1, 1, 1, 1, 1, 1, 1, 1, 1, 1, 1, 1, 1, 1, 1, 1, 1, 1, 1, 1, 1, 1, 1, 1, 1, 1, 1, 1, 1, 1, 4), (0., 0.01719451, 0.0258059, 0.03443007, 0.04306293, 0.05169464, 0.06031622, 0.06892584, 0.07752972, 0.08613619, 0.09475088, 0.10337523, 0.11200808, 0.1206481, 0.12929007, 0.13792449, 0.14654553, 0.15515631, 0.16376519, 0.1723781, 0.1809983, 0.18962802, 0.19826268, 0.20689102, 0.21550671, 0.22411572, 0.23272938, 0.24135244, 0.24998112, 0.25860968, 0.26723531, 0.275859, 0.28448149, 0.29310028, 0.3017137, 0.31032468, 0.31893813, 0.3275564, 0.33617965, 0.34480781, 0.35343839, 0.36206622, 0.37068846, 0.37930752, 0.38792678, 0.39654589, 0.40516365, 0.41665734, 0.43102855, 0.44539893, 0.45689038, 0.4655041, 0.47411958, 0.48273851, 0.49136106, 0.49998743, 0.50861491, 0.51723753, 0.52585235, 0.53446314, 0.54307607, 0.55456766, 0.56893969, 0.5833161, 0.59482069, 0.60344693, 0.61206862, 0.62068853, 0.62930953, 0.63793072, 0.64655061, 0.65517069, 0.66379191, 0.6724116, 0.68102733, 0.69251396, 0.70687699, 0.72412002, 0.74136919, 0.75861686, 0.77586155, 0.79310138, 0.81034348, 0.82758316, 0.84482381, 0.86206521, 0.87930831, 0.89655129, 0.91379065, 0.92815587, 0.93964682, 0.94826547, 0.95688535, 0.96550709, 0.97413004, 1.), .UNSPECIFIED.);
#804 = DIRECTION('', (0., -0., 1.));
#805 = VECTOR('', #804, 1.);
#806 = CARTESIAN_POINT('', (-45., 37.5, -0.5));
#807 = LINE('', #806, #805);
#808 = DIRECTION('', (0., 0., -1.));
#809 = VECTOR('', #808, 1.);
#810 = CARTESIAN_POINT('', (-33., 37.5, 0.5));
#811 = LINE('', #810, #809);
#812 = DIRECTION('', (0., -0., 1.));
#813 = VECTOR('', #812, 1.);
#814 = CARTESIAN_POINT('', (-45., 37.5, 0.));
#815 = LINE('', #814, #813);
#816 = DIRECTION('', (0., -0., -1.));
#817 = VECTOR('', #816, 1.);
#818 = CARTESIAN_POINT('', (-33., 37.5, 0.));
#819 = LINE('', #818, #817);
#820 = DIRECTION('', (-1., -0., 0.));
#821 = VECTOR('', #820, 1.);
#822 = CARTESIAN_POINT('', (-45., 37.5, 0.5));
#823 = LINE('', #822, #821);
#824 = DIRECTION('', (-1., -0., 0.));
#825 = VECTOR('', #824, 1.);
#826 = CARTESIAN_POINT('', (-45., 37.5, -0.5));
#827 = LINE('', #826, #825);
#828 = DIRECTION('', (0., -0.41143783, -0.91143783));
#829 = DIRECTION('', (1., 0., 0.));
#830 = CARTESIAN_POINT('', (-44.5, 37.5, -0.));
#831 = AXIS2_PLACEMENT_3D('', #830, #829, #828);
#832 = CIRCLE('', #831, 1.);
#833 = DIRECTION('', (0., -0.41143783, -0.91143783));
#834 = DIRECTION('', (1., -0., 0.));
#835 = CARTESIAN_POINT('', (-33.5, 37.5, 0.));
#836 = AXIS2_PLACEMENT_3D('', #835, #834, #833);
#837 = CIRCLE('', #836, 1.);
#838 = DIRECTION('', (0.70710678, -0., 0.70710678));
#839 = VECTOR('', #838, 1.);
#840 = CARTESIAN_POINT('', (33., 37.5, 0.5));
#841 = LINE('', #840, #839);
#842 = DIRECTION('', (0., -0., 1.));
#843 = DIRECTION('', (1., 0., 0.));
#844 = CARTESIAN_POINT('', (33.5, 37.5, -0.));
#845 = AXIS2_PLACEMENT_3D('', #844, #843, #842);
#846 = CIRCLE('', #845, 1.);
#847 = DIRECTION('', (1., -0., 0.));
#848 = VECTOR('', #847, 1.);
#849 = CARTESIAN_POINT('', (33.5, 37.5, 1.));
#850 = LINE('', #849, #848);
#851 = DIRECTION('', (0., 0., 1.));
#852 = DIRECTION('', (1., -0., -0.));
#853 = CARTESIAN_POINT('', (44.5, 37.5, 0.));
#854 = AXIS2_PLACEMENT_3D('', #853, #852, #851);
#855 = CIRCLE('', #854, 1.);
#856 = DIRECTION('', (0.70710678, -0., -0.70710678));
#857 = VECTOR('', #856, 1.);
#858 = CARTESIAN_POINT('', (44.5, 37.5, 1.));
#859 = LINE('', #858, #857);
#860 = DIRECTION('', (0., 0., -1.));
#861 = DIRECTION('', (1., -0., 0.));
#862 = CARTESIAN_POINT('', (33., 37.5, -0.));
#863 = AXIS2_PLACEMENT_3D('', #862, #861, #860);
#864 = CIRCLE('', #863, 0.5);
#865 = DIRECTION('', (0., 0., -1.));
#866 = DIRECTION('', (1., -0., 0.));
#867 = CARTESIAN_POINT('', (33.5, 37.5, -0.));
#868 = AXIS2_PLACEMENT_3D('', #867, #866, #865);
#869 = CIRCLE('', #868, 1.);
#870 = DIRECTION('', (0.70710678, -0., -0.70710678));
#871 = VECTOR('', #870, 1.);
#872 = CARTESIAN_POINT('', (33., 37.5, -0.5));
#873 = LINE('', #872, #871);
#874 = DIRECTION('', (0., 0., -1.));
#875 = DIRECTION('', (1., -0., 0.));
#876 = CARTESIAN_POINT('', (44.5, 37.5, -0.));
#877 = AXIS2_PLACEMENT_3D('', #876, #875, #874);
#878 = CIRCLE('', #877, 1.);
#879 = DIRECTION('', (1., -0., 0.));
#880 = VECTOR('', #879, 1.);
#881 = CARTESIAN_POINT('', (33.5, 37.5, -1.));
#882 = LINE('', #881, #880);
#883 = DIRECTION('', (0., 0., -1.));
#884 = DIRECTION('', (1., -0., 0.));
#885 = CARTESIAN_POINT('', (45., 37.5, -0.));
#886 = AXIS2_PLACEMENT_3D('', #885, #884, #883);
#887 = CIRCLE('', #886, 0.5);
#888 = DIRECTION('', (0.70710678, -0., 0.70710678));
#889 = VECTOR('', #888, 1.);
#890 = CARTESIAN_POINT('', (44.5, 37.5, -1.));
#891 = LINE('', #890, #889);
#892 = CARTESIAN_POINT('', (33., 37.5, 0.5));
#893 = CARTESIAN_POINT('', (33.00262604, 37.49737396, 0.50262604));
#894 = CARTESIAN_POINT('', (33.0065882, 37.49344284, 0.50655716));
#895 = CARTESIAN_POINT('', (33.0119132, 37.48821764, 0.51178236));
#896 = CARTESIAN_POINT('', (33.01593328, 37.48430097, 0.51569903));
#897 = CARTESIAN_POINT('', (33.01997651, 37.48038891, 0.51961109));
#898 = CARTESIAN_POINT('', (33.02404213, 37.47648146, 0.52351854));
#899 = CARTESIAN_POINT('', (33.02812973, 37.47257834, 0.52742166));
#900 = CARTESIAN_POINT('', (33.03223795, 37.46868016, 0.53131984));
#901 = CARTESIAN_POINT('', (33.03636284, 37.46479002, 0.53520998));
#902 = CARTESIAN_POINT('', (33.04049895, 37.46091231, 0.53908769));
#903 = CARTESIAN_POINT('', (33.04464354, 37.45704884, 0.54295116));
#904 = CARTESIAN_POINT('', (33.04879896, 37.45319671, 0.54680329));
#905 = CARTESIAN_POINT('', (33.05296958, 37.44935122, 0.55064878));
#906 = CARTESIAN_POINT('', (33.05715678, 37.44551056, 0.55448944));
#907 = CARTESIAN_POINT('', (33.06135767, 37.44167686, 0.55832314));
#908 = CARTESIAN_POINT('', (33.06556812, 37.43785332, 0.56214668));
#909 = CARTESIAN_POINT('', (33.06978628, 37.43404104, 0.56595896));
#910 = CARTESIAN_POINT('', (33.07401352, 37.43023824, 0.56976176));
#911 = CARTESIAN_POINT('', (33.07872468, 37.42601916, 0.57398084));
#912 = CARTESIAN_POINT('', (33.08392704, 37.42138394, 0.57861606));
#913 = CARTESIAN_POINT('', (33.08962677, 37.41633412, 0.58366588));
#914 = CARTESIAN_POINT('', (33.09487356, 37.41171081, 0.58828919));
#915 = CARTESIAN_POINT('', (33.09966109, 37.40751151, 0.59248849));
#916 = CARTESIAN_POINT('', (33.10398233, 37.40373572, 0.59626428));
#917 = CARTESIAN_POINT('', (33.10831154, 37.39996706, 0.60003294));
#918 = CARTESIAN_POINT('', (33.1126466, 37.39620699, 0.60379301));
#919 = CARTESIAN_POINT('', (33.11698819, 37.39245454, 0.60754546));
#920 = CARTESIAN_POINT('', (33.12133803, 37.38870789, 0.61129211));
#921 = CARTESIAN_POINT('', (33.12569648, 37.3849664, 0.6150336));
#922 = CARTESIAN_POINT('', (33.1300626, 37.38123056, 0.61876944));
#923 = CARTESIAN_POINT('', (33.13443549, 37.37750082, 0.62249918));
#924 = CARTESIAN_POINT('', (33.13881477, 37.37377724, 0.62622276));
#925 = CARTESIAN_POINT('', (33.1432002, 37.37005969, 0.62994031));
#926 = CARTESIAN_POINT('', (33.14759209, 37.36634765, 0.63365235));
#927 = CARTESIAN_POINT('', (33.15199163, 37.36263984, 0.63736016));
#928 = CARTESIAN_POINT('', (33.15689095, 37.35852244, 0.64147756));
#929 = CARTESIAN_POINT('', (33.16278613, 37.35358397, 0.64641603));
#930 = CARTESIAN_POINT('', (33.16968432, 37.3478283, 0.6521717));
#931 = CARTESIAN_POINT('', (33.17660282, 37.34208029, 0.65791971));
#932 = CARTESIAN_POINT('', (33.18254617, 37.33716068, 0.66283932));
#933 = CARTESIAN_POINT('', (33.18750503, 37.33306741, 0.66693259));
#934 = CARTESIAN_POINT('', (33.19197067, 37.32938987, 0.67061013));
#935 = CARTESIAN_POINT('', (33.19644072, 37.32571708, 0.67428292));
#936 = CARTESIAN_POINT('', (33.20141482, 37.32163924, 0.67836076));
#937 = CARTESIAN_POINT('', (33.20689554, 37.31715748, 0.68284252));
#938 = CARTESIAN_POINT('', (33.21288396, 37.31227438, 0.68772562));
#939 = CARTESIAN_POINT('', (33.21887972, 37.30739867, 0.69260133));
#940 = CARTESIAN_POINT('', (33.22538406, 37.30212345, 0.69787655));
#941 = CARTESIAN_POINT('', (33.23290285, 37.2960432, 0.7039568));
#942 = CARTESIAN_POINT('', (33.24144324, 37.28916049, 0.71083951));
#943 = CARTESIAN_POINT('', (33.25050507, 37.28188373, 0.71811627));
#944 = CARTESIAN_POINT('', (33.25958289, 37.27461922, 0.72538078));
#945 = CARTESIAN_POINT('', (33.26867601, 37.26736648, 0.73263352));
#946 = CARTESIAN_POINT('', (33.27778559, 37.26012367, 0.73987633));
#947 = CARTESIAN_POINT('', (33.28640533, 37.25329119, 0.74670881));
#948 = CARTESIAN_POINT('', (33.2940232, 37.24726909, 0.75273091));
#949 = CARTESIAN_POINT('', (33.30063259, 37.24205534, 0.75794466));
#950 = CARTESIAN_POINT('', (33.30673868, 37.2372475, 0.7627525));
#951 = CARTESIAN_POINT('', (33.31285006, 37.23244414, 0.76755586));
#952 = CARTESIAN_POINT('', (33.31845722, 37.22804482, 0.77195518));
#953 = CARTESIAN_POINT('', (33.32355898, 37.22404801, 0.77595199));
#954 = CARTESIAN_POINT('', (33.32866543, 37.22005258, 0.77994742));
#955 = CARTESIAN_POINT('', (33.33428797, 37.21565967, 0.78434033));
#956 = CARTESIAN_POINT('', (33.34042709, 37.21087089, 0.78912911));
#957 = CARTESIAN_POINT('', (33.34605836, 37.20648515, 0.79351485));
#958 = CARTESIAN_POINT('', (33.3511806, 37.20250118, 0.79749882));
#959 = CARTESIAN_POINT('', (33.35630652, 37.19851888, 0.80148112));
#960 = CARTESIAN_POINT('', (33.36246311, 37.19374202, 0.80625798));
#961 = CARTESIAN_POINT('', (33.37016644, 37.18777478, 0.81222522));
#962 = CARTESIAN_POINT('', (33.37890506, 37.18101862, 0.81898138));
#963 = CARTESIAN_POINT('', (33.3881669, 37.17387248, 0.82612752));
#964 = CARTESIAN_POINT('', (33.39743773, 37.16673344, 0.83326656));
#965 = CARTESIAN_POINT('', (33.4067188, 37.15960008, 0.84039992));
#966 = CARTESIAN_POINT('', (33.41601019, 37.15247188, 0.84752812));
#967 = CARTESIAN_POINT('', (33.42531122, 37.14534895, 0.85465105));
#968 = CARTESIAN_POINT('', (33.43462048, 37.13823196, 0.86176804));
#969 = CARTESIAN_POINT('', (33.44393727, 37.13112106, 0.86887894));
#970 = CARTESIAN_POINT('', (33.45326099, 37.12401632, 0.87598368));
#971 = CARTESIAN_POINT('', (33.46259181, 37.11691725, 0.88308275));
#972 = CARTESIAN_POINT('', (33.47193017, 37.10982319, 0.89017681));
#973 = CARTESIAN_POINT('', (33.48439461, 37.10036821, 0.89963179));
#974 = CARTESIAN_POINT('', (33.49375462, 37.09328323, 0.90671677));
#975 = CARTESIAN_POINT('', (33.5, 37.08856217, 0.91143783));
#976 = B_SPLINE_CURVE_WITH_KNOTS('', 3, (#892, #893, #894, #895, #896, #897, #898, #899, #900, #901, #902, #903, #904, #905, #906, #907, #908, #909, #910, #911, #912, #913, #914, #915, #916, #917, #918, #919, #920, #921, #922, #923, #924, #925, #926, #927, #928, #929, #930, #931, #932, #933, #934, #935, #936, #937, #938, #939, #940, #941, #942, #943, #944, #945, #946, #947, #948, #949, #950, #951, #952, #953, #954, #955, #956, #957, #958, #959, #960, #961, #962, #963, #964, #965, #966, #967, #968, #969, #970, #971, #972, #973, #974, #975), .UNSPECIFIED., .F., .F., (4, 1, 1, 1, 1, 1, 1, 1, 1, 1, 1, 1, 1, 1, 1, 1, 1, 1, 1, 1, 1, 1, 1, 1, 1, 1, 1, 1, 1, 1, 1, 1, 1, 1, 1, 1, 1, 1, 1, 1, 1, 1, 1, 1, 1, 1, 1, 1, 1, 1, 1, 1, 1, 1, 1, 1, 1, 1, 1, 1, 1, 1, 1, 1, 1, 1, 1, 1, 1, 1, 1, 1, 1, 1, 1, 1, 1, 1, 1, 1, 1, 4), (0., 0.01777451, 0.0266781, 0.03559359, 0.04452005, 0.05345629, 0.06240296, 0.07136121, 0.08032359, 0.08927368, 0.09820337, 0.10712294, 0.11604884, 0.12498543, 0.13392333, 0.14285154, 0.15176667, 0.16067409, 0.16958296, 0.18147552, 0.19337748, 0.20528952, 0.21423579, 0.22318703, 0.23213327, 0.24106857, 0.24999744, 0.25892719, 0.26785811, 0.27678636, 0.28571106, 0.29463291, 0.30355094, 0.31246538, 0.32138004, 0.33029938, 0.34220328, 0.35709556, 0.3719944, 0.38391736, 0.39285351, 0.4017812, 0.41070542, 0.41963286, 0.43154219, 0.44344983, 0.45535274, 0.46725011, 0.48212791, 0.49998953, 0.51785337, 0.5357121, 0.55356431, 0.57141905, 0.58927948, 0.60416513, 0.61607161, 0.62797501, 0.63987747, 0.65177933, 0.66070486, 0.66963274, 0.68154119, 0.69344872, 0.7053533, 0.71427862, 0.72320511, 0.73511255, 0.74999634, 0.76785663, 0.78571183, 0.80356585, 0.82142103, 0.83928022, 0.85714058, 0.87499985, 0.89285676, 0.91071241, 0.92856516, 0.94641799, 0.96427343, 1.), .UNSPECIFIED.);
#977 = DIRECTION('', (-1., -0., -0.));
#978 = VECTOR('', #977, 1.);
#979 = CARTESIAN_POINT('', (44.5, 37.08856217, 0.91143783));
#980 = LINE('', #979, #978);
#981 = CARTESIAN_POINT('', (45., 37.5, 0.5));
#982 = CARTESIAN_POINT('', (44.99739908, 37.49739909, 0.50260091));
#983 = CARTESIAN_POINT('', (44.99291333, 37.49294813, 0.50705187));
#984 = CARTESIAN_POINT('', (44.98650122, 37.48666496, 0.51333504));
#985 = CARTESIAN_POINT('', (44.98117693, 37.48149949, 0.51850051));
#986 = CARTESIAN_POINT('', (44.97658181, 37.47707953, 0.52292047));
#987 = CARTESIAN_POINT('', (44.97273098, 37.47339929, 0.52660071));
#988 = CARTESIAN_POINT('', (44.96924993, 37.47009031, 0.52990969));
#989 = CARTESIAN_POINT('', (44.96575695, 37.46678735, 0.53321265));
#990 = CARTESIAN_POINT('', (44.96186619, 37.46312696, 0.53687304));
#991 = CARTESIAN_POINT('', (44.95757444, 37.45911264, 0.54088736));
#992 = CARTESIAN_POINT('', (44.95287691, 37.45474675, 0.54525325));
#993 = CARTESIAN_POINT('', (44.94855569, 37.45075527, 0.54924473));
#994 = CARTESIAN_POINT('', (44.94461466, 37.4471339, 0.5528661));
#995 = CARTESIAN_POINT('', (44.94105759, 37.44387957, 0.55612043));
#996 = CARTESIAN_POINT('', (44.93749087, 37.44063024, 0.55936976));
#997 = CARTESIAN_POINT('', (44.93391532, 37.43738634, 0.56261366));
#998 = CARTESIAN_POINT('', (44.93033131, 37.43414789, 0.56585211));
#999 = CARTESIAN_POINT('', (44.92673922, 37.43091493, 0.56908507));
#1000 = CARTESIAN_POINT('', (44.92313994, 37.42768793, 0.57231207));
#1001 = CARTESIAN_POINT('', (44.91913405, 37.42410986, 0.57589014));
#1002 = CARTESIAN_POINT('', (44.91431577, 37.41982453, 0.58017547));
#1003 = CARTESIAN_POINT('', (44.90827168, 37.41447753, 0.58552247));
#1004 = CARTESIAN_POINT('', (44.90179594, 37.40878444, 0.59121556));
#1005 = CARTESIAN_POINT('', (44.89569808, 37.40345559, 0.59654441));
#1006 = CARTESIAN_POINT('', (44.89080136, 37.39919655, 0.60080345));
#1007 = CARTESIAN_POINT('', (44.88670883, 37.39564967, 0.60435033));
#1008 = CARTESIAN_POINT('', (44.88301821, 37.39246066, 0.60753934));
#1009 = CARTESIAN_POINT('', (44.87932319, 37.38927719, 0.61072281));
#1010 = CARTESIAN_POINT('', (44.87562504, 37.38610012, 0.61389988));
#1011 = CARTESIAN_POINT('', (44.87192304, 37.38292862, 0.61707138));
#1012 = CARTESIAN_POINT('', (44.86780399, 37.37940948, 0.62059052));
#1013 = CARTESIAN_POINT('', (44.8628527, 37.3751925, 0.6248075));
#1014 = CARTESIAN_POINT('', (44.85664984, 37.36993014, 0.63006986));
#1015 = CARTESIAN_POINT('', (44.84960026, 37.36397693, 0.63602307));
#1016 = CARTESIAN_POINT('', (44.84252828, 37.3580335, 0.6419665));
#1017 = CARTESIAN_POINT('', (44.83626987, 37.35279609, 0.64720391));
#1018 = CARTESIAN_POINT('', (44.83125175, 37.34861071, 0.65138929));
#1019 = CARTESIAN_POINT('', (44.82706423, 37.34512696, 0.65487304));
#1020 = CARTESIAN_POINT('', (44.82329223, 37.3419956, 0.6580044));
#1021 = CARTESIAN_POINT('', (44.81951633, 37.33886755, 0.66113245));
#1022 = CARTESIAN_POINT('', (44.81531578, 37.33539485, 0.66460515));
#1023 = CARTESIAN_POINT('', (44.81026847, 37.3312319, 0.6687681));
#1024 = CARTESIAN_POINT('', (44.80394925, 37.32603521, 0.67396479));
#1025 = CARTESIAN_POINT('', (44.79719563, 37.32050059, 0.67949941));
#1026 = CARTESIAN_POINT('', (44.79085127, 37.31531878, 0.68468122));
#1027 = CARTESIAN_POINT('', (44.78576743, 37.31117754, 0.68882246));
#1028 = CARTESIAN_POINT('', (44.78152636, 37.30772976, 0.69227024));
#1029 = CARTESIAN_POINT('', (44.77770713, 37.3046302, 0.6953698));
#1030 = CARTESIAN_POINT('', (44.77388528, 37.30153366, 0.69846634));
#1031 = CARTESIAN_POINT('', (44.77005961, 37.29843912, 0.70156088));
#1032 = CARTESIAN_POINT('', (44.7662293, 37.29534578, 0.70465422));
#1033 = CARTESIAN_POINT('', (44.7623941, 37.29225338, 0.70774662));
#1034 = CARTESIAN_POINT('', (44.75855427, 37.28916206, 0.71083794));
#1035 = CARTESIAN_POINT('', (44.75471075, 37.28607247, 0.71392753));
#1036 = CARTESIAN_POINT('', (44.75086486, 37.28298561, 0.71701439));
#1037 = CARTESIAN_POINT('', (44.74658962, 37.27955919, 0.72044081));
#1038 = CARTESIAN_POINT('', (44.74145492, 37.27545087, 0.72454913));
#1039 = CARTESIAN_POINT('', (44.7350284, 37.27031984, 0.72968016));
#1040 = CARTESIAN_POINT('', (44.72773431, 37.26451078, 0.73548922));
#1041 = CARTESIAN_POINT('', (44.7199999, 37.25836735, 0.74163265));
#1042 = CARTESIAN_POINT('', (44.71225465, 37.25223108, 0.74776892));
#1043 = CARTESIAN_POINT('', (44.7044984, 37.24610133, 0.75389867));
#1044 = CARTESIAN_POINT('', (44.6967319, 37.2399782, 0.7600218));
#1045 = CARTESIAN_POINT('', (44.68895553, 37.23386152, 0.76613848));
#1046 = CARTESIAN_POINT('', (44.68117057, 37.22775185, 0.77224815));
#1047 = CARTESIAN_POINT('', (44.67337688, 37.22164864, 0.77835136));
#1048 = CARTESIAN_POINT('', (44.66557412, 37.21555122, 0.78444878));
#1049 = CARTESIAN_POINT('', (44.65776119, 37.20945834, 0.79054166));
#1050 = CARTESIAN_POINT('', (44.6499385, 37.20336995, 0.79663005));
#1051 = CARTESIAN_POINT('', (44.64210705, 37.19728646, 0.80271354));
#1052 = CARTESIAN_POINT('', (44.63426824, 37.19120863, 0.80879137));
#1053 = CARTESIAN_POINT('', (44.62642197, 37.18513604, 0.81486396));
#1054 = CARTESIAN_POINT('', (44.61856911, 37.17906903, 0.82093097));
#1055 = CARTESIAN_POINT('', (44.61070983, 37.17300742, 0.82699258));
#1056 = CARTESIAN_POINT('', (44.6028447, 37.16695136, 0.83304864));
#1057 = CARTESIAN_POINT('', (44.59497232, 37.16089949, 0.83910051));
#1058 = CARTESIAN_POINT('', (44.58709164, 37.15485072, 0.84514928));
#1059 = CARTESIAN_POINT('', (44.57920246, 37.14880465, 0.85119535));
#1060 = CARTESIAN_POINT('', (44.57130622, 37.14276213, 0.85723787));
#1061 = CARTESIAN_POINT('', (44.56340457, 37.13672418, 0.86327582));
#1062 = CARTESIAN_POINT('', (44.55549806, 37.13069098, 0.86930902));
#1063 = CARTESIAN_POINT('', (44.54758647, 37.12466214, 0.87533786));
#1064 = CARTESIAN_POINT('', (44.53966941, 37.11863714, 0.88136286));
#1065 = CARTESIAN_POINT('', (44.53174678, 37.11261569, 0.88738431));
#1066 = CARTESIAN_POINT('', (44.5238184, 37.10659745, 0.89340255));
#1067 = CARTESIAN_POINT('', (44.51323965, 37.09857723, 0.90142277));
#1068 = CARTESIAN_POINT('', (44.50529779, 37.09256693, 0.90743307));
#1069 = CARTESIAN_POINT('', (44.5, 37.08856217, 0.91143783));
#1070 = B_SPLINE_CURVE_WITH_KNOTS('', 3, (#981, #982, #983, #984, #985, #986, #987, #988, #989, #990, #991, #992, #993, #994, #995, #996, #997, #998, #999, #1000, #1001, #1002, #1003, #1004, #1005, #1006, #1007, #1008, #1009, #1010, #1011, #1012, #1013, #1014, #1015, #1016, #1017, #1018, #1019, #1020, #1021, #1022, #1023, #1024, #1025, #1026, #1027, #1028, #1029, #1030, #1031, #1032, #1033, #1034, #1035, #1036, #1037, #1038, #1039, #1040, #1041, #1042, #1043, #1044, #1045, #1046, #1047, #1048, #1049, #1050, #1051, #1052, #1053, #1054, #1055, #1056, #1057, #1058, #1059, #1060, #1061, #1062, #1063, #1064, #1065, #1066, #1067, #1068, #1069), .UNSPECIFIED., .F., .F., (4, 1, 1, 1, 1, 1, 1, 1, 1, 1, 1, 1, 1, 1, 1, 1, 1, 1, 1, 1, 1, 1, 1, 1, 1, 1, 1, 1, 1, 1, 1, 1, 1, 1, 1, 1, 1, 1, 1, 1, 1, 1, 1, 1, 1, 1, 1, 1, 1, 1, 1, 1, 1, 1, 1, 1, 1, 1, 1, 1, 1, 1, 1, 1, 1, 1, 1, 1, 1, 1, 1, 1, 1, 1, 1, 1, 1, 1, 1, 1, 1, 1, 1, 1, 1, 1, 4), (0., 0.01760443, 0.03020513, 0.04282073, 0.05292906, 0.0605222, 0.06812136, 0.07572093, 0.08331526, 0.09342735, 0.10353209, 0.11363269, 0.1212078, 0.12878538, 0.1363634, 0.1439397, 0.15151484, 0.15908946, 0.16666137, 0.17422799, 0.18431006, 0.19691714, 0.21205766, 0.22468712, 0.23480035, 0.24239225, 0.24998547, 0.25757338, 0.26515252, 0.27272621, 0.28029989, 0.29039818, 0.30301659, 0.31815956, 0.3333093, 0.34594257, 0.35605312, 0.36363375, 0.37121034, 0.37878544, 0.386362, 0.39646471, 0.40908956, 0.4242385, 0.43686406, 0.44696798, 0.45454503, 0.46211756, 0.46968756, 0.4772588, 0.48483286, 0.49240974, 0.4999897, 0.50757121, 0.51515042, 0.5227252, 0.5328239, 0.54545108, 0.56060395, 0.57575567, 0.59090714, 0.60605872, 0.62121217, 0.63636313, 0.65151395, 0.66666105, 0.6818084, 0.69695917, 0.71211443, 0.72726901, 0.74242275, 0.75757429, 0.77272715, 0.78787549, 0.80302196, 0.81816768, 0.83331817, 0.84847396, 0.86363128, 0.87878604, 0.89393763, 0.90908861, 0.9242392, 0.93938979, 0.95454121, 0.96969409, 1.), .UNSPECIFIED.);
#1071 = CARTESIAN_POINT('', (33., 37.5, -0.5));
#1072 = CARTESIAN_POINT('', (33.00260092, 37.49739909, -0.50260091));
#1073 = CARTESIAN_POINT('', (33.00708668, 37.49294813, -0.50705187));
#1074 = CARTESIAN_POINT('', (33.01387778, 37.48629357, -0.51370643));
#1075 = CARTESIAN_POINT('', (33.02035168, 37.48001906, -0.51998094));
#1076 = CARTESIAN_POINT('', (33.02688254, 37.47376074, -0.52623926));
#1077 = CARTESIAN_POINT('', (33.03268793, 37.4682522, -0.5317478));
#1078 = CARTESIAN_POINT('', (33.03735536, 37.4638575, -0.5361425));
#1079 = CARTESIAN_POINT('', (33.04125521, 37.46020675, -0.53979325));
#1080 = CARTESIAN_POINT('', (33.04477063, 37.45693171, -0.54306829));
#1081 = CARTESIAN_POINT('', (33.0482948, 37.45366392, -0.54633608));
#1082 = CARTESIAN_POINT('', (33.05183065, 37.45040028, -0.54959972));
#1083 = CARTESIAN_POINT('', (33.05537923, 37.44713951, -0.55286049));
#1084 = CARTESIAN_POINT('', (33.05893915, 37.44388254, -0.55611746));
#1085 = CARTESIAN_POINT('', (33.06250808, 37.44063119, -0.55936881));
#1086 = CARTESIAN_POINT('', (33.06608465, 37.43738637, -0.56261363));
#1087 = CARTESIAN_POINT('', (33.06966883, 37.43414776, -0.56585224));
#1088 = CARTESIAN_POINT('', (33.07326099, 37.43091474, -0.56908526));
#1089 = CARTESIAN_POINT('', (33.07686087, 37.42768721, -0.57231279));
#1090 = CARTESIAN_POINT('', (33.08086857, 37.42410752, -0.57589248));
#1091 = CARTESIAN_POINT('', (33.08569017, 37.41981925, -0.58018075));
#1092 = CARTESIAN_POINT('', (33.09133514, 37.41482537, -0.58517463));
#1093 = CARTESIAN_POINT('', (33.0970029, 37.40983984, -0.59016016));
#1094 = CARTESIAN_POINT('', (33.10228462, 37.40521677, -0.59478323));
#1095 = CARTESIAN_POINT('', (33.1075814, 37.40060025, -0.59939975));
#1096 = CARTESIAN_POINT('', (33.11370887, 37.3952845, -0.60471549));
#1097 = CARTESIAN_POINT('', (33.12067407, 37.38927501, -0.61072499));
#1098 = CARTESIAN_POINT('', (33.1280725, 37.3829281, -0.6170719));
#1099 = CARTESIAN_POINT('', (33.13508116, 37.37694838, -0.62305162));
#1100 = CARTESIAN_POINT('', (33.14128137, 37.37168376, -0.62831624));
#1101 = CARTESIAN_POINT('', (33.14666598, 37.367129, -0.632871));
#1102 = CARTESIAN_POINT('', (33.15206209, 37.36257944, -0.63742055));
#1103 = CARTESIAN_POINT('', (33.15788819, 37.35768498, -0.64231502));
#1104 = CARTESIAN_POINT('', (33.16373003, 37.35279617, -0.64720383));
#1105 = CARTESIAN_POINT('', (33.16874824, 37.34861072, -0.65138928));
#1106 = CARTESIAN_POINT('', (33.17293594, 37.34512682, -0.65487318));
#1107 = CARTESIAN_POINT('', (33.17670815, 37.34199528, -0.65800472));
#1108 = CARTESIAN_POINT('', (33.18048393, 37.33886733, -0.66113267));
#1109 = CARTESIAN_POINT('', (33.18426354, 37.33574263, -0.66425737));
#1110 = CARTESIAN_POINT('', (33.18804667, 37.33262132, -0.66737868));
#1111 = CARTESIAN_POINT('', (33.19183312, 37.32950342, -0.67049658));
#1112 = CARTESIAN_POINT('', (33.19562353, 37.32638829, -0.67361171));
#1113 = CARTESIAN_POINT('', (33.19941895, 37.32327496, -0.67672504));
#1114 = CARTESIAN_POINT('', (33.20322, 37.32016282, -0.67983718));
#1115 = CARTESIAN_POINT('', (33.20702673, 37.31705173, -0.68294827));
#1116 = CARTESIAN_POINT('', (33.21083866, 37.31394198, -0.68605802));
#1117 = CARTESIAN_POINT('', (33.2146546, 37.31083444, -0.68916556));
#1118 = CARTESIAN_POINT('', (33.21847292, 37.30773035, -0.69226965));
#1119 = CARTESIAN_POINT('', (33.22229272, 37.30463032, -0.69536968));
#1120 = CARTESIAN_POINT('', (33.2261147, 37.30153368, -0.69846632));
#1121 = CARTESIAN_POINT('', (33.23036586, 37.29809496, -0.70190504));
#1122 = CARTESIAN_POINT('', (33.23504888, 37.29431399, -0.70568601));
#1123 = CARTESIAN_POINT('', (33.24016552, 37.29019157, -0.70980843));
#1124 = CARTESIAN_POINT('', (33.24486209, 37.28641533, -0.71358467));
#1125 = CARTESIAN_POINT('', (33.24913561, 37.28298524, -0.71701476));
#1126 = CARTESIAN_POINT('', (33.25341162, 37.27955819, -0.72044181));
#1127 = CARTESIAN_POINT('', (33.25854673, 37.27544956, -0.72455044));
#1128 = CARTESIAN_POINT('', (33.26497272, 37.27031895, -0.72968105));
#1129 = CARTESIAN_POINT('', (33.27226537, 37.26451103, -0.73548897));
#1130 = CARTESIAN_POINT('', (33.27999873, 37.25836844, -0.74163156));
#1131 = CARTESIAN_POINT('', (33.28731376, 37.25257302, -0.74742698));
#1132 = CARTESIAN_POINT('', (33.29377721, 37.24746391, -0.75253609));
#1133 = CARTESIAN_POINT('', (33.29938449, 37.24303958, -0.75696042));
#1134 = CARTESIAN_POINT('', (33.30499616, 37.23861876, -0.76138124));
#1135 = CARTESIAN_POINT('', (33.31147706, 37.23352202, -0.76647798));
#1136 = CARTESIAN_POINT('', (33.31883023, 37.22775122, -0.77224878));
#1137 = CARTESIAN_POINT('', (33.32662533, 37.22164691, -0.77835309));
#1138 = CARTESIAN_POINT('', (33.33442896, 37.21554881, -0.78445119));
#1139 = CARTESIAN_POINT('', (33.34224103, 37.20945662, -0.79054338));
#1140 = CARTESIAN_POINT('', (33.35006101, 37.20337032, -0.79662968));
#1141 = CARTESIAN_POINT('', (33.35789028, 37.19728854, -0.80271146));
#1142 = CARTESIAN_POINT('', (33.36572884, 37.19121089, -0.80878911));
#1143 = CARTESIAN_POINT('', (33.37357637, 37.18513732, -0.81486268));
#1144 = CARTESIAN_POINT('', (33.38143053, 37.1790693, -0.8209307));
#1145 = CARTESIAN_POINT('', (33.38929073, 37.17300699, -0.82699301));
#1146 = CARTESIAN_POINT('', (33.39715688, 37.16695015, -0.83304985));
#1147 = CARTESIAN_POINT('', (33.40503058, 37.16089725, -0.83910275));
#1148 = CARTESIAN_POINT('', (33.41291212, 37.15484783, -0.84515217));
#1149 = CARTESIAN_POINT('', (33.42080119, 37.14880185, -0.85119815));
#1150 = CARTESIAN_POINT('', (33.4286961, 37.14276036, -0.85723964));
#1151 = CARTESIAN_POINT('', (33.43659635, 37.13672348, -0.86327652));
#1152 = CARTESIAN_POINT('', (33.44450196, 37.13069097, -0.86930903));
#1153 = CARTESIAN_POINT('', (33.45241339, 37.12466225, -0.87533775));
#1154 = CARTESIAN_POINT('', (33.46033051, 37.1186372, -0.8813628));
#1155 = CARTESIAN_POINT('', (33.4682532, 37.11261571, -0.88738429));
#1156 = CARTESIAN_POINT('', (33.47618159, 37.10659746, -0.89340254));
#1157 = CARTESIAN_POINT('', (33.48676034, 37.09857723, -0.90142277));
#1158 = CARTESIAN_POINT('', (33.49470221, 37.09256693, -0.90743307));
#1159 = CARTESIAN_POINT('', (33.5, 37.08856217, -0.91143783));
#1160 = B_SPLINE_CURVE_WITH_KNOTS('', 3, (#1071, #1072, #1073, #1074, #1075, #1076, #1077, #1078, #1079, #1080, #1081, #1082, #1083, #1084, #1085, #1086, #1087, #1088, #1089, #1090, #1091, #1092, #1093, #1094, #1095, #1096, #1097, #1098, #1099, #1100, #1101, #1102, #1103, #1104, #1105, #1106, #1107, #1108, #1109, #1110, #1111, #1112, #1113, #1114, #1115, #1116, #1117, #1118, #1119, #1120, #1121, #1122, #1123, #1124, #1125, #1126, #1127, #1128, #1129, #1130, #1131, #1132, #1133, #1134, #1135, #1136, #1137, #1138, #1139, #1140, #1141, #1142, #1143, #1144, #1145, #1146, #1147, #1148, #1149, #1150, #1151, #1152, #1153, #1154, #1155, #1156, #1157, #1158, #1159), .UNSPECIFIED., .F., .F., (4, 1, 1, 1, 1, 1, 1, 1, 1, 1, 1, 1, 1, 1, 1, 1, 1, 1, 1, 1, 1, 1, 1, 1, 1, 1, 1, 1, 1, 1, 1, 1, 1, 1, 1, 1, 1, 1, 1, 1, 1, 1, 1, 1, 1, 1, 1, 1, 1, 1, 1, 1, 1, 1, 1, 1, 1, 1, 1, 1, 1, 1, 1, 1, 1, 1, 1, 1, 1, 1, 1, 1, 1, 1, 1, 1, 1, 1, 1, 1, 1, 1, 1, 1, 1, 1, 4), (0., 0.01760444, 0.03020514, 0.04535176, 0.06052822, 0.07318849, 0.08331806, 0.0909018, 0.09847334, 0.10604065, 0.11361321, 0.12119421, 0.12877928, 0.13636224, 0.14394028, 0.15151516, 0.15908942, 0.16666239, 0.17423207, 0.18432139, 0.19693899, 0.20956349, 0.21967252, 0.22978388, 0.24241729, 0.25757242, 0.27272413, 0.28787312, 0.30049375, 0.31058672, 0.32068163, 0.33330903, 0.34594231, 0.35605299, 0.36363402, 0.37121121, 0.37878654, 0.38636159, 0.39393481, 0.40150489, 0.40907405, 0.41664575, 0.42422108, 0.43179964, 0.43938145, 0.44696451, 0.4545441, 0.46211761, 0.46968756, 0.47725861, 0.48735928, 0.49746403, 0.50757107, 0.51515101, 0.5227275, 0.53282833, 0.54545398, 0.56060318, 0.57575165, 0.59090389, 0.60353304, 0.6136359, 0.62373685, 0.63636305, 0.65151482, 0.66666494, 0.68181648, 0.69696514, 0.71211323, 0.7272614, 0.74241601, 0.75757172, 0.77272681, 0.78787633, 0.80302467, 0.81817323, 0.83332666, 0.84848164, 0.86363612, 0.87878683, 0.89393727, 0.90908825, 0.92423908, 0.93938978, 0.95454119, 0.96969409, 1.), .UNSPECIFIED.);
#1161 = DIRECTION('', (-1., -0., 0.));
#1162 = VECTOR('', #1161, 1.);
#1163 = CARTESIAN_POINT('', (44.5, 37.08856217, -0.91143783));
#1164 = LINE('', #1163, #1162);
#1165 = CARTESIAN_POINT('', (45., 37.5, -0.5));
#1166 = CARTESIAN_POINT('', (44.99693863, 37.49693864, -0.50306136));
#1167 = CARTESIAN_POINT('', (44.99209535, 37.49213953, -0.50786047));
#1168 = CARTESIAN_POINT('', (44.98542774, 37.48562039, -0.51437961));
#1169 = CARTESIAN_POINT('', (44.9804989, 37.48084594, -0.51915406));
#1170 = CARTESIAN_POINT('', (44.97598851, 37.47651082, -0.52348918));
#1171 = CARTESIAN_POINT('', (44.97190591, 37.47261227, -0.52738773));
#1172 = CARTESIAN_POINT('', (44.96780231, 37.46871826, -0.53128174));
#1173 = CARTESIAN_POINT('', (44.96367784, 37.46482827, -0.53517173));
#1174 = CARTESIAN_POINT('', (44.95953345, 37.46094257, -0.53905743));
#1175 = CARTESIAN_POINT('', (44.95537285, 37.45706404, -0.54293596));
#1176 = CARTESIAN_POINT('', (44.95120166, 37.45319725, -0.54680275));
#1177 = CARTESIAN_POINT('', (44.94702316, 37.44934454, -0.55065546));
#1178 = CARTESIAN_POINT('', (44.94283626, 37.4455042, -0.5544958));
#1179 = CARTESIAN_POINT('', (44.93863886, 37.44167372, -0.55832628));
#1180 = CARTESIAN_POINT('', (44.93443146, 37.43785295, -0.56214705));
#1181 = CARTESIAN_POINT('', (44.93021586, 37.43404298, -0.56595702));
#1182 = CARTESIAN_POINT('', (44.9259917, 37.43024293, -0.56975707));
#1183 = CARTESIAN_POINT('', (44.9217563, 37.42644988, -0.57355012));
#1184 = CARTESIAN_POINT('', (44.91750714, 37.42266115, -0.57733885));
#1185 = CARTESIAN_POINT('', (44.91276848, 37.41845392, -0.58154608));
#1186 = CARTESIAN_POINT('', (44.90753559, 37.41383032, -0.58616968));
#1187 = CARTESIAN_POINT('', (44.90180365, 37.40879275, -0.59120725));
#1188 = CARTESIAN_POINT('', (44.89652859, 37.40418055, -0.59581945));
#1189 = CARTESIAN_POINT('', (44.89171633, 37.39999127, -0.60000873));
#1190 = CARTESIAN_POINT('', (44.88737312, 37.39622405, -0.60377595));
#1191 = CARTESIAN_POINT('', (44.88302162, 37.392463, -0.607537));
#1192 = CARTESIAN_POINT('', (44.87818157, 37.3882941, -0.6117059));
#1193 = CARTESIAN_POINT('', (44.87285035, 37.38372009, -0.61627991));
#1194 = CARTESIAN_POINT('', (44.86702369, 37.37874257, -0.62125743));
#1195 = CARTESIAN_POINT('', (44.86167204, 37.3741899, -0.6258101));
#1196 = CARTESIAN_POINT('', (44.85679912, 37.37005912, -0.62994088));
#1197 = CARTESIAN_POINT('', (44.85240764, 37.36634743, -0.63365257));
#1198 = CARTESIAN_POINT('', (44.84800857, 37.36264001, -0.63735999));
#1199 = CARTESIAN_POINT('', (44.84310977, 37.35852305, -0.64147695));
#1200 = CARTESIAN_POINT('', (44.83721522, 37.35358509, -0.64641491));
#1201 = CARTESIAN_POINT('', (44.83031751, 37.34782982, -0.65217018));
#1202 = CARTESIAN_POINT('', (44.82339886, 37.34208169, -0.65791831));
#1203 = CARTESIAN_POINT('', (44.81745413, 37.33716093, -0.66283907));
#1204 = CARTESIAN_POINT('', (44.81249277, 37.3330656, -0.6669344));
#1205 = CARTESIAN_POINT('', (44.80752841, 37.32897736, -0.67102264));
#1206 = CARTESIAN_POINT('', (44.80206209, 37.32448771, -0.67551229));
#1207 = CARTESIAN_POINT('', (44.79608975, 37.3195969, -0.6804031));
#1208 = CARTESIAN_POINT('', (44.7906061, 37.31511913, -0.68488087));
#1209 = CARTESIAN_POINT('', (44.78561457, 37.31105312, -0.68894688));
#1210 = CARTESIAN_POINT('', (44.78061843, 37.30699165, -0.69300835));
#1211 = CARTESIAN_POINT('', (44.77461505, 37.30212273, -0.69787727));
#1212 = CARTESIAN_POINT('', (44.76759793, 37.29644817, -0.70355183));
#1213 = CARTESIAN_POINT('', (44.76056607, 37.29077942, -0.70922058));
#1214 = CARTESIAN_POINT('', (44.7545284, 37.28592532, -0.71407468));
#1215 = CARTESIAN_POINT('', (44.7494916, 37.2818842, -0.7181158));
#1216 = CARTESIAN_POINT('', (44.74445142, 37.27784732, -0.72215268));
#1217 = CARTESIAN_POINT('', (44.73839664, 37.27300736, -0.72699264));
#1218 = CARTESIAN_POINT('', (44.73132199, 37.26736606, -0.73263393));
#1219 = CARTESIAN_POINT('', (44.72423611, 37.26173076, -0.73826924));
#1220 = CARTESIAN_POINT('', (44.71815481, 37.25690552, -0.74309448));
#1221 = CARTESIAN_POINT('', (44.71308242, 37.25288782, -0.74711218));
#1222 = CARTESIAN_POINT('', (44.70851371, 37.24927439, -0.75072561));
#1223 = CARTESIAN_POINT('', (44.70394143, 37.24566332, -0.75433668));
#1224 = CARTESIAN_POINT('', (44.69936592, 37.24205482, -0.75794518));
#1225 = CARTESIAN_POINT('', (44.69478732, 37.23844886, -0.76155114));
#1226 = CARTESIAN_POINT('', (44.69020575, 37.23484547, -0.76515453));
#1227 = CARTESIAN_POINT('', (44.6856216, 37.23124485, -0.76875515));
#1228 = CARTESIAN_POINT('', (44.68052513, 37.22724706, -0.77275294));
#1229 = CARTESIAN_POINT('', (44.67440369, 37.22245244, -0.77754756));
#1230 = CARTESIAN_POINT('', (44.66674152, 37.21646231, -0.78353769));
#1231 = CARTESIAN_POINT('', (44.65804437, 37.20967818, -0.79032182));
#1232 = CARTESIAN_POINT('', (44.64882213, 37.20250128, -0.79749872));
#1233 = CARTESIAN_POINT('', (44.63958883, 37.19533201, -0.80466799));
#1234 = CARTESIAN_POINT('', (44.63034586, 37.18817086, -0.81182914));
#1235 = CARTESIAN_POINT('', (44.62109418, 37.18101803, -0.81898197));
#1236 = CARTESIAN_POINT('', (44.61183378, 37.17387301, -0.82612699));
#1237 = CARTESIAN_POINT('', (44.60256486, 37.16673544, -0.83326456));
#1238 = CARTESIAN_POINT('', (44.593286, 37.15960376, -0.84039624));
#1239 = CARTESIAN_POINT('', (44.58399579, 37.15247646, -0.84752354));
#1240 = CARTESIAN_POINT('', (44.57469408, 37.145353, -0.854647));
#1241 = CARTESIAN_POINT('', (44.56538259, 37.1382343, -0.8617657));
#1242 = CARTESIAN_POINT('', (44.55606381, 37.13112188, -0.86887812));
#1243 = CARTESIAN_POINT('', (44.54673903, 37.12401633, -0.87598367));
#1244 = CARTESIAN_POINT('', (44.53740805, 37.11691715, -0.88308285));
#1245 = CARTESIAN_POINT('', (44.52806973, 37.10982311, -0.89017689));
#1246 = CARTESIAN_POINT('', (44.51560534, 37.10036817, -0.89963183));
#1247 = CARTESIAN_POINT('', (44.50624536, 37.09328321, -0.90671678));
#1248 = CARTESIAN_POINT('', (44.5, 37.08856217, -0.91143783));
#1249 = B_SPLINE_CURVE_WITH_KNOTS('', 3, (#1165, #1166, #1167, #1168, #1169, #1170, #1171, #1172, #1173, #1174, #1175, #1176, #1177, #1178, #1179, #1180, #1181, #1182, #1183, #1184, #1185, #1186, #1187, #1188, #1189, #1190, #1191, #1192, #1193, #1194, #1195, #1196, #1197, #1198, #1199, #1200, #1201, #1202, #1203, #1204, #1205, #1206, #1207, #1208, #1209, #1210, #1211, #1212, #1213, #1214, #1215, #1216, #1217, #1218, #1219, #1220, #1221, #1222, #1223, #1224, #1225, #1226, #1227, #1228, #1229, #1230, #1231, #1232, #1233, #1234, #1235, #1236, #1237, #1238, #1239, #1240, #1241, #1242, #1243, #1244, #1245, #1246, #1247, #1248), .UNSPECIFIED., .F., .F., (4, 1, 1, 1, 1, 1, 1, 1, 1, 1, 1, 1, 1, 1, 1, 1, 1, 1, 1, 1, 1, 1, 1, 1, 1, 1, 1, 1, 1, 1, 1, 1, 1, 1, 1, 1, 1, 1, 1, 1, 1, 1, 1, 1, 1, 1, 1, 1, 1, 1, 1, 1, 1, 1, 1, 1, 1, 1, 1, 1, 1, 1, 1, 1, 1, 1, 1, 1, 1, 1, 1, 1, 1, 1, 1, 1, 1, 1, 1, 1, 1, 4), (0., 0.020721, 0.03258281, 0.04446246, 0.05338915, 0.06232599, 0.07127165, 0.0802272, 0.08919506, 0.09816855, 0.10713067, 0.11607198, 0.12500104, 0.13392894, 0.14285227, 0.15176289, 0.16066348, 0.16956429, 0.17847175, 0.18738693, 0.19928858, 0.2111993, 0.22311935, 0.23207041, 0.24102653, 0.24998051, 0.25892564, 0.27083524, 0.28273762, 0.29463497, 0.30355239, 0.31246594, 0.32137961, 0.33029799, 0.34220064, 0.35709141, 0.37199008, 0.38391563, 0.39285771, 0.40179185, 0.41369533, 0.4255984, 0.43750285, 0.44643056, 0.4553545, 0.46725183, 0.48212966, 0.497013, 0.50892415, 0.51785544, 0.52678205, 0.53868434, 0.55356687, 0.56845113, 0.58035784, 0.58928627, 0.5982156, 0.60714488, 0.61607283, 0.62500003, 0.63392692, 0.64285207, 0.65177463, 0.66367236, 0.67855022, 0.69641159, 0.71427679, 0.73214102, 0.75000031, 0.76785782, 0.78571102, 0.8035615, 0.82141122, 0.83926667, 0.85712941, 0.87499403, 0.8928561, 0.91071273, 0.92856541, 0.94641818, 0.96427356, 1.), .UNSPECIFIED.);
#1250 = DIRECTION('', (0., -0., 1.));
#1251 = VECTOR('', #1250, 1.);
#1252 = CARTESIAN_POINT('', (33., 37.5, -0.5));
#1253 = LINE('', #1252, #1251);
#1254 = DIRECTION('', (0., -0., -1.));
#1255 = VECTOR('', #1254, 1.);
#1256 = CARTESIAN_POINT('', (45., 37.5, 0.5));
#1257 = LINE('', #1256, #1255);
#1258 = DIRECTION('', (0., -0., 1.));
#1259 = VECTOR('', #1258, 1.);
#1260 = CARTESIAN_POINT('', (33., 37.5, -0.));
#1261 = LINE('', #1260, #1259);
#1262 = DIRECTION('', (0., -0., -1.));
#1263 = VECTOR('', #1262, 1.);
#1264 = CARTESIAN_POINT('', (45., 37.5, -0.));
#1265 = LINE('', #1264, #1263);
#1266 = DIRECTION('', (-1., -0., 0.));
#1267 = VECTOR('', #1266, 1.);
#1268 = CARTESIAN_POINT('', (33., 37.5, 0.5));
#1269 = LINE('', #1268, #1267);
#1270 = DIRECTION('', (-1., -0., 0.));
#1271 = VECTOR('', #1270, 1.);
#1272 = CARTESIAN_POINT('', (33., 37.5, -0.5));
#1273 = LINE('', #1272, #1271);
#1274 = DIRECTION('', (0., -0.41143783, -0.91143783));
#1275 = DIRECTION('', (1., 0., 0.));
#1276 = CARTESIAN_POINT('', (33.5, 37.5, -0.));
#1277 = AXIS2_PLACEMENT_3D('', #1276, #1275, #1274);
#1278 = CIRCLE('', #1277, 1.);
#1279 = DIRECTION('', (0., -0.41143783, -0.91143783));
#1280 = DIRECTION('', (1., 0., 0.));
#1281 = CARTESIAN_POINT('', (44.5, 37.5, 0.));
#1282 = AXIS2_PLACEMENT_3D('', #1281, #1280, #1279);
#1283 = CIRCLE('', #1282, 1.);
#1284 = EDGE_CURVE('', #6, #8, #140, .T.);
#1285 = EDGE_CURVE('', #8, #8, #145, .T.);
#1286 = EDGE_CURVE('', #8, #10, #149, .T.);
#1287 = EDGE_CURVE('', #10, #10, #154, .T.);
#1288 = EDGE_CURVE('', #10, #12, #158, .T.);
#1289 = EDGE_CURVE('', #12, #12, #163, .T.);
#1290 = EDGE_CURVE('', #12, #14, #167, .T.);
#1291 = EDGE_CURVE('', #14, #14, #172, .T.);
#1292 = EDGE_CURVE('', #14, #16, #176, .T.);
#1293 = EDGE_CURVE('', #20, #46, #180, .T.);
#1294 = EDGE_CURVE('', #20, #18, #184, .T.);
#1295 = EDGE_CURVE('', #22, #72, #188, .T.);
#1296 = EDGE_CURVE('', #22, #24, #192, .T.);
#1297 = EDGE_CURVE('', #24, #60, #196, .T.);
#1298 = EDGE_CURVE('', #22, #18, #200, .T.);
#1299 = EDGE_CURVE('', #24, #20, #204, .T.);
#1300 = EDGE_CURVE('', #28, #26, #208, .T.);
#1301 = EDGE_CURVE('', #30, #78, #212, .T.);
#1302 = EDGE_CURVE('', #30, #32, #216, .T.);
#1303 = EDGE_CURVE('', #32, #28, #220, .T.);
#1304 = EDGE_CURVE('', #30, #26, #224, .T.);
#1305 = EDGE_CURVE('', #34, #36, #228, .T.);
#1306 = EDGE_CURVE('', #34, #38, #232, .T.);
#1307 = EDGE_CURVE('', #40, #38, #236, .T.);
#1308 = EDGE_CURVE('', #36, #42, #240, .T.);
#1309 = EDGE_CURVE('', #42, #44, #244, .T.);
#1310 = EDGE_CURVE('', #40, #44, #248, .T.);
#1311 = EDGE_CURVE('', #38, #18, #252, .T.);
#1312 = EDGE_CURVE('', #42, #26, #256, .T.);
#1313 = EDGE_CURVE('', #36, #126, #260, .T.);
#1314 = EDGE_CURVE('', #34, #118, #264, .T.);
#1315 = EDGE_CURVE('', #46, #48, #268, .T.);
#1316 = EDGE_CURVE('', #50, #46, #272, .T.);
#1317 = EDGE_CURVE('', #52, #54, #276, .T.);
#1318 = EDGE_CURVE('', #56, #50, #280, .T.);
#1319 = EDGE_CURVE('', #54, #56, #284, .T.);
#1320 = EDGE_CURVE('', #52, #48, #288, .T.);
#1321 = EDGE_CURVE('', #54, #28, #292, .T.);
#1322 = EDGE_CURVE('', #52, #44, #296, .T.);
#1323 = EDGE_CURVE('', #48, #40, #300, .T.);
#1324 = EDGE_CURVE('', #60, #58, #304, .T.);
#1325 = EDGE_CURVE('', #62, #60, #308, .T.);
#1326 = EDGE_CURVE('', #64, #66, #312, .T.);
#1327 = EDGE_CURVE('', #66, #68, #316, .T.);
#1328 = EDGE_CURVE('', #68, #62, #320, .T.);
#1329 = EDGE_CURVE('', #64, #58, #324, .T.);
#1330 = EDGE_CURVE('', #64, #56, #328, .T.);
#1331 = EDGE_CURVE('', #66, #32, #332, .T.);
#1332 = EDGE_CURVE('', #58, #50, #336, .T.);
#1333 = EDGE_CURVE('', #72, #70, #340, .T.);
#1334 = EDGE_CURVE('', #72, #74, #344, .T.);
#1335 = EDGE_CURVE('', #78, #76, #348, .T.);
#1336 = EDGE_CURVE('', #80, #78, #352, .T.);
#1337 = EDGE_CURVE('', #76, #70, #356, .T.);
#1338 = EDGE_CURVE('', #80, #74, #360, .T.);
#1339 = EDGE_CURVE('', #74, #62, #364, .T.);
#1340 = EDGE_CURVE('', #80, #68, #368, .T.);
#1341 = EDGE_CURVE('', #84, #86, #372, .T.);
#1342 = EDGE_CURVE('', #86, #100, #377, .T.);
#1343 = EDGE_CURVE('', #86, #88, #381, .T.);
#1344 = EDGE_CURVE('', #88, #102, #386, .T.);
#1345 = EDGE_CURVE('', #88, #90, #390, .T.);
#1346 = EDGE_CURVE('', #92, #84, #395, .T.);
#1347 = EDGE_CURVE('', #94, #86, #400, .T.);
#1348 = EDGE_CURVE('', #92, #94, #404, .T.);
#1349 = EDGE_CURVE('', #96, #88, #409, .T.);
#1350 = EDGE_CURVE('', #94, #96, #413, .T.);
#1351 = EDGE_CURVE('', #98, #90, #418, .T.);
#1352 = EDGE_CURVE('', #96, #98, #422, .T.);
#1353 = EDGE_CURVE('', #84, #100, #510, .T.);
#1354 = EDGE_CURVE('', #102, #100, #514, .T.);
#1355 = EDGE_CURVE('', #90, #102, #611, .T.);
#1356 = EDGE_CURVE('', #92, #104, #700, .T.);
#1357 = EDGE_CURVE('', #106, #104, #704, .T.);
#1358 = EDGE_CURVE('', #98, #106, #803, .T.);
#1359 = EDGE_CURVE('', #92, #82, #807, .T.);
#1360 = EDGE_CURVE('', #90, #108, #811, .T.);
#1361 = EDGE_CURVE('', #82, #84, #815, .T.);
#1362 = EDGE_CURVE('', #108, #98, #819, .T.);
#1363 = EDGE_CURVE('', #84, #70, #823, .T.);
#1364 = EDGE_CURVE('', #92, #76, #827, .T.);
#1365 = EDGE_CURVE('', #104, #94, #832, .T.);
#1366 = EDGE_CURVE('', #106, #96, #837, .T.);
#1367 = EDGE_CURVE('', #112, #114, #841, .T.);
#1368 = EDGE_CURVE('', #114, #128, #846, .T.);
#1369 = EDGE_CURVE('', #114, #116, #850, .T.);
#1370 = EDGE_CURVE('', #116, #130, #855, .T.);
#1371 = EDGE_CURVE('', #116, #118, #859, .T.);
#1372 = EDGE_CURVE('', #120, #112, #864, .T.);
#1373 = EDGE_CURVE('', #122, #114, #869, .T.);
#1374 = EDGE_CURVE('', #120, #122, #873, .T.);
#1375 = EDGE_CURVE('', #124, #116, #878, .T.);
#1376 = EDGE_CURVE('', #122, #124, #882, .T.);
#1377 = EDGE_CURVE('', #126, #118, #887, .T.);
#1378 = EDGE_CURVE('', #124, #126, #891, .T.);
#1379 = EDGE_CURVE('', #112, #128, #976, .T.);
#1380 = EDGE_CURVE('', #130, #128, #980, .T.);
#1381 = EDGE_CURVE('', #118, #130, #1070, .T.);
#1382 = EDGE_CURVE('', #120, #132, #1160, .T.);
#1383 = EDGE_CURVE('', #134, #132, #1164, .T.);
#1384 = EDGE_CURVE('', #126, #134, #1249, .T.);
#1385 = EDGE_CURVE('', #120, #110, #1253, .T.);
#1386 = EDGE_CURVE('', #118, #136, #1257, .T.);
#1387 = EDGE_CURVE('', #110, #112, #1261, .T.);
#1388 = EDGE_CURVE('', #136, #126, #1265, .T.);
#1389 = EDGE_CURVE('', #112, #90, #1269, .T.);
#1390 = EDGE_CURVE('', #120, #98, #1273, .T.);
#1391 = EDGE_CURVE('', #132, #122, #1278, .T.);
#1392 = EDGE_CURVE('', #134, #124, #1283, .T.);
#1393 = CARTESIAN_POINT('', (-6., 0., 0.));
#1394 = DIRECTION('', (1., 0., 0.));
#1395 = AXIS2_PLACEMENT_3D('', #1393, #1394, $);
#1396 = PLANE('', #1395);
#1397 = CARTESIAN_POINT('', (-6., 0., 0.));
#1398 = DIRECTION('', (1., -0., -0.));
#1399 = DIRECTION('', (0., 0., 1.));
#1400 = AXIS2_PLACEMENT_3D('', #1397, #1398, #1399);
#1401 = CONICAL_SURFACE('', #1400, 0.5, 0.78539816);
#1402 = CARTESIAN_POINT('', (-5.5, 0., 0.));
#1403 = DIRECTION('', (1., -0., -0.));
#1404 = DIRECTION('', (0., 0., 1.));
#1405 = AXIS2_PLACEMENT_3D('', #1402, #1403, #1404);
#1406 = CYLINDRICAL_SURFACE('', #1405, 1.);
#1407 = CARTESIAN_POINT('', (6., 0., 0.));
#1408 = DIRECTION('', (-1., -0., 0.));
#1409 = DIRECTION('', (0., 0., 1.));
#1410 = AXIS2_PLACEMENT_3D('', #1407, #1408, #1409);
#1411 = CONICAL_SURFACE('', #1410, 0.5, 0.78539816);
#1412 = CARTESIAN_POINT('', (6., 0., 0.5));
#1413 = DIRECTION('', (1., 0., 0.));
#1414 = AXIS2_PLACEMENT_3D('', #1412, #1413, $);
#1415 = PLANE('', #1414);
#1416 = CARTESIAN_POINT('', (0., 37.02144661, 0.97855339));
#1417 = DIRECTION('', (-0., 0.70710678, 0.70710678));
#1418 = AXIS2_PLACEMENT_3D('', #1416, #1417, $);
#1419 = PLANE('', #1418);
#1420 = CARTESIAN_POINT('', (0., 0., 1.));
#1421 = DIRECTION('', (0., -0., 1.));
#1422 = AXIS2_PLACEMENT_3D('', #1420, #1421, $);
#1423 = PLANE('', #1422);
#1424 = CARTESIAN_POINT('', (54.75, -0.25, 0.75));
#1425 = DIRECTION('', (-0.70710678, 0., -0.70710678));
#1426 = AXIS2_PLACEMENT_3D('', #1424, #1425, $);
#1427 = PLANE('', #1426);
#1428 = CARTESIAN_POINT('', (-0.25, -37.25, 0.75));
#1429 = DIRECTION('', (0., 0.70710678, -0.70710678));
#1430 = AXIS2_PLACEMENT_3D('', #1428, #1429, $);
#1431 = PLANE('', #1430);
#1432 = CARTESIAN_POINT('', (-54.75, 0., 0.75));
#1433 = DIRECTION('', (0.70710678, -0., -0.70710678));
#1434 = AXIS2_PLACEMENT_3D('', #1432, #1433, $);
#1435 = PLANE('', #1434);
#1436 = CARTESIAN_POINT('', (0., 37.02144661, -0.97855339));
#1437 = DIRECTION('', (0., -0.70710678, 0.70710678));
#1438 = AXIS2_PLACEMENT_3D('', #1436, #1437, $);
#1439 = PLANE('', #1438);
#1440 = CARTESIAN_POINT('', (0., 0., -1.));
#1441 = DIRECTION('', (0., -0., 1.));
#1442 = AXIS2_PLACEMENT_3D('', #1440, #1441, $);
#1443 = PLANE('', #1442);
#1444 = CARTESIAN_POINT('', (54.75, -0.25, -0.75));
#1445 = DIRECTION('', (-0.70710678, 0., 0.70710678));
#1446 = AXIS2_PLACEMENT_3D('', #1444, #1445, $);
#1447 = PLANE('', #1446);
#1448 = CARTESIAN_POINT('', (-0.25, -37.25, -0.75));
#1449 = DIRECTION('', (-0., 0.70710678, 0.70710678));
#1450 = AXIS2_PLACEMENT_3D('', #1448, #1449, $);
#1451 = PLANE('', #1450);
#1452 = CARTESIAN_POINT('', (-54.75, 0., -0.75));
#1453 = DIRECTION('', (0.70710678, 0., 0.70710678));
#1454 = AXIS2_PLACEMENT_3D('', #1452, #1453, $);
#1455 = PLANE('', #1454);
#1456 = CARTESIAN_POINT('', (54.75, 37.25, 0.));
#1457 = DIRECTION('', (-0.70710678, -0.70710678, -0.));
#1458 = AXIS2_PLACEMENT_3D('', #1456, #1457, $);
#1459 = PLANE('', #1458);
#1460 = CARTESIAN_POINT('', (55., 0., 0.));
#1461 = DIRECTION('', (1., -0., 0.));
#1462 = AXIS2_PLACEMENT_3D('', #1460, #1461, $);
#1463 = PLANE('', #1462);
#1464 = CARTESIAN_POINT('', (0., 37.5, 0.));
#1465 = DIRECTION('', (0., 1., -0.));
#1466 = AXIS2_PLACEMENT_3D('', #1464, #1465, $);
#1467 = PLANE('', #1466);
#1468 = CARTESIAN_POINT('', (54.75, -37.25, -0.));
#1469 = DIRECTION('', (-0.70710678, 0.70710678, 0.));
#1470 = AXIS2_PLACEMENT_3D('', #1468, #1469, $);
#1471 = PLANE('', #1470);
#1472 = CARTESIAN_POINT('', (0., -37.5, 0.));
#1473 = DIRECTION('', (0., -1., 0.));
#1474 = AXIS2_PLACEMENT_3D('', #1472, #1473, $);
#1475 = PLANE('', #1474);
#1476 = CARTESIAN_POINT('', (-54.75, -37.25, -0.));
#1477 = DIRECTION('', (0.70710678, 0.70710678, -0.));
#1478 = AXIS2_PLACEMENT_3D('', #1476, #1477, $);
#1479 = PLANE('', #1478);
#1480 = CARTESIAN_POINT('', (-55., 0., 0.));
#1481 = DIRECTION('', (-1., -0., 0.));
#1482 = AXIS2_PLACEMENT_3D('', #1480, #1481, $);
#1483 = PLANE('', #1482);
#1484 = CARTESIAN_POINT('', (-54.75, 37.25, -0.));
#1485 = DIRECTION('', (0.70710678, -0.70710678, 0.));
#1486 = AXIS2_PLACEMENT_3D('', #1484, #1485, $);
#1487 = PLANE('', #1486);
#1488 = CARTESIAN_POINT('', (-45., 37.75, 0.25));
#1489 = DIRECTION('', (-1., 0., 0.));
#1490 = AXIS2_PLACEMENT_3D('', #1488, #1489, $);
#1491 = PLANE('', #1490);
#1492 = CARTESIAN_POINT('', (-45., 37.5, 0.));
#1493 = DIRECTION('', (1., -0., -0.));
#1494 = DIRECTION('', (0., 0., 1.));
#1495 = AXIS2_PLACEMENT_3D('', #1492, #1493, #1494);
#1496 = CONICAL_SURFACE('', #1495, 0.5, 0.78539816);
#1497 = CARTESIAN_POINT('', (-44.5, 37.5, 0.));
#1498 = DIRECTION('', (1., -0., -0.));
#1499 = DIRECTION('', (0., 0., 1.));
#1500 = AXIS2_PLACEMENT_3D('', #1497, #1498, #1499);
#1501 = CYLINDRICAL_SURFACE('', #1500, 1.);
#1502 = CARTESIAN_POINT('', (-33., 37.5, 0.));
#1503 = DIRECTION('', (-1., -0., 0.));
#1504 = DIRECTION('', (0., 0., 1.));
#1505 = AXIS2_PLACEMENT_3D('', #1502, #1503, #1504);
#1506 = CONICAL_SURFACE('', #1505, 0.5, 0.78539816);
#1507 = CARTESIAN_POINT('', (-33., 37.75, 0.5));
#1508 = DIRECTION('', (1., -0., 0.));
#1509 = AXIS2_PLACEMENT_3D('', #1507, #1508, $);
#1510 = PLANE('', #1509);
#1511 = CARTESIAN_POINT('', (33., 37.75, 0.25));
#1512 = DIRECTION('', (-1., 0., 0.));
#1513 = AXIS2_PLACEMENT_3D('', #1511, #1512, $);
#1514 = PLANE('', #1513);
#1515 = CARTESIAN_POINT('', (33., 37.5, 0.));
#1516 = DIRECTION('', (1., -0., -0.));
#1517 = DIRECTION('', (0., 0., 1.));
#1518 = AXIS2_PLACEMENT_3D('', #1515, #1516, #1517);
#1519 = CONICAL_SURFACE('', #1518, 0.5, 0.78539816);
#1520 = CARTESIAN_POINT('', (33.5, 37.5, 0.));
#1521 = DIRECTION('', (1., -0., -0.));
#1522 = DIRECTION('', (0., 0., 1.));
#1523 = AXIS2_PLACEMENT_3D('', #1520, #1521, #1522);
#1524 = CYLINDRICAL_SURFACE('', #1523, 1.);
#1525 = CARTESIAN_POINT('', (45., 37.5, 0.));
#1526 = DIRECTION('', (-1., -0., 0.));
#1527 = DIRECTION('', (0., 0., 1.));
#1528 = AXIS2_PLACEMENT_3D('', #1525, #1526, #1527);
#1529 = CONICAL_SURFACE('', #1528, 0.5, 0.78539816);
#1530 = CARTESIAN_POINT('', (45., 37.75, 0.5));
#1531 = DIRECTION('', (1., -0., 0.));
#1532 = AXIS2_PLACEMENT_3D('', #1530, #1531, $);
#1533 = PLANE('', #1532);
#1534 = ORIENTED_EDGE('', *, *, #1285, .F.);
#1535 = EDGE_LOOP('', (#1534));
#1536 = FACE_BOUND('', #1535, .T.);
#1537 = ADVANCED_FACE('', (#1536), #1396, .F.);
#1538 = ORIENTED_EDGE('', *, *, #1285, .T.);
#1539 = ORIENTED_EDGE('', *, *, #1287, .F.);
#1540 = EDGE_LOOP('', (#1538));
#1541 = FACE_BOUND('', #1540, .T.);
#1542 = EDGE_LOOP('', (#1539));
#1543 = FACE_BOUND('', #1542, .T.);
#1544 = ADVANCED_FACE('', (#1541, #1543), #1401, .T.);
#1545 = ORIENTED_EDGE('', *, *, #1287, .T.);
#1546 = ORIENTED_EDGE('', *, *, #1289, .F.);
#1547 = EDGE_LOOP('', (#1545));
#1548 = FACE_BOUND('', #1547, .T.);
#1549 = EDGE_LOOP('', (#1546));
#1550 = FACE_BOUND('', #1549, .T.);
#1551 = ADVANCED_FACE('', (#1548, #1550), #1406, .T.);
#1552 = ORIENTED_EDGE('', *, *, #1289, .T.);
#1553 = ORIENTED_EDGE('', *, *, #1291, .F.);
#1554 = EDGE_LOOP('', (#1552));
#1555 = FACE_BOUND('', #1554, .T.);
#1556 = EDGE_LOOP('', (#1553));
#1557 = FACE_BOUND('', #1556, .T.);
#1558 = ADVANCED_FACE('', (#1555, #1557), #1411, .T.);
#1559 = ORIENTED_EDGE('', *, *, #1291, .T.);
#1560 = EDGE_LOOP('', (#1559));
#1561 = FACE_BOUND('', #1560, .T.);
#1562 = ADVANCED_FACE('', (#1561), #1415, .T.);
#1563 = ORIENTED_EDGE('', *, *, #1314, .T.);
#1564 = ORIENTED_EDGE('', *, *, #1381, .T.);
#1565 = ORIENTED_EDGE('', *, *, #1380, .T.);
#1566 = ORIENTED_EDGE('', *, *, #1379, .F.);
#1567 = ORIENTED_EDGE('', *, *, #1389, .T.);
#1568 = ORIENTED_EDGE('', *, *, #1355, .T.);
#1569 = ORIENTED_EDGE('', *, *, #1354, .T.);
#1570 = ORIENTED_EDGE('', *, *, #1353, .F.);
#1571 = ORIENTED_EDGE('', *, *, #1363, .T.);
#1572 = ORIENTED_EDGE('', *, *, #1333, .F.);
#1573 = ORIENTED_EDGE('', *, *, #1295, .F.);
#1574 = ORIENTED_EDGE('', *, *, #1298, .T.);
#1575 = ORIENTED_EDGE('', *, *, #1311, .F.);
#1576 = ORIENTED_EDGE('', *, *, #1306, .F.);
#1577 = EDGE_LOOP('', (#1563, #1564, #1565, #1566, #1567, #1568, #1569, #1570, #1571, #1572, #1573, #1574, #1575, #1576));
#1578 = FACE_BOUND('', #1577, .T.);
#1579 = ADVANCED_FACE('', (#1578), #1419, .T.);
#1580 = ORIENTED_EDGE('', *, *, #1298, .F.);
#1581 = ORIENTED_EDGE('', *, *, #1296, .T.);
#1582 = ORIENTED_EDGE('', *, *, #1299, .T.);
#1583 = ORIENTED_EDGE('', *, *, #1294, .T.);
#1584 = EDGE_LOOP('', (#1580, #1581, #1582, #1583));
#1585 = FACE_BOUND('', #1584, .T.);
#1586 = ADVANCED_FACE('', (#1585), #1423, .T.);
#1587 = ORIENTED_EDGE('', *, *, #1293, .T.);
#1588 = ORIENTED_EDGE('', *, *, #1315, .T.);
#1589 = ORIENTED_EDGE('', *, *, #1323, .T.);
#1590 = ORIENTED_EDGE('', *, *, #1307, .T.);
#1591 = ORIENTED_EDGE('', *, *, #1311, .T.);
#1592 = ORIENTED_EDGE('', *, *, #1294, .F.);
#1593 = EDGE_LOOP('', (#1587, #1588, #1589, #1590, #1591, #1592));
#1594 = FACE_BOUND('', #1593, .T.);
#1595 = ADVANCED_FACE('', (#1594), #1427, .F.);
#1596 = ORIENTED_EDGE('', *, *, #1297, .T.);
#1597 = ORIENTED_EDGE('', *, *, #1324, .T.);
#1598 = ORIENTED_EDGE('', *, *, #1332, .T.);
#1599 = ORIENTED_EDGE('', *, *, #1316, .T.);
#1600 = ORIENTED_EDGE('', *, *, #1293, .F.);
#1601 = ORIENTED_EDGE('', *, *, #1299, .F.);
#1602 = EDGE_LOOP('', (#1596, #1597, #1598, #1599, #1600, #1601));
#1603 = FACE_BOUND('', #1602, .T.);
#1604 = ADVANCED_FACE('', (#1603), #1431, .F.);
#1605 = ORIENTED_EDGE('', *, *, #1295, .T.);
#1606 = ORIENTED_EDGE('', *, *, #1334, .T.);
#1607 = ORIENTED_EDGE('', *, *, #1339, .T.);
#1608 = ORIENTED_EDGE('', *, *, #1325, .T.);
#1609 = ORIENTED_EDGE('', *, *, #1297, .F.);
#1610 = ORIENTED_EDGE('', *, *, #1296, .F.);
#1611 = EDGE_LOOP('', (#1605, #1606, #1607, #1608, #1609, #1610));
#1612 = FACE_BOUND('', #1611, .T.);
#1613 = ADVANCED_FACE('', (#1612), #1435, .F.);
#1614 = ORIENTED_EDGE('', *, *, #1308, .T.);
#1615 = ORIENTED_EDGE('', *, *, #1312, .T.);
#1616 = ORIENTED_EDGE('', *, *, #1304, .F.);
#1617 = ORIENTED_EDGE('', *, *, #1301, .T.);
#1618 = ORIENTED_EDGE('', *, *, #1335, .T.);
#1619 = ORIENTED_EDGE('', *, *, #1364, .F.);
#1620 = ORIENTED_EDGE('', *, *, #1356, .T.);
#1621 = ORIENTED_EDGE('', *, *, #1357, .F.);
#1622 = ORIENTED_EDGE('', *, *, #1358, .F.);
#1623 = ORIENTED_EDGE('', *, *, #1390, .F.);
#1624 = ORIENTED_EDGE('', *, *, #1382, .T.);
#1625 = ORIENTED_EDGE('', *, *, #1383, .F.);
#1626 = ORIENTED_EDGE('', *, *, #1384, .F.);
#1627 = ORIENTED_EDGE('', *, *, #1313, .F.);
#1628 = EDGE_LOOP('', (#1614, #1615, #1616, #1617, #1618, #1619, #1620, #1621, #1622, #1623, #1624, #1625, #1626, #1627));
#1629 = FACE_BOUND('', #1628, .T.);
#1630 = ADVANCED_FACE('', (#1629), #1439, .F.);
#1631 = ORIENTED_EDGE('', *, *, #1300, .F.);
#1632 = ORIENTED_EDGE('', *, *, #1303, .F.);
#1633 = ORIENTED_EDGE('', *, *, #1302, .F.);
#1634 = ORIENTED_EDGE('', *, *, #1304, .T.);
#1635 = EDGE_LOOP('', (#1631, #1632, #1633, #1634));
#1636 = FACE_BOUND('', #1635, .T.);
#1637 = ADVANCED_FACE('', (#1636), #1443, .F.);
#1638 = ORIENTED_EDGE('', *, *, #1317, .T.);
#1639 = ORIENTED_EDGE('', *, *, #1321, .T.);
#1640 = ORIENTED_EDGE('', *, *, #1300, .T.);
#1641 = ORIENTED_EDGE('', *, *, #1312, .F.);
#1642 = ORIENTED_EDGE('', *, *, #1309, .T.);
#1643 = ORIENTED_EDGE('', *, *, #1322, .F.);
#1644 = EDGE_LOOP('', (#1638, #1639, #1640, #1641, #1642, #1643));
#1645 = FACE_BOUND('', #1644, .T.);
#1646 = ADVANCED_FACE('', (#1645), #1447, .F.);
#1647 = ORIENTED_EDGE('', *, *, #1326, .T.);
#1648 = ORIENTED_EDGE('', *, *, #1331, .T.);
#1649 = ORIENTED_EDGE('', *, *, #1303, .T.);
#1650 = ORIENTED_EDGE('', *, *, #1321, .F.);
#1651 = ORIENTED_EDGE('', *, *, #1319, .T.);
#1652 = ORIENTED_EDGE('', *, *, #1330, .F.);
#1653 = EDGE_LOOP('', (#1647, #1648, #1649, #1650, #1651, #1652));
#1654 = FACE_BOUND('', #1653, .T.);
#1655 = ADVANCED_FACE('', (#1654), #1451, .F.);
#1656 = ORIENTED_EDGE('', *, *, #1336, .T.);
#1657 = ORIENTED_EDGE('', *, *, #1301, .F.);
#1658 = ORIENTED_EDGE('', *, *, #1302, .T.);
#1659 = ORIENTED_EDGE('', *, *, #1331, .F.);
#1660 = ORIENTED_EDGE('', *, *, #1327, .T.);
#1661 = ORIENTED_EDGE('', *, *, #1340, .F.);
#1662 = EDGE_LOOP('', (#1656, #1657, #1658, #1659, #1660, #1661));
#1663 = FACE_BOUND('', #1662, .T.);
#1664 = ADVANCED_FACE('', (#1663), #1455, .F.);
#1665 = ORIENTED_EDGE('', *, *, #1306, .T.);
#1666 = ORIENTED_EDGE('', *, *, #1307, .F.);
#1667 = ORIENTED_EDGE('', *, *, #1310, .T.);
#1668 = ORIENTED_EDGE('', *, *, #1309, .F.);
#1669 = ORIENTED_EDGE('', *, *, #1308, .F.);
#1670 = ORIENTED_EDGE('', *, *, #1305, .F.);
#1671 = EDGE_LOOP('', (#1665, #1666, #1667, #1668, #1669, #1670));
#1672 = FACE_BOUND('', #1671, .T.);
#1673 = ADVANCED_FACE('', (#1672), #1459, .F.);
#1674 = ORIENTED_EDGE('', *, *, #1323, .F.);
#1675 = ORIENTED_EDGE('', *, *, #1320, .F.);
#1676 = ORIENTED_EDGE('', *, *, #1322, .T.);
#1677 = ORIENTED_EDGE('', *, *, #1310, .F.);
#1678 = EDGE_LOOP('', (#1674, #1675, #1676, #1677));
#1679 = FACE_BOUND('', #1678, .T.);
#1680 = ADVANCED_FACE('', (#1679), #1463, .T.);
#1681 = ORIENTED_EDGE('', *, *, #1319, .F.);
#1682 = ORIENTED_EDGE('', *, *, #1317, .F.);
#1683 = ORIENTED_EDGE('', *, *, #1320, .T.);
#1684 = ORIENTED_EDGE('', *, *, #1315, .F.);
#1685 = ORIENTED_EDGE('', *, *, #1316, .F.);
#1686 = ORIENTED_EDGE('', *, *, #1318, .F.);
#1687 = EDGE_LOOP('', (#1681, #1682, #1683, #1684, #1685, #1686));
#1688 = FACE_BOUND('', #1687, .T.);
#1689 = ADVANCED_FACE('', (#1688), #1471, .F.);
#1690 = ORIENTED_EDGE('', *, *, #1332, .F.);
#1691 = ORIENTED_EDGE('', *, *, #1329, .F.);
#1692 = ORIENTED_EDGE('', *, *, #1330, .T.);
#1693 = ORIENTED_EDGE('', *, *, #1318, .T.);
#1694 = EDGE_LOOP('', (#1690, #1691, #1692, #1693));
#1695 = FACE_BOUND('', #1694, .T.);
#1696 = ADVANCED_FACE('', (#1695), #1475, .T.);
#1697 = ORIENTED_EDGE('', *, *, #1327, .F.);
#1698 = ORIENTED_EDGE('', *, *, #1326, .F.);
#1699 = ORIENTED_EDGE('', *, *, #1329, .T.);
#1700 = ORIENTED_EDGE('', *, *, #1324, .F.);
#1701 = ORIENTED_EDGE('', *, *, #1325, .F.);
#1702 = ORIENTED_EDGE('', *, *, #1328, .F.);
#1703 = EDGE_LOOP('', (#1697, #1698, #1699, #1700, #1701, #1702));
#1704 = FACE_BOUND('', #1703, .T.);
#1705 = ADVANCED_FACE('', (#1704), #1479, .F.);
#1706 = ORIENTED_EDGE('', *, *, #1339, .F.);
#1707 = ORIENTED_EDGE('', *, *, #1338, .F.);
#1708 = ORIENTED_EDGE('', *, *, #1340, .T.);
#1709 = ORIENTED_EDGE('', *, *, #1328, .T.);
#1710 = EDGE_LOOP('', (#1706, #1707, #1708, #1709));
#1711 = FACE_BOUND('', #1710, .T.);
#1712 = ADVANCED_FACE('', (#1711), #1483, .T.);
#1713 = ORIENTED_EDGE('', *, *, #1335, .F.);
#1714 = ORIENTED_EDGE('', *, *, #1336, .F.);
#1715 = ORIENTED_EDGE('', *, *, #1338, .T.);
#1716 = ORIENTED_EDGE('', *, *, #1334, .F.);
#1717 = ORIENTED_EDGE('', *, *, #1333, .T.);
#1718 = ORIENTED_EDGE('', *, *, #1337, .F.);
#1719 = EDGE_LOOP('', (#1713, #1714, #1715, #1716, #1717, #1718));
#1720 = FACE_BOUND('', #1719, .T.);
#1721 = ADVANCED_FACE('', (#1720), #1487, .F.);
#1722 = ORIENTED_EDGE('', *, *, #1350, .T.);
#1723 = ORIENTED_EDGE('', *, *, #1366, .F.);
#1724 = ORIENTED_EDGE('', *, *, #1357, .T.);
#1725 = ORIENTED_EDGE('', *, *, #1365, .T.);
#1726 = EDGE_LOOP('', (#1722, #1723, #1724, #1725));
#1727 = FACE_BOUND('', #1726, .T.);
#1728 = ADVANCED_FACE('', (#1727), #1501, .T.);
#1729 = ORIENTED_EDGE('', *, *, #1348, .F.);
#1730 = ORIENTED_EDGE('', *, *, #1346, .T.);
#1731 = ORIENTED_EDGE('', *, *, #1341, .T.);
#1732 = ORIENTED_EDGE('', *, *, #1347, .F.);
#1733 = EDGE_LOOP('', (#1729, #1730, #1731, #1732));
#1734 = FACE_BOUND('', #1733, .T.);
#1735 = ADVANCED_FACE('', (#1734), #1496, .T.);
#1736 = ORIENTED_EDGE('', *, *, #1350, .F.);
#1737 = ORIENTED_EDGE('', *, *, #1347, .T.);
#1738 = ORIENTED_EDGE('', *, *, #1343, .T.);
#1739 = ORIENTED_EDGE('', *, *, #1349, .F.);
#1740 = EDGE_LOOP('', (#1736, #1737, #1738, #1739));
#1741 = FACE_BOUND('', #1740, .T.);
#1742 = ADVANCED_FACE('', (#1741), #1501, .T.);
#1743 = ORIENTED_EDGE('', *, *, #1352, .F.);
#1744 = ORIENTED_EDGE('', *, *, #1349, .T.);
#1745 = ORIENTED_EDGE('', *, *, #1345, .T.);
#1746 = ORIENTED_EDGE('', *, *, #1351, .F.);
#1747 = EDGE_LOOP('', (#1743, #1744, #1745, #1746));
#1748 = FACE_BOUND('', #1747, .T.);
#1749 = ADVANCED_FACE('', (#1748), #1506, .T.);
#1750 = ORIENTED_EDGE('', *, *, #1351, .T.);
#1751 = ORIENTED_EDGE('', *, *, #1360, .T.);
#1752 = ORIENTED_EDGE('', *, *, #1362, .T.);
#1753 = EDGE_LOOP('', (#1750, #1751, #1752));
#1754 = FACE_BOUND('', #1753, .T.);
#1755 = ADVANCED_FACE('', (#1754), #1510, .T.);
#1756 = ORIENTED_EDGE('', *, *, #1364, .T.);
#1757 = ORIENTED_EDGE('', *, *, #1337, .T.);
#1758 = ORIENTED_EDGE('', *, *, #1363, .F.);
#1759 = ORIENTED_EDGE('', *, *, #1361, .F.);
#1760 = ORIENTED_EDGE('', *, *, #1359, .F.);
#1761 = EDGE_LOOP('', (#1756, #1757, #1758, #1759, #1760));
#1762 = FACE_BOUND('', #1761, .T.);
#1763 = ADVANCED_FACE('', (#1762), #1467, .T.);
#1764 = ORIENTED_EDGE('', *, *, #1346, .F.);
#1765 = ORIENTED_EDGE('', *, *, #1359, .T.);
#1766 = ORIENTED_EDGE('', *, *, #1361, .T.);
#1767 = EDGE_LOOP('', (#1764, #1765, #1766));
#1768 = FACE_BOUND('', #1767, .T.);
#1769 = ADVANCED_FACE('', (#1768), #1491, .T.);
#1770 = ORIENTED_EDGE('', *, *, #1352, .T.);
#1771 = ORIENTED_EDGE('', *, *, #1358, .T.);
#1772 = ORIENTED_EDGE('', *, *, #1366, .T.);
#1773 = EDGE_LOOP('', (#1770, #1771, #1772));
#1774 = FACE_BOUND('', #1773, .T.);
#1775 = ADVANCED_FACE('', (#1774), #1506, .T.);
#1776 = ORIENTED_EDGE('', *, *, #1345, .F.);
#1777 = ORIENTED_EDGE('', *, *, #1344, .T.);
#1778 = ORIENTED_EDGE('', *, *, #1355, .F.);
#1779 = EDGE_LOOP('', (#1776, #1777, #1778));
#1780 = FACE_BOUND('', #1779, .T.);
#1781 = ADVANCED_FACE('', (#1780), #1506, .T.);
#1782 = ORIENTED_EDGE('', *, *, #1344, .F.);
#1783 = ORIENTED_EDGE('', *, *, #1343, .F.);
#1784 = ORIENTED_EDGE('', *, *, #1342, .T.);
#1785 = ORIENTED_EDGE('', *, *, #1354, .F.);
#1786 = EDGE_LOOP('', (#1782, #1783, #1784, #1785));
#1787 = FACE_BOUND('', #1786, .T.);
#1788 = ADVANCED_FACE('', (#1787), #1501, .T.);
#1789 = ORIENTED_EDGE('', *, *, #1348, .T.);
#1790 = ORIENTED_EDGE('', *, *, #1365, .F.);
#1791 = ORIENTED_EDGE('', *, *, #1356, .F.);
#1792 = EDGE_LOOP('', (#1789, #1790, #1791));
#1793 = FACE_BOUND('', #1792, .T.);
#1794 = ADVANCED_FACE('', (#1793), #1496, .T.);
#1795 = ORIENTED_EDGE('', *, *, #1342, .F.);
#1796 = ORIENTED_EDGE('', *, *, #1341, .F.);
#1797 = ORIENTED_EDGE('', *, *, #1353, .T.);
#1798 = EDGE_LOOP('', (#1795, #1796, #1797));
#1799 = FACE_BOUND('', #1798, .T.);
#1800 = ADVANCED_FACE('', (#1799), #1496, .T.);
#1801 = ORIENTED_EDGE('', *, *, #1376, .T.);
#1802 = ORIENTED_EDGE('', *, *, #1392, .F.);
#1803 = ORIENTED_EDGE('', *, *, #1383, .T.);
#1804 = ORIENTED_EDGE('', *, *, #1391, .T.);
#1805 = EDGE_LOOP('', (#1801, #1802, #1803, #1804));
#1806 = FACE_BOUND('', #1805, .T.);
#1807 = ADVANCED_FACE('', (#1806), #1524, .T.);
#1808 = ORIENTED_EDGE('', *, *, #1374, .F.);
#1809 = ORIENTED_EDGE('', *, *, #1372, .T.);
#1810 = ORIENTED_EDGE('', *, *, #1367, .T.);
#1811 = ORIENTED_EDGE('', *, *, #1373, .F.);
#1812 = EDGE_LOOP('', (#1808, #1809, #1810, #1811));
#1813 = FACE_BOUND('', #1812, .T.);
#1814 = ADVANCED_FACE('', (#1813), #1519, .T.);
#1815 = ORIENTED_EDGE('', *, *, #1376, .F.);
#1816 = ORIENTED_EDGE('', *, *, #1373, .T.);
#1817 = ORIENTED_EDGE('', *, *, #1369, .T.);
#1818 = ORIENTED_EDGE('', *, *, #1375, .F.);
#1819 = EDGE_LOOP('', (#1815, #1816, #1817, #1818));
#1820 = FACE_BOUND('', #1819, .T.);
#1821 = ADVANCED_FACE('', (#1820), #1524, .T.);
#1822 = ORIENTED_EDGE('', *, *, #1378, .F.);
#1823 = ORIENTED_EDGE('', *, *, #1375, .T.);
#1824 = ORIENTED_EDGE('', *, *, #1371, .T.);
#1825 = ORIENTED_EDGE('', *, *, #1377, .F.);
#1826 = EDGE_LOOP('', (#1822, #1823, #1824, #1825));
#1827 = FACE_BOUND('', #1826, .T.);
#1828 = ADVANCED_FACE('', (#1827), #1529, .T.);
#1829 = ORIENTED_EDGE('', *, *, #1377, .T.);
#1830 = ORIENTED_EDGE('', *, *, #1386, .T.);
#1831 = ORIENTED_EDGE('', *, *, #1388, .T.);
#1832 = EDGE_LOOP('', (#1829, #1830, #1831));
#1833 = FACE_BOUND('', #1832, .T.);
#1834 = ADVANCED_FACE('', (#1833), #1533, .T.);
#1835 = ORIENTED_EDGE('', *, *, #1372, .F.);
#1836 = ORIENTED_EDGE('', *, *, #1385, .T.);
#1837 = ORIENTED_EDGE('', *, *, #1387, .T.);
#1838 = EDGE_LOOP('', (#1835, #1836, #1837));
#1839 = FACE_BOUND('', #1838, .T.);
#1840 = ADVANCED_FACE('', (#1839), #1514, .T.);
#1841 = ORIENTED_EDGE('', *, *, #1390, .T.);
#1842 = ORIENTED_EDGE('', *, *, #1362, .F.);
#1843 = ORIENTED_EDGE('', *, *, #1360, .F.);
#1844 = ORIENTED_EDGE('', *, *, #1389, .F.);
#1845 = ORIENTED_EDGE('', *, *, #1387, .F.);
#1846 = ORIENTED_EDGE('', *, *, #1385, .F.);
#1847 = EDGE_LOOP('', (#1841, #1842, #1843, #1844, #1845, #1846));
#1848 = FACE_BOUND('', #1847, .T.);
#1849 = ADVANCED_FACE('', (#1848), #1467, .T.);
#1850 = ORIENTED_EDGE('', *, *, #1313, .T.);
#1851 = ORIENTED_EDGE('', *, *, #1388, .F.);
#1852 = ORIENTED_EDGE('', *, *, #1386, .F.);
#1853 = ORIENTED_EDGE('', *, *, #1314, .F.);
#1854 = ORIENTED_EDGE('', *, *, #1305, .T.);
#1855 = EDGE_LOOP('', (#1850, #1851, #1852, #1853, #1854));
#1856 = FACE_BOUND('', #1855, .T.);
#1857 = ADVANCED_FACE('', (#1856), #1467, .T.);
#1858 = ORIENTED_EDGE('', *, *, #1378, .T.);
#1859 = ORIENTED_EDGE('', *, *, #1384, .T.);
#1860 = ORIENTED_EDGE('', *, *, #1392, .T.);
#1861 = EDGE_LOOP('', (#1858, #1859, #1860));
#1862 = FACE_BOUND('', #1861, .T.);
#1863 = ADVANCED_FACE('', (#1862), #1529, .T.);
#1864 = ORIENTED_EDGE('', *, *, #1371, .F.);
#1865 = ORIENTED_EDGE('', *, *, #1370, .T.);
#1866 = ORIENTED_EDGE('', *, *, #1381, .F.);
#1867 = EDGE_LOOP('', (#1864, #1865, #1866));
#1868 = FACE_BOUND('', #1867, .T.);
#1869 = ADVANCED_FACE('', (#1868), #1529, .T.);
#1870 = ORIENTED_EDGE('', *, *, #1370, .F.);
#1871 = ORIENTED_EDGE('', *, *, #1369, .F.);
#1872 = ORIENTED_EDGE('', *, *, #1368, .T.);
#1873 = ORIENTED_EDGE('', *, *, #1380, .F.);
#1874 = EDGE_LOOP('', (#1870, #1871, #1872, #1873));
#1875 = FACE_BOUND('', #1874, .T.);
#1876 = ADVANCED_FACE('', (#1875), #1524, .T.);
#1877 = ORIENTED_EDGE('', *, *, #1374, .T.);
#1878 = ORIENTED_EDGE('', *, *, #1391, .F.);
#1879 = ORIENTED_EDGE('', *, *, #1382, .F.);
#1880 = EDGE_LOOP('', (#1877, #1878, #1879));
#1881 = FACE_BOUND('', #1880, .T.);
#1882 = ADVANCED_FACE('', (#1881), #1519, .T.);
#1883 = ORIENTED_EDGE('', *, *, #1368, .F.);
#1884 = ORIENTED_EDGE('', *, *, #1367, .F.);
#1885 = ORIENTED_EDGE('', *, *, #1379, .T.);
#1886 = EDGE_LOOP('', (#1883, #1884, #1885));
#1887 = FACE_BOUND('', #1886, .T.);
#1888 = ADVANCED_FACE('', (#1887), #1519, .T.);
#1889 = CLOSED_SHELL('', (#1537, #1544, #1551, #1558, #1562));
#1890 = CLOSED_SHELL('', (#1579, #1586, #1595, #1604, #1613, #1630, #1637, #1646, #1655, #1664, #1673, #1680, #1689, #1696, #1705, #1712, #1721, #1728, #1735, #1742, #1749, #1755, #1763, #1769, #1775, #1781, #1788, #1794, #1800, #1807, #1814, #1821, #1828, #1834, #1840, #1849, #1857, #1863, #1869, #1876, #1882, #1888));
#1891 = MANIFOLD_SOLID_BREP('', #1889);
#1892 = MANIFOLD_SOLID_BREP('', #1890);
#1893 = APPLICATION_CONTEXT('configuration controlled 3D design of mechanical parts and assemblies');
#1894 = PRODUCT_DEFINITION_CONTEXT('part definition', #1893, 'design');
#1895 = PRODUCT_CONTEXT('', #1893, 'mechanical');
#1896 = PRODUCT('UNIDENTIFIED_PRODUCT', '', $, (#1895));
#1897 = PRODUCT_DEFINITION_FORMATION('', $, #1896);
#1898 = PRODUCT_DEFINITION('design', $, #1897, #1894);
#1899 = PRODUCT_DEFINITION_SHAPE('', '', #1898);
#1900 = ADVANCED_BREP_SHAPE_REPRESENTATION('', (#1892), #4);
#1901 = SHAPE_DEFINITION_REPRESENTATION(#1899, #1900);
#1902 = COLOUR_RGB('', 0.43529412, 0.47058824, 0.50980395);
#1903 = FILL_AREA_STYLE_COLOUR('', #1902);
#1904 = FILL_AREA_STYLE('', (#1903));
#1905 = SURFACE_STYLE_FILL_AREA(#1904);
#1906 = SURFACE_SIDE_STYLE('', (#1905));
#1907 = SURFACE_STYLE_USAGE(.BOTH., #1906);
#1908 = PRESENTATION_STYLE_ASSIGNMENT((#1907));
#1909 = STYLED_ITEM('', (#1908), #1892);
#1910 = MECHANICAL_DESIGN_GEOMETRIC_PRESENTATION_REPRESENTATION('', (#1909), #4);
#1911 = PRODUCT_CONTEXT('', #1893, 'mechanical');
#1912 = PRODUCT('UNIDENTIFIED_PRODUCT', '', $, (#1911));
#1913 = PRODUCT_DEFINITION_FORMATION('', $, #1912);
#1914 = PRODUCT_DEFINITION('design', $, #1913, #1894);
#1915 = PRODUCT_DEFINITION_SHAPE('', '', #1914);
#1916 = ADVANCED_BREP_SHAPE_REPRESENTATION('', (#1891), #4);
#1917 = SHAPE_DEFINITION_REPRESENTATION(#1915, #1916);
#1918 = COLOUR_RGB('', 0.89999998, 0.89999998, 0.89999998);
#1919 = FILL_AREA_STYLE_COLOUR('', #1918);
#1920 = FILL_AREA_STYLE('', (#1919));
#1921 = SURFACE_STYLE_FILL_AREA(#1920);
#1922 = SURFACE_SIDE_STYLE('', (#1921));
#1923 = SURFACE_STYLE_USAGE(.BOTH., #1922);
#1924 = PRESENTATION_STYLE_ASSIGNMENT((#1923));
#1925 = STYLED_ITEM('', (#1924), #1891);
#1926 = MECHANICAL_DESIGN_GEOMETRIC_PRESENTATION_REPRESENTATION('', (#1925), #4);
ENDSEC;
END-ISO-10303-21;
