ISO-10303-21;
HEADER;
FILE_DESCRIPTION(('zoo.dev export'), '2;1');
FILE_NAME('output.step', '2026-06-10T15:30:02.024932003+00:00', (''), (''), 'zoo.dev beta', 'zoo.dev', '');
FILE_SCHEMA(('AP242_MANAGED_MODEL_BASED_3D_ENGINEERING_MIM_LF'));
ENDSEC;
DATA;
#1 = (
  LENGTH_UNIT()
  NAMED_UNIT(*)
  SI_UNIT(.MILLI., .METRE.)
);
#2 = (
  NAMED_UNIT(*)
  PLANE_ANGLE_UNIT()
  SI_UNIT($, .RADIAN.)
);
#3 = UNCERTAINTY_MEASURE_WITH_UNIT(LENGTH_MEASURE(0.01), #1, 'DISTANCE_ACCURACY_VALUE', $);
#4 = (
  GEOMETRIC_REPRESENTATION_CONTEXT(3)
  GLOBAL_UNCERTAINTY_ASSIGNED_CONTEXT((#3))
  GLOBAL_UNIT_ASSIGNED_CONTEXT((#1, #2))
  REPRESENTATION_CONTEXT('3D', '3D context')
);
#5 = CARTESIAN_POINT('', (-52., 40., 0.));
#6 = VERTEX_POINT('', #5);
#7 = CARTESIAN_POINT('', (-60., 32., 0.));
#8 = VERTEX_POINT('', #7);
#9 = CARTESIAN_POINT('', (-60., 32., 60.));
#10 = VERTEX_POINT('', #9);
#11 = CARTESIAN_POINT('', (-52., 40., 60.));
#12 = VERTEX_POINT('', #11);
#13 = CARTESIAN_POINT('', (-60., -32., 0.));
#14 = VERTEX_POINT('', #13);
#15 = CARTESIAN_POINT('', (-60., -32., 60.));
#16 = VERTEX_POINT('', #15);
#17 = CARTESIAN_POINT('', (-52., -40., 0.));
#18 = VERTEX_POINT('', #17);
#19 = CARTESIAN_POINT('', (-52., -40., 60.));
#20 = VERTEX_POINT('', #19);
#21 = CARTESIAN_POINT('', (52., -40., 0.));
#22 = VERTEX_POINT('', #21);
#23 = CARTESIAN_POINT('', (52., -40., 60.));
#24 = VERTEX_POINT('', #23);
#25 = CARTESIAN_POINT('', (60., -32., 0.));
#26 = VERTEX_POINT('', #25);
#27 = CARTESIAN_POINT('', (60., -32., 60.));
#28 = VERTEX_POINT('', #27);
#29 = CARTESIAN_POINT('', (60., 32., 0.));
#30 = VERTEX_POINT('', #29);
#31 = CARTESIAN_POINT('', (60., 32., 60.));
#32 = VERTEX_POINT('', #31);
#33 = CARTESIAN_POINT('', (52., 40., 0.));
#34 = VERTEX_POINT('', #33);
#35 = CARTESIAN_POINT('', (52., 40., 60.));
#36 = VERTEX_POINT('', #35);
#37 = CARTESIAN_POINT('', (-52., 37.5, 2.5));
#38 = VERTEX_POINT('', #37);
#39 = CARTESIAN_POINT('', (-57.5, 32., 2.5));
#40 = VERTEX_POINT('', #39);
#41 = CARTESIAN_POINT('', (-57.5, -32., 2.5));
#42 = VERTEX_POINT('', #41);
#43 = CARTESIAN_POINT('', (-52., -37.5, 2.5));
#44 = VERTEX_POINT('', #43);
#45 = CARTESIAN_POINT('', (52., -37.5, 2.5));
#46 = VERTEX_POINT('', #45);
#47 = CARTESIAN_POINT('', (57.5, -32., 2.5));
#48 = VERTEX_POINT('', #47);
#49 = CARTESIAN_POINT('', (57.5, 32., 2.5));
#50 = VERTEX_POINT('', #49);
#51 = CARTESIAN_POINT('', (52., 37.5, 2.5));
#52 = VERTEX_POINT('', #51);
#53 = CARTESIAN_POINT('', (-52., 37.5, 60.));
#54 = VERTEX_POINT('', #53);
#55 = CARTESIAN_POINT('', (-57.5, 32., 60.));
#56 = VERTEX_POINT('', #55);
#57 = CARTESIAN_POINT('', (-57.5, -32., 60.));
#58 = VERTEX_POINT('', #57);
#59 = CARTESIAN_POINT('', (-52., -37.5, 60.));
#60 = VERTEX_POINT('', #59);
#61 = CARTESIAN_POINT('', (52., -37.5, 60.));
#62 = VERTEX_POINT('', #61);
#63 = CARTESIAN_POINT('', (57.5, -32., 60.));
#64 = VERTEX_POINT('', #63);
#65 = CARTESIAN_POINT('', (57.5, 32., 60.));
#66 = VERTEX_POINT('', #65);
#67 = CARTESIAN_POINT('', (52., 37.5, 60.));
#68 = VERTEX_POINT('', #67);
#69 = CARTESIAN_POINT('', (3., -40., 10.));
#70 = VERTEX_POINT('', #69);
#71 = CARTESIAN_POINT('', (3., -40., 30.));
#72 = VERTEX_POINT('', #71);
#73 = CARTESIAN_POINT('', (-3., -40., 30.));
#74 = VERTEX_POINT('', #73);
#75 = CARTESIAN_POINT('', (-3., -40., 10.));
#76 = VERTEX_POINT('', #75);
#77 = CARTESIAN_POINT('', (3., -37.5, 10.));
#78 = VERTEX_POINT('', #77);
#79 = CARTESIAN_POINT('', (3., -37.5, 30.));
#80 = VERTEX_POINT('', #79);
#81 = CARTESIAN_POINT('', (-3., -37.5, 30.));
#82 = VERTEX_POINT('', #81);
#83 = CARTESIAN_POINT('', (-3., -37.5, 10.));
#84 = VERTEX_POINT('', #83);
#85 = CARTESIAN_POINT('', (-25.5, 40., 37.5));
#86 = VERTEX_POINT('', #85);
#87 = CARTESIAN_POINT('', (-25.5, 40., 22.5));
#88 = VERTEX_POINT('', #87);
#89 = CARTESIAN_POINT('', (-27.5, 40., 37.5));
#90 = VERTEX_POINT('', #89);
#91 = CARTESIAN_POINT('', (-27.5, 40., 22.5));
#92 = VERTEX_POINT('', #91);
#93 = CARTESIAN_POINT('', (-25.5, 37.5, 37.5));
#94 = VERTEX_POINT('', #93);
#95 = CARTESIAN_POINT('', (-25.5, 37.5, 22.5));
#96 = VERTEX_POINT('', #95);
#97 = CARTESIAN_POINT('', (-27.5, 37.5, 37.5));
#98 = VERTEX_POINT('', #97);
#99 = CARTESIAN_POINT('', (-27.5, 37.5, 22.5));
#100 = VERTEX_POINT('', #99);
#101 = CARTESIAN_POINT('', (1., 40., 37.5));
#102 = VERTEX_POINT('', #101);
#103 = CARTESIAN_POINT('', (1., 40., 22.5));
#104 = VERTEX_POINT('', #103);
#105 = CARTESIAN_POINT('', (-1., 40., 37.5));
#106 = VERTEX_POINT('', #105);
#107 = CARTESIAN_POINT('', (-1., 40., 22.5));
#108 = VERTEX_POINT('', #107);
#109 = CARTESIAN_POINT('', (1., 37.5, 37.5));
#110 = VERTEX_POINT('', #109);
#111 = CARTESIAN_POINT('', (1., 37.5, 22.5));
#112 = VERTEX_POINT('', #111);
#113 = CARTESIAN_POINT('', (-1., 37.5, 37.5));
#114 = VERTEX_POINT('', #113);
#115 = CARTESIAN_POINT('', (-1., 37.5, 22.5));
#116 = VERTEX_POINT('', #115);
#117 = CARTESIAN_POINT('', (27.5, 40., 37.5));
#118 = VERTEX_POINT('', #117);
#119 = CARTESIAN_POINT('', (27.5, 40., 22.5));
#120 = VERTEX_POINT('', #119);
#121 = CARTESIAN_POINT('', (25.5, 40., 37.5));
#122 = VERTEX_POINT('', #121);
#123 = CARTESIAN_POINT('', (25.5, 40., 22.5));
#124 = VERTEX_POINT('', #123);
#125 = CARTESIAN_POINT('', (27.5, 37.5, 37.5));
#126 = VERTEX_POINT('', #125);
#127 = CARTESIAN_POINT('', (27.5, 37.5, 22.5));
#128 = VERTEX_POINT('', #127);
#129 = CARTESIAN_POINT('', (25.5, 37.5, 37.5));
#130 = VERTEX_POINT('', #129);
#131 = CARTESIAN_POINT('', (25.5, 37.5, 22.5));
#132 = VERTEX_POINT('', #131);
#133 = CARTESIAN_POINT('', (54.5, 37., 62.));
#134 = VERTEX_POINT('', #133);
#135 = CARTESIAN_POINT('', (54.5, -37., 62.));
#136 = VERTEX_POINT('', #135);
#137 = CARTESIAN_POINT('', (-54.5, 37., 62.));
#138 = VERTEX_POINT('', #137);
#139 = CARTESIAN_POINT('', (-54.5, -37., 62.));
#140 = VERTEX_POINT('', #139);
#141 = CARTESIAN_POINT('', (54.5, 37., 60.));
#142 = VERTEX_POINT('', #141);
#143 = CARTESIAN_POINT('', (54.5, -37., 60.));
#144 = VERTEX_POINT('', #143);
#145 = CARTESIAN_POINT('', (-54.5, 37., 60.));
#146 = VERTEX_POINT('', #145);
#147 = CARTESIAN_POINT('', (-54.5, -37., 60.));
#148 = VERTEX_POINT('', #147);
#149 = CARTESIAN_POINT('', (54.5, 37.5, 61.5));
#150 = VERTEX_POINT('', #149);
#151 = CARTESIAN_POINT('', (54.5, 37.5, 60.5));
#152 = VERTEX_POINT('', #151);
#153 = CARTESIAN_POINT('', (54.75, 37.25, 61.75));
#154 = VERTEX_POINT('', #153);
#155 = CARTESIAN_POINT('', (55., 37., 61.5));
#156 = VERTEX_POINT('', #155);
#157 = CARTESIAN_POINT('', (54.75, 37.25, 60.25));
#158 = VERTEX_POINT('', #157);
#159 = CARTESIAN_POINT('', (55., 37., 60.5));
#160 = VERTEX_POINT('', #159);
#161 = CARTESIAN_POINT('', (54.75, -37.25, 61.75));
#162 = VERTEX_POINT('', #161);
#163 = CARTESIAN_POINT('', (55., -37., 61.5));
#164 = VERTEX_POINT('', #163);
#165 = CARTESIAN_POINT('', (54.5, -37.5, 61.5));
#166 = VERTEX_POINT('', #165);
#167 = CARTESIAN_POINT('', (55., -37., 60.5));
#168 = VERTEX_POINT('', #167);
#169 = CARTESIAN_POINT('', (54.75, -37.25, 60.25));
#170 = VERTEX_POINT('', #169);
#171 = CARTESIAN_POINT('', (54.5, -37.5, 60.5));
#172 = VERTEX_POINT('', #171);
#173 = CARTESIAN_POINT('', (-54.5, -37.5, 61.5));
#174 = VERTEX_POINT('', #173);
#175 = CARTESIAN_POINT('', (-54.75, -37.25, 61.75));
#176 = VERTEX_POINT('', #175);
#177 = CARTESIAN_POINT('', (-55., -37., 61.5));
#178 = VERTEX_POINT('', #177);
#179 = CARTESIAN_POINT('', (-54.5, -37.5, 60.5));
#180 = VERTEX_POINT('', #179);
#181 = CARTESIAN_POINT('', (-54.75, -37.25, 60.25));
#182 = VERTEX_POINT('', #181);
#183 = CARTESIAN_POINT('', (-55., -37., 60.5));
#184 = VERTEX_POINT('', #183);
#185 = CARTESIAN_POINT('', (-54.5, 37.5, 61.5));
#186 = VERTEX_POINT('', #185);
#187 = CARTESIAN_POINT('', (-54.75, 37.25, 61.75));
#188 = VERTEX_POINT('', #187);
#189 = CARTESIAN_POINT('', (-55., 37., 61.5));
#190 = VERTEX_POINT('', #189);
#191 = CARTESIAN_POINT('', (-54.5, 37.5, 60.5));
#192 = VERTEX_POINT('', #191);
#193 = CARTESIAN_POINT('', (-54.75, 37.25, 60.25));
#194 = VERTEX_POINT('', #193);
#195 = CARTESIAN_POINT('', (-55., 37., 60.5));
#196 = VERTEX_POINT('', #195);
#197 = CARTESIAN_POINT('', (-45., 37.5, 61.));
#198 = VERTEX_POINT('', #197);
#199 = CARTESIAN_POINT('', (-45., 37.5, 61.5));
#200 = VERTEX_POINT('', #199);
#201 = CARTESIAN_POINT('', (-44.5, 37.5, 62.));
#202 = VERTEX_POINT('', #201);
#203 = CARTESIAN_POINT('', (-33.5, 37.5, 62.));
#204 = VERTEX_POINT('', #203);
#205 = CARTESIAN_POINT('', (-33., 37.5, 61.5));
#206 = VERTEX_POINT('', #205);
#207 = CARTESIAN_POINT('', (-45., 37.5, 60.5));
#208 = VERTEX_POINT('', #207);
#209 = CARTESIAN_POINT('', (-44.5, 37.5, 60.));
#210 = VERTEX_POINT('', #209);
#211 = CARTESIAN_POINT('', (-33.5, 37.5, 60.));
#212 = VERTEX_POINT('', #211);
#213 = CARTESIAN_POINT('', (-33., 37.5, 60.5));
#214 = VERTEX_POINT('', #213);
#215 = CARTESIAN_POINT('', (-44.5, 37.08856217, 61.91143783));
#216 = VERTEX_POINT('', #215);
#217 = CARTESIAN_POINT('', (-33.5, 37.08856217, 61.91143783));
#218 = VERTEX_POINT('', #217);
#219 = CARTESIAN_POINT('', (-44.5, 37.08856217, 60.08856217));
#220 = VERTEX_POINT('', #219);
#221 = CARTESIAN_POINT('', (-33.5, 37.08856217, 60.08856217));
#222 = VERTEX_POINT('', #221);
#223 = CARTESIAN_POINT('', (-33., 37.5, 61.));
#224 = VERTEX_POINT('', #223);
#225 = CARTESIAN_POINT('', (33., 37.5, 61.));
#226 = VERTEX_POINT('', #225);
#227 = CARTESIAN_POINT('', (33., 37.5, 61.5));
#228 = VERTEX_POINT('', #227);
#229 = CARTESIAN_POINT('', (33.5, 37.5, 62.));
#230 = VERTEX_POINT('', #229);
#231 = CARTESIAN_POINT('', (44.5, 37.5, 62.));
#232 = VERTEX_POINT('', #231);
#233 = CARTESIAN_POINT('', (45., 37.5, 61.5));
#234 = VERTEX_POINT('', #233);
#235 = CARTESIAN_POINT('', (33., 37.5, 60.5));
#236 = VERTEX_POINT('', #235);
#237 = CARTESIAN_POINT('', (33.5, 37.5, 60.));
#238 = VERTEX_POINT('', #237);
#239 = CARTESIAN_POINT('', (44.5, 37.5, 60.));
#240 = VERTEX_POINT('', #239);
#241 = CARTESIAN_POINT('', (45., 37.5, 60.5));
#242 = VERTEX_POINT('', #241);
#243 = CARTESIAN_POINT('', (33.5, 37.08856217, 61.91143783));
#244 = VERTEX_POINT('', #243);
#245 = CARTESIAN_POINT('', (44.5, 37.08856217, 61.91143783));
#246 = VERTEX_POINT('', #245);
#247 = CARTESIAN_POINT('', (33.5, 37.08856217, 60.08856217));
#248 = VERTEX_POINT('', #247);
#249 = CARTESIAN_POINT('', (44.5, 37.08856217, 60.08856217));
#250 = VERTEX_POINT('', #249);
#251 = CARTESIAN_POINT('', (45., 37.5, 61.));
#252 = VERTEX_POINT('', #251);
#253 = CARTESIAN_POINT('', (-44.50000001, -15.5, 0.00000001));
#254 = VERTEX_POINT('', #253);
#255 = CARTESIAN_POINT('', (-44.50000001, -29.5, 0.00000001));
#256 = VERTEX_POINT('', #255);
#257 = CARTESIAN_POINT('', (-33.50000002, -29.5, 0.00000002));
#258 = VERTEX_POINT('', #257);
#259 = CARTESIAN_POINT('', (-33.50000002, -15.5, 0.00000002));
#260 = VERTEX_POINT('', #259);
#261 = CARTESIAN_POINT('', (-44.50000001, -29.5, -11.99999996));
#262 = VERTEX_POINT('', #261);
#263 = CARTESIAN_POINT('', (-44.50000001, -15.5, -11.99999996));
#264 = VERTEX_POINT('', #263);
#265 = CARTESIAN_POINT('', (-44.50000001, -30., -11.49999996));
#266 = VERTEX_POINT('', #265);
#267 = CARTESIAN_POINT('', (-44.50000001, -30., -0.49999999));
#268 = VERTEX_POINT('', #267);
#269 = CARTESIAN_POINT('', (-44.75000001, -29.75, -0.24999999));
#270 = VERTEX_POINT('', #269);
#271 = CARTESIAN_POINT('', (-44.75000001, -29.75, -11.74999996));
#272 = VERTEX_POINT('', #271);
#273 = CARTESIAN_POINT('', (-45.00000001, -29.5, -0.49999999));
#274 = VERTEX_POINT('', #273);
#275 = CARTESIAN_POINT('', (-45.00000001, -29.5, -11.49999996));
#276 = VERTEX_POINT('', #275);
#277 = CARTESIAN_POINT('', (-44.50000001, -15., -11.49999996));
#278 = VERTEX_POINT('', #277);
#279 = CARTESIAN_POINT('', (-44.50000001, -15., -0.49999999));
#280 = VERTEX_POINT('', #279);
#281 = CARTESIAN_POINT('', (-44.75000001, -15.25, -0.24999999));
#282 = VERTEX_POINT('', #281);
#283 = CARTESIAN_POINT('', (-44.75000001, -15.25, -11.74999996));
#284 = VERTEX_POINT('', #283);
#285 = CARTESIAN_POINT('', (-45.00000001, -15.5, -0.49999999));
#286 = VERTEX_POINT('', #285);
#287 = CARTESIAN_POINT('', (-45.00000001, -15.5, -11.49999996));
#288 = VERTEX_POINT('', #287);
#289 = CARTESIAN_POINT('', (-33.00000002, -29.5, -0.49999998));
#290 = VERTEX_POINT('', #289);
#291 = CARTESIAN_POINT('', (-33.50000002, -30., -0.49999998));
#292 = VERTEX_POINT('', #291);
#293 = CARTESIAN_POINT('', (-33.25000002, -29.75, -0.24999998));
#294 = VERTEX_POINT('', #293);
#295 = CARTESIAN_POINT('', (-33.50000002, -15., -0.49999998));
#296 = VERTEX_POINT('', #295);
#297 = CARTESIAN_POINT('', (-33.25000002, -15.25, -0.24999998));
#298 = VERTEX_POINT('', #297);
#299 = CARTESIAN_POINT('', (-33.00000002, -15.5, -0.49999998));
#300 = VERTEX_POINT('', #299);
#301 = CARTESIAN_POINT('', (-42.50000001, -29.5, -11.99999996));
#302 = VERTEX_POINT('', #301);
#303 = CARTESIAN_POINT('', (-42.50000001, -30., -11.49999996));
#304 = VERTEX_POINT('', #303);
#305 = CARTESIAN_POINT('', (-42.50000001, -15.5, -11.99999996));
#306 = VERTEX_POINT('', #305);
#307 = CARTESIAN_POINT('', (-42.50000001, -15., -11.49999996));
#308 = VERTEX_POINT('', #307);
#309 = CARTESIAN_POINT('', (-33.00000002, -29.5, -2.49999998));
#310 = VERTEX_POINT('', #309);
#311 = CARTESIAN_POINT('', (-33.50000002, -30., -2.49999998));
#312 = VERTEX_POINT('', #311);
#313 = CARTESIAN_POINT('', (-42.50000001, -30., -2.49999999));
#314 = VERTEX_POINT('', #313);
#315 = CARTESIAN_POINT('', (-33.00000002, -15.5, -2.49999998));
#316 = VERTEX_POINT('', #315);
#317 = CARTESIAN_POINT('', (-33.50000002, -15., -2.49999998));
#318 = VERTEX_POINT('', #317);
#319 = CARTESIAN_POINT('', (-42.50000001, -15., -2.49999999));
#320 = VERTEX_POINT('', #319);
#321 = CARTESIAN_POINT('', (-45.00000001, -24.1, -6.));
#322 = VERTEX_POINT('', #321);
#323 = CARTESIAN_POINT('', (-45.00000001, -20.9, -6.));
#324 = VERTEX_POINT('', #323);
#325 = CARTESIAN_POINT('', (-42.50000001, -24.1, -6.));
#326 = VERTEX_POINT('', #325);
#327 = CARTESIAN_POINT('', (-42.50000001, -20.9, -6.));
#328 = VERTEX_POINT('', #327);
#329 = CARTESIAN_POINT('', (-45.00000001, -22.49999999, -4.4));
#330 = VERTEX_POINT('', #329);
#331 = CARTESIAN_POINT('', (-45.00000001, -22.50000002, -7.6));
#332 = VERTEX_POINT('', #331);
#333 = CARTESIAN_POINT('', (-42.50000001, -22.49999979, -4.4));
#334 = VERTEX_POINT('', #333);
#335 = CARTESIAN_POINT('', (-42.50000001, -22.50000001, -7.6));
#336 = VERTEX_POINT('', #335);
#337 = CARTESIAN_POINT('', (-37.4, -22.5, 0.00000001));
#338 = VERTEX_POINT('', #337);
#339 = CARTESIAN_POINT('', (-40.6, -22.5, 0.00000001));
#340 = VERTEX_POINT('', #339);
#341 = CARTESIAN_POINT('', (-37.4, -22.5, -2.49999999));
#342 = VERTEX_POINT('', #341);
#343 = CARTESIAN_POINT('', (-40.6, -22.5, -2.49999999));
#344 = VERTEX_POINT('', #343);
#345 = CARTESIAN_POINT('', (-39.00000001, -20.9, 0.00000001));
#346 = VERTEX_POINT('', #345);
#347 = CARTESIAN_POINT('', (-38.99999999, -24.1, 0.00000001));
#348 = VERTEX_POINT('', #347);
#349 = CARTESIAN_POINT('', (-38.99999999, -20.9, -2.49999999));
#350 = VERTEX_POINT('', #349);
#351 = CARTESIAN_POINT('', (-38.99999999, -24.1, -2.49999999));
#352 = VERTEX_POINT('', #351);
#353 = CARTESIAN_POINT('', (44.50000001, -29.5, 0.00000001));
#354 = VERTEX_POINT('', #353);
#355 = CARTESIAN_POINT('', (44.50000001, -15.5, 0.00000001));
#356 = VERTEX_POINT('', #355);
#357 = CARTESIAN_POINT('', (33.50000002, -15.5, 0.00000002));
#358 = VERTEX_POINT('', #357);
#359 = CARTESIAN_POINT('', (33.50000002, -29.5, 0.00000002));
#360 = VERTEX_POINT('', #359);
#361 = CARTESIAN_POINT('', (44.50000001, -15.5, -11.99999996));
#362 = VERTEX_POINT('', #361);
#363 = CARTESIAN_POINT('', (44.50000001, -29.5, -11.99999996));
#364 = VERTEX_POINT('', #363);
#365 = CARTESIAN_POINT('', (44.50000001, -15., -11.49999996));
#366 = VERTEX_POINT('', #365);
#367 = CARTESIAN_POINT('', (44.50000001, -15., -0.49999999));
#368 = VERTEX_POINT('', #367);
#369 = CARTESIAN_POINT('', (44.75000001, -15.25, -0.24999999));
#370 = VERTEX_POINT('', #369);
#371 = CARTESIAN_POINT('', (44.75000001, -15.25, -11.74999996));
#372 = VERTEX_POINT('', #371);
#373 = CARTESIAN_POINT('', (45.00000001, -15.5, -0.49999999));
#374 = VERTEX_POINT('', #373);
#375 = CARTESIAN_POINT('', (45.00000001, -15.5, -11.49999996));
#376 = VERTEX_POINT('', #375);
#377 = CARTESIAN_POINT('', (44.50000001, -30., -11.49999996));
#378 = VERTEX_POINT('', #377);
#379 = CARTESIAN_POINT('', (44.50000001, -30., -0.49999999));
#380 = VERTEX_POINT('', #379);
#381 = CARTESIAN_POINT('', (44.75000001, -29.75, -0.24999999));
#382 = VERTEX_POINT('', #381);
#383 = CARTESIAN_POINT('', (44.75000001, -29.75, -11.74999996));
#384 = VERTEX_POINT('', #383);
#385 = CARTESIAN_POINT('', (45.00000001, -29.5, -0.49999999));
#386 = VERTEX_POINT('', #385);
#387 = CARTESIAN_POINT('', (45.00000001, -29.5, -11.49999996));
#388 = VERTEX_POINT('', #387);
#389 = CARTESIAN_POINT('', (33.00000002, -15.5, -0.49999998));
#390 = VERTEX_POINT('', #389);
#391 = CARTESIAN_POINT('', (33.50000002, -15., -0.49999998));
#392 = VERTEX_POINT('', #391);
#393 = CARTESIAN_POINT('', (33.25000002, -15.25, -0.24999998));
#394 = VERTEX_POINT('', #393);
#395 = CARTESIAN_POINT('', (33.50000002, -30., -0.49999998));
#396 = VERTEX_POINT('', #395);
#397 = CARTESIAN_POINT('', (33.25000002, -29.75, -0.24999998));
#398 = VERTEX_POINT('', #397);
#399 = CARTESIAN_POINT('', (33.00000002, -29.5, -0.49999998));
#400 = VERTEX_POINT('', #399);
#401 = CARTESIAN_POINT('', (42.50000001, -15.5, -11.99999996));
#402 = VERTEX_POINT('', #401);
#403 = CARTESIAN_POINT('', (42.50000001, -15., -11.49999996));
#404 = VERTEX_POINT('', #403);
#405 = CARTESIAN_POINT('', (42.50000001, -29.5, -11.99999996));
#406 = VERTEX_POINT('', #405);
#407 = CARTESIAN_POINT('', (42.50000001, -30., -11.49999996));
#408 = VERTEX_POINT('', #407);
#409 = CARTESIAN_POINT('', (33.00000002, -15.5, -2.49999998));
#410 = VERTEX_POINT('', #409);
#411 = CARTESIAN_POINT('', (33.50000002, -15., -2.49999998));
#412 = VERTEX_POINT('', #411);
#413 = CARTESIAN_POINT('', (42.50000001, -15., -2.49999999));
#414 = VERTEX_POINT('', #413);
#415 = CARTESIAN_POINT('', (33.00000002, -29.5, -2.49999998));
#416 = VERTEX_POINT('', #415);
#417 = CARTESIAN_POINT('', (33.50000002, -30., -2.49999998));
#418 = VERTEX_POINT('', #417);
#419 = CARTESIAN_POINT('', (42.50000001, -30., -2.49999999));
#420 = VERTEX_POINT('', #419);
#421 = CARTESIAN_POINT('', (45.00000001, -20.9, -6.));
#422 = VERTEX_POINT('', #421);
#423 = CARTESIAN_POINT('', (45.00000001, -24.1, -6.));
#424 = VERTEX_POINT('', #423);
#425 = CARTESIAN_POINT('', (42.50000001, -20.9, -6.));
#426 = VERTEX_POINT('', #425);
#427 = CARTESIAN_POINT('', (42.50000001, -24.1, -6.));
#428 = VERTEX_POINT('', #427);
#429 = CARTESIAN_POINT('', (45.00000001, -22.50000001, -4.4));
#430 = VERTEX_POINT('', #429);
#431 = CARTESIAN_POINT('', (45.00000001, -22.49999998, -7.6));
#432 = VERTEX_POINT('', #431);
#433 = CARTESIAN_POINT('', (42.50000001, -22.50000021, -4.4));
#434 = VERTEX_POINT('', #433);
#435 = CARTESIAN_POINT('', (42.50000001, -22.49999999, -7.6));
#436 = VERTEX_POINT('', #435);
#437 = CARTESIAN_POINT('', (37.4, -22.5, 0.00000001));
#438 = VERTEX_POINT('', #437);
#439 = CARTESIAN_POINT('', (40.6, -22.5, 0.00000001));
#440 = VERTEX_POINT('', #439);
#441 = CARTESIAN_POINT('', (37.4, -22.5, -2.49999999));
#442 = VERTEX_POINT('', #441);
#443 = CARTESIAN_POINT('', (40.6, -22.5, -2.49999999));
#444 = VERTEX_POINT('', #443);
#445 = CARTESIAN_POINT('', (39.00000001, -24.1, 0.00000001));
#446 = VERTEX_POINT('', #445);
#447 = CARTESIAN_POINT('', (38.99999999, -20.9, 0.00000001));
#448 = VERTEX_POINT('', #447);
#449 = CARTESIAN_POINT('', (38.99999999, -24.1, -2.49999999));
#450 = VERTEX_POINT('', #449);
#451 = CARTESIAN_POINT('', (38.99999999, -20.9, -2.49999999));
#452 = VERTEX_POINT('', #451);
#453 = DIRECTION('', (0., 1., 0.));
#454 = DIRECTION('', (0., -0., 1.));
#455 = CARTESIAN_POINT('', (-52., 32., 0.));
#456 = AXIS2_PLACEMENT_3D('', #455, #454, #453);
#457 = CIRCLE('', #456, 8.);
#458 = DIRECTION('', (0., -0., 1.));
#459 = VECTOR('', #458, 1.);
#460 = CARTESIAN_POINT('', (-60., 32., 0.));
#461 = LINE('', #460, #459);
#462 = DIRECTION('', (0., 1., 0.));
#463 = DIRECTION('', (0., -0., 1.));
#464 = CARTESIAN_POINT('', (-52., 32., 60.));
#465 = AXIS2_PLACEMENT_3D('', #464, #463, #462);
#466 = CIRCLE('', #465, 8.);
#467 = DIRECTION('', (0., -0., 1.));
#468 = VECTOR('', #467, 1.);
#469 = CARTESIAN_POINT('', (-52., 40., 0.));
#470 = LINE('', #469, #468);
#471 = DIRECTION('', (0., -1., 0.));
#472 = VECTOR('', #471, 1.);
#473 = CARTESIAN_POINT('', (-60., 32., 0.));
#474 = LINE('', #473, #472);
#475 = DIRECTION('', (0., -0., 1.));
#476 = VECTOR('', #475, 1.);
#477 = CARTESIAN_POINT('', (-60., -32., 0.));
#478 = LINE('', #477, #476);
#479 = DIRECTION('', (0., -1., 0.));
#480 = VECTOR('', #479, 1.);
#481 = CARTESIAN_POINT('', (-60., 32., 60.));
#482 = LINE('', #481, #480);
#483 = DIRECTION('', (-1., -0., 0.));
#484 = DIRECTION('', (0., 0., 1.));
#485 = CARTESIAN_POINT('', (-52., -32., 0.));
#486 = AXIS2_PLACEMENT_3D('', #485, #484, #483);
#487 = CIRCLE('', #486, 8.);
#488 = DIRECTION('', (0., -0., 1.));
#489 = VECTOR('', #488, 1.);
#490 = CARTESIAN_POINT('', (-52., -40., 0.));
#491 = LINE('', #490, #489);
#492 = DIRECTION('', (-1., -0., 0.));
#493 = DIRECTION('', (0., 0., 1.));
#494 = CARTESIAN_POINT('', (-52., -32., 60.));
#495 = AXIS2_PLACEMENT_3D('', #494, #493, #492);
#496 = CIRCLE('', #495, 8.);
#497 = DIRECTION('', (1., -0., 0.));
#498 = VECTOR('', #497, 1.);
#499 = CARTESIAN_POINT('', (-52., -40., 0.));
#500 = LINE('', #499, #498);
#501 = DIRECTION('', (0., -0., 1.));
#502 = VECTOR('', #501, 1.);
#503 = CARTESIAN_POINT('', (52., -40., 0.));
#504 = LINE('', #503, #502);
#505 = DIRECTION('', (1., -0., 0.));
#506 = VECTOR('', #505, 1.);
#507 = CARTESIAN_POINT('', (-52., -40., 60.));
#508 = LINE('', #507, #506);
#509 = DIRECTION('', (0., -1., 0.));
#510 = DIRECTION('', (-0., -0., 1.));
#511 = CARTESIAN_POINT('', (52., -32., 0.));
#512 = AXIS2_PLACEMENT_3D('', #511, #510, #509);
#513 = CIRCLE('', #512, 8.);
#514 = DIRECTION('', (0., -0., 1.));
#515 = VECTOR('', #514, 1.);
#516 = CARTESIAN_POINT('', (60., -32., 0.));
#517 = LINE('', #516, #515);
#518 = DIRECTION('', (0., -1., 0.));
#519 = DIRECTION('', (-0., -0., 1.));
#520 = CARTESIAN_POINT('', (52., -32., 60.));
#521 = AXIS2_PLACEMENT_3D('', #520, #519, #518);
#522 = CIRCLE('', #521, 8.);
#523 = DIRECTION('', (0., 1., 0.));
#524 = VECTOR('', #523, 1.);
#525 = CARTESIAN_POINT('', (60., -32., 0.));
#526 = LINE('', #525, #524);
#527 = DIRECTION('', (0., -0., 1.));
#528 = VECTOR('', #527, 1.);
#529 = CARTESIAN_POINT('', (60., 32., 0.));
#530 = LINE('', #529, #528);
#531 = DIRECTION('', (0., 1., 0.));
#532 = VECTOR('', #531, 1.);
#533 = CARTESIAN_POINT('', (60., -32., 60.));
#534 = LINE('', #533, #532);
#535 = DIRECTION('', (1., 0., 0.));
#536 = DIRECTION('', (0., -0., 1.));
#537 = CARTESIAN_POINT('', (52., 32., 0.));
#538 = AXIS2_PLACEMENT_3D('', #537, #536, #535);
#539 = CIRCLE('', #538, 8.);
#540 = DIRECTION('', (0., -0., 1.));
#541 = VECTOR('', #540, 1.);
#542 = CARTESIAN_POINT('', (52., 40., 0.));
#543 = LINE('', #542, #541);
#544 = DIRECTION('', (1., 0., 0.));
#545 = DIRECTION('', (0., -0., 1.));
#546 = CARTESIAN_POINT('', (52., 32., 60.));
#547 = AXIS2_PLACEMENT_3D('', #546, #545, #544);
#548 = CIRCLE('', #547, 8.);
#549 = DIRECTION('', (-1., -0., 0.));
#550 = VECTOR('', #549, 1.);
#551 = CARTESIAN_POINT('', (52., 40., 0.));
#552 = LINE('', #551, #550);
#553 = DIRECTION('', (-1., -0., 0.));
#554 = VECTOR('', #553, 1.);
#555 = CARTESIAN_POINT('', (52., 40., 60.));
#556 = LINE('', #555, #554);
#557 = DIRECTION('', (0., 1., 0.));
#558 = DIRECTION('', (0., -0., 1.));
#559 = CARTESIAN_POINT('', (-52., 32., 2.5));
#560 = AXIS2_PLACEMENT_3D('', #559, #558, #557);
#561 = CIRCLE('', #560, 5.5);
#562 = DIRECTION('', (0., -0., 1.));
#563 = VECTOR('', #562, 1.);
#564 = CARTESIAN_POINT('', (-57.5, 32., 2.5));
#565 = LINE('', #564, #563);
#566 = DIRECTION('', (0., -0., 1.));
#567 = VECTOR('', #566, 1.);
#568 = CARTESIAN_POINT('', (-52., 37.5, 2.5));
#569 = LINE('', #568, #567);
#570 = DIRECTION('', (0., -1., 0.));
#571 = VECTOR('', #570, 1.);
#572 = CARTESIAN_POINT('', (-57.5, 32., 2.5));
#573 = LINE('', #572, #571);
#574 = DIRECTION('', (0., -0., 1.));
#575 = VECTOR('', #574, 1.);
#576 = CARTESIAN_POINT('', (-57.5, -32., 2.5));
#577 = LINE('', #576, #575);
#578 = DIRECTION('', (-1., 0., 0.));
#579 = DIRECTION('', (0., -0., 1.));
#580 = CARTESIAN_POINT('', (-52., -32., 2.5));
#581 = AXIS2_PLACEMENT_3D('', #580, #579, #578);
#582 = CIRCLE('', #581, 5.5);
#583 = DIRECTION('', (0., -0., 1.));
#584 = VECTOR('', #583, 1.);
#585 = CARTESIAN_POINT('', (-52., -37.5, 2.5));
#586 = LINE('', #585, #584);
#587 = DIRECTION('', (1., -0., 0.));
#588 = VECTOR('', #587, 1.);
#589 = CARTESIAN_POINT('', (-52., -37.5, 2.5));
#590 = LINE('', #589, #588);
#591 = DIRECTION('', (0., -0., 1.));
#592 = VECTOR('', #591, 1.);
#593 = CARTESIAN_POINT('', (52., -37.5, 2.5));
#594 = LINE('', #593, #592);
#595 = DIRECTION('', (-0., -1., 0.));
#596 = DIRECTION('', (-0., 0., 1.));
#597 = CARTESIAN_POINT('', (52., -32., 2.5));
#598 = AXIS2_PLACEMENT_3D('', #597, #596, #595);
#599 = CIRCLE('', #598, 5.5);
#600 = DIRECTION('', (0., -0., 1.));
#601 = VECTOR('', #600, 1.);
#602 = CARTESIAN_POINT('', (57.5, -32., 2.5));
#603 = LINE('', #602, #601);
#604 = DIRECTION('', (0., 1., 0.));
#605 = VECTOR('', #604, 1.);
#606 = CARTESIAN_POINT('', (57.5, -32., 2.5));
#607 = LINE('', #606, #605);
#608 = DIRECTION('', (0., -0., 1.));
#609 = VECTOR('', #608, 1.);
#610 = CARTESIAN_POINT('', (57.5, 32., 2.5));
#611 = LINE('', #610, #609);
#612 = DIRECTION('', (1., -0., 0.));
#613 = DIRECTION('', (-0., -0., 1.));
#614 = CARTESIAN_POINT('', (52., 32., 2.5));
#615 = AXIS2_PLACEMENT_3D('', #614, #613, #612);
#616 = CIRCLE('', #615, 5.5);
#617 = DIRECTION('', (0., -0., 1.));
#618 = VECTOR('', #617, 1.);
#619 = CARTESIAN_POINT('', (52., 37.5, 2.5));
#620 = LINE('', #619, #618);
#621 = DIRECTION('', (-1., -0., 0.));
#622 = VECTOR('', #621, 1.);
#623 = CARTESIAN_POINT('', (52., 37.5, 2.5));
#624 = LINE('', #623, #622);
#625 = DIRECTION('', (-0., 1., 0.));
#626 = DIRECTION('', (0., -0., 1.));
#627 = CARTESIAN_POINT('', (-52., 32., 60.));
#628 = AXIS2_PLACEMENT_3D('', #627, #626, #625);
#629 = CIRCLE('', #628, 5.5);
#630 = DIRECTION('', (0., -1., 0.));
#631 = VECTOR('', #630, 1.);
#632 = CARTESIAN_POINT('', (-57.5, 32., 60.));
#633 = LINE('', #632, #631);
#634 = DIRECTION('', (-0., -1., 0.));
#635 = DIRECTION('', (-0., -0., -1.));
#636 = CARTESIAN_POINT('', (-52., -32., 60.));
#637 = AXIS2_PLACEMENT_3D('', #636, #635, #634);
#638 = CIRCLE('', #637, 5.5);
#639 = DIRECTION('', (1., -0., 0.));
#640 = VECTOR('', #639, 1.);
#641 = CARTESIAN_POINT('', (-52., -37.5, 60.));
#642 = LINE('', #641, #640);
#643 = DIRECTION('', (1., -0., 0.));
#644 = DIRECTION('', (0., -0., -1.));
#645 = CARTESIAN_POINT('', (52., -32., 60.));
#646 = AXIS2_PLACEMENT_3D('', #645, #644, #643);
#647 = CIRCLE('', #646, 5.5);
#648 = DIRECTION('', (0., 1., 0.));
#649 = VECTOR('', #648, 1.);
#650 = CARTESIAN_POINT('', (57.5, -32., 60.));
#651 = LINE('', #650, #649);
#652 = DIRECTION('', (1., 0., 0.));
#653 = DIRECTION('', (-0., -0., 1.));
#654 = CARTESIAN_POINT('', (52., 32., 60.));
#655 = AXIS2_PLACEMENT_3D('', #654, #653, #652);
#656 = CIRCLE('', #655, 5.5);
#657 = DIRECTION('', (-1., -0., 0.));
#658 = VECTOR('', #657, 1.);
#659 = CARTESIAN_POINT('', (52., 37.5, 60.));
#660 = LINE('', #659, #658);
#661 = DIRECTION('', (0., -0., 1.));
#662 = VECTOR('', #661, 1.);
#663 = CARTESIAN_POINT('', (3., -40., 10.));
#664 = LINE('', #663, #662);
#665 = DIRECTION('', (-1., -0., 0.));
#666 = VECTOR('', #665, 1.);
#667 = CARTESIAN_POINT('', (3., -40., 30.));
#668 = LINE('', #667, #666);
#669 = DIRECTION('', (0., -0., -1.));
#670 = VECTOR('', #669, 1.);
#671 = CARTESIAN_POINT('', (-3., -40., 30.));
#672 = LINE('', #671, #670);
#673 = DIRECTION('', (1., -0., 0.));
#674 = VECTOR('', #673, 1.);
#675 = CARTESIAN_POINT('', (-3., -40., 10.));
#676 = LINE('', #675, #674);
#677 = DIRECTION('', (0., -0., 1.));
#678 = VECTOR('', #677, 1.);
#679 = CARTESIAN_POINT('', (3., -37.5, 10.));
#680 = LINE('', #679, #678);
#681 = DIRECTION('', (-1., -0., 0.));
#682 = VECTOR('', #681, 1.);
#683 = CARTESIAN_POINT('', (3., -37.5, 30.));
#684 = LINE('', #683, #682);
#685 = DIRECTION('', (0., 0., -1.));
#686 = VECTOR('', #685, 1.);
#687 = CARTESIAN_POINT('', (-3., -37.5, 30.));
#688 = LINE('', #687, #686);
#689 = DIRECTION('', (1., -0., 0.));
#690 = VECTOR('', #689, 1.);
#691 = CARTESIAN_POINT('', (-3., -37.5, 10.));
#692 = LINE('', #691, #690);
#693 = DIRECTION('', (0., -1., 0.));
#694 = VECTOR('', #693, 1.);
#695 = CARTESIAN_POINT('', (-3., -37.5, 10.));
#696 = LINE('', #695, #694);
#697 = DIRECTION('', (0., -1., 0.));
#698 = VECTOR('', #697, 1.);
#699 = CARTESIAN_POINT('', (-3., -37.5, 30.));
#700 = LINE('', #699, #698);
#701 = DIRECTION('', (0., -1., 0.));
#702 = VECTOR('', #701, 1.);
#703 = CARTESIAN_POINT('', (3., -37.5, 30.));
#704 = LINE('', #703, #702);
#705 = DIRECTION('', (0., -1., 0.));
#706 = VECTOR('', #705, 1.);
#707 = CARTESIAN_POINT('', (3., -37.5, 10.));
#708 = LINE('', #707, #706);
#709 = DIRECTION('', (0., -0., -1.));
#710 = VECTOR('', #709, 1.);
#711 = CARTESIAN_POINT('', (-25.5, 40., 37.5));
#712 = LINE('', #711, #710);
#713 = DIRECTION('', (1., -0., 0.));
#714 = VECTOR('', #713, 1.);
#715 = CARTESIAN_POINT('', (-27.5, 40., 37.5));
#716 = LINE('', #715, #714);
#717 = DIRECTION('', (0., -0., 1.));
#718 = VECTOR('', #717, 1.);
#719 = CARTESIAN_POINT('', (-27.5, 40., 22.5));
#720 = LINE('', #719, #718);
#721 = DIRECTION('', (-1., -0., 0.));
#722 = VECTOR('', #721, 1.);
#723 = CARTESIAN_POINT('', (-25.5, 40., 22.5));
#724 = LINE('', #723, #722);
#725 = DIRECTION('', (0., -0., -1.));
#726 = VECTOR('', #725, 1.);
#727 = CARTESIAN_POINT('', (-25.5, 37.5, 37.5));
#728 = LINE('', #727, #726);
#729 = DIRECTION('', (1., -0., 0.));
#730 = VECTOR('', #729, 1.);
#731 = CARTESIAN_POINT('', (-27.5, 37.5, 37.5));
#732 = LINE('', #731, #730);
#733 = DIRECTION('', (0., 0., 1.));
#734 = VECTOR('', #733, 1.);
#735 = CARTESIAN_POINT('', (-27.5, 37.5, 22.5));
#736 = LINE('', #735, #734);
#737 = DIRECTION('', (-1., -0., 0.));
#738 = VECTOR('', #737, 1.);
#739 = CARTESIAN_POINT('', (-25.5, 37.5, 22.5));
#740 = LINE('', #739, #738);
#741 = DIRECTION('', (0., -1., 0.));
#742 = VECTOR('', #741, 1.);
#743 = CARTESIAN_POINT('', (-27.5, 40., 22.5));
#744 = LINE('', #743, #742);
#745 = DIRECTION('', (0., -1., 0.));
#746 = VECTOR('', #745, 1.);
#747 = CARTESIAN_POINT('', (-27.5, 40., 37.5));
#748 = LINE('', #747, #746);
#749 = DIRECTION('', (0., -1., 0.));
#750 = VECTOR('', #749, 1.);
#751 = CARTESIAN_POINT('', (-25.5, 40., 22.5));
#752 = LINE('', #751, #750);
#753 = DIRECTION('', (0., -1., 0.));
#754 = VECTOR('', #753, 1.);
#755 = CARTESIAN_POINT('', (-25.5, 40., 37.5));
#756 = LINE('', #755, #754);
#757 = DIRECTION('', (0., -0., -1.));
#758 = VECTOR('', #757, 1.);
#759 = CARTESIAN_POINT('', (1., 40., 37.5));
#760 = LINE('', #759, #758);
#761 = DIRECTION('', (1., -0., 0.));
#762 = VECTOR('', #761, 1.);
#763 = CARTESIAN_POINT('', (-1., 40., 37.5));
#764 = LINE('', #763, #762);
#765 = DIRECTION('', (0., -0., 1.));
#766 = VECTOR('', #765, 1.);
#767 = CARTESIAN_POINT('', (-1., 40., 22.5));
#768 = LINE('', #767, #766);
#769 = DIRECTION('', (-1., -0., 0.));
#770 = VECTOR('', #769, 1.);
#771 = CARTESIAN_POINT('', (1., 40., 22.5));
#772 = LINE('', #771, #770);
#773 = DIRECTION('', (0., -0., -1.));
#774 = VECTOR('', #773, 1.);
#775 = CARTESIAN_POINT('', (1., 37.5, 37.5));
#776 = LINE('', #775, #774);
#777 = DIRECTION('', (1., -0., 0.));
#778 = VECTOR('', #777, 1.);
#779 = CARTESIAN_POINT('', (-1., 37.5, 37.5));
#780 = LINE('', #779, #778);
#781 = DIRECTION('', (0., 0., 1.));
#782 = VECTOR('', #781, 1.);
#783 = CARTESIAN_POINT('', (-1., 37.5, 22.5));
#784 = LINE('', #783, #782);
#785 = DIRECTION('', (-1., -0., 0.));
#786 = VECTOR('', #785, 1.);
#787 = CARTESIAN_POINT('', (1., 37.5, 22.5));
#788 = LINE('', #787, #786);
#789 = DIRECTION('', (0., -1., 0.));
#790 = VECTOR('', #789, 1.);
#791 = CARTESIAN_POINT('', (-1., 40., 22.5));
#792 = LINE('', #791, #790);
#793 = DIRECTION('', (0., -1., 0.));
#794 = VECTOR('', #793, 1.);
#795 = CARTESIAN_POINT('', (-1., 40., 37.5));
#796 = LINE('', #795, #794);
#797 = DIRECTION('', (0., -1., 0.));
#798 = VECTOR('', #797, 1.);
#799 = CARTESIAN_POINT('', (1., 40., 22.5));
#800 = LINE('', #799, #798);
#801 = DIRECTION('', (0., -1., 0.));
#802 = VECTOR('', #801, 1.);
#803 = CARTESIAN_POINT('', (1., 40., 37.5));
#804 = LINE('', #803, #802);
#805 = DIRECTION('', (0., -0., -1.));
#806 = VECTOR('', #805, 1.);
#807 = CARTESIAN_POINT('', (27.5, 40., 37.5));
#808 = LINE('', #807, #806);
#809 = DIRECTION('', (1., -0., 0.));
#810 = VECTOR('', #809, 1.);
#811 = CARTESIAN_POINT('', (25.5, 40., 37.5));
#812 = LINE('', #811, #810);
#813 = DIRECTION('', (0., -0., 1.));
#814 = VECTOR('', #813, 1.);
#815 = CARTESIAN_POINT('', (25.5, 40., 22.5));
#816 = LINE('', #815, #814);
#817 = DIRECTION('', (-1., -0., 0.));
#818 = VECTOR('', #817, 1.);
#819 = CARTESIAN_POINT('', (27.5, 40., 22.5));
#820 = LINE('', #819, #818);
#821 = DIRECTION('', (0., -0., -1.));
#822 = VECTOR('', #821, 1.);
#823 = CARTESIAN_POINT('', (27.5, 37.5, 37.5));
#824 = LINE('', #823, #822);
#825 = DIRECTION('', (1., -0., 0.));
#826 = VECTOR('', #825, 1.);
#827 = CARTESIAN_POINT('', (25.5, 37.5, 37.5));
#828 = LINE('', #827, #826);
#829 = DIRECTION('', (0., 0., 1.));
#830 = VECTOR('', #829, 1.);
#831 = CARTESIAN_POINT('', (25.5, 37.5, 22.5));
#832 = LINE('', #831, #830);
#833 = DIRECTION('', (-1., -0., 0.));
#834 = VECTOR('', #833, 1.);
#835 = CARTESIAN_POINT('', (27.5, 37.5, 22.5));
#836 = LINE('', #835, #834);
#837 = DIRECTION('', (0., -1., 0.));
#838 = VECTOR('', #837, 1.);
#839 = CARTESIAN_POINT('', (25.5, 40., 22.5));
#840 = LINE('', #839, #838);
#841 = DIRECTION('', (0., -1., 0.));
#842 = VECTOR('', #841, 1.);
#843 = CARTESIAN_POINT('', (25.5, 40., 37.5));
#844 = LINE('', #843, #842);
#845 = DIRECTION('', (0., -1., 0.));
#846 = VECTOR('', #845, 1.);
#847 = CARTESIAN_POINT('', (27.5, 40., 22.5));
#848 = LINE('', #847, #846);
#849 = DIRECTION('', (0., -1., 0.));
#850 = VECTOR('', #849, 1.);
#851 = CARTESIAN_POINT('', (27.5, 40., 37.5));
#852 = LINE('', #851, #850);
#853 = DIRECTION('', (0.57735027, -0.57735027, -0.57735027));
#854 = VECTOR('', #853, 1.);
#855 = CARTESIAN_POINT('', (54.5, -37., 62.));
#856 = LINE('', #855, #854);
#857 = DIRECTION('', (0., 1., 0.));
#858 = VECTOR('', #857, 1.);
#859 = CARTESIAN_POINT('', (54.5, -37., 62.));
#860 = LINE('', #859, #858);
#861 = DIRECTION('', (-0.57735027, 0.57735027, -0.57735027));
#862 = VECTOR('', #861, 1.);
#863 = CARTESIAN_POINT('', (-54.5, 37., 62.));
#864 = LINE('', #863, #862);
#865 = DIRECTION('', (0., -1., 0.));
#866 = VECTOR('', #865, 1.);
#867 = CARTESIAN_POINT('', (-54.5, 37., 62.));
#868 = LINE('', #867, #866);
#869 = DIRECTION('', (-0.57735027, -0.57735027, -0.57735027));
#870 = VECTOR('', #869, 1.);
#871 = CARTESIAN_POINT('', (-54.5, -37., 62.));
#872 = LINE('', #871, #870);
#873 = DIRECTION('', (1., -0., 0.));
#874 = VECTOR('', #873, 1.);
#875 = CARTESIAN_POINT('', (-54.5, 37., 62.));
#876 = LINE('', #875, #874);
#877 = DIRECTION('', (1., -0., 0.));
#878 = VECTOR('', #877, 1.);
#879 = CARTESIAN_POINT('', (-54.5, -37., 62.));
#880 = LINE('', #879, #878);
#881 = DIRECTION('', (0., 1., 0.));
#882 = VECTOR('', #881, 1.);
#883 = CARTESIAN_POINT('', (54.5, -37., 60.));
#884 = LINE('', #883, #882);
#885 = DIRECTION('', (-0.57735027, 0.57735027, 0.57735027));
#886 = VECTOR('', #885, 1.);
#887 = CARTESIAN_POINT('', (-54.5, 37., 60.));
#888 = LINE('', #887, #886);
#889 = DIRECTION('', (0., -1., 0.));
#890 = VECTOR('', #889, 1.);
#891 = CARTESIAN_POINT('', (-54.5, 37., 60.));
#892 = LINE('', #891, #890);
#893 = DIRECTION('', (1., -0., 0.));
#894 = VECTOR('', #893, 1.);
#895 = CARTESIAN_POINT('', (-54.5, -37., 60.));
#896 = LINE('', #895, #894);
#897 = DIRECTION('', (1., -0., 0.));
#898 = VECTOR('', #897, 1.);
#899 = CARTESIAN_POINT('', (-54.5, 37., 60.));
#900 = LINE('', #899, #898);
#901 = DIRECTION('', (0., -0., -1.));
#902 = VECTOR('', #901, 1.);
#903 = CARTESIAN_POINT('', (54.5, 37.5, 61.5));
#904 = LINE('', #903, #902);
#905 = DIRECTION('', (0.57735027, -0.57735027, 0.57735027));
#906 = VECTOR('', #905, 1.);
#907 = CARTESIAN_POINT('', (54.5, 37.5, 61.5));
#908 = LINE('', #907, #906);
#909 = DIRECTION('', (-0.57735027, 0.57735027, 0.57735027));
#910 = VECTOR('', #909, 1.);
#911 = CARTESIAN_POINT('', (55., 37., 61.5));
#912 = LINE('', #911, #910);
#913 = DIRECTION('', (0.57735027, -0.57735027, -0.57735027));
#914 = VECTOR('', #913, 1.);
#915 = CARTESIAN_POINT('', (54.5, 37.5, 60.5));
#916 = LINE('', #915, #914);
#917 = DIRECTION('', (0.57735027, -0.57735027, 0.57735027));
#918 = VECTOR('', #917, 1.);
#919 = CARTESIAN_POINT('', (54.75, 37.25, 60.25));
#920 = LINE('', #919, #918);
#921 = DIRECTION('', (0., -0., -1.));
#922 = VECTOR('', #921, 1.);
#923 = CARTESIAN_POINT('', (55., 37., 61.5));
#924 = LINE('', #923, #922);
#925 = DIRECTION('', (-0.57735027, -0.57735027, 0.57735027));
#926 = VECTOR('', #925, 1.);
#927 = CARTESIAN_POINT('', (54.75, 37.25, 61.75));
#928 = LINE('', #927, #926);
#929 = DIRECTION('', (-0.57735027, -0.57735027, -0.57735027));
#930 = VECTOR('', #929, 1.);
#931 = CARTESIAN_POINT('', (54.75, 37.25, 60.25));
#932 = LINE('', #931, #930);
#933 = DIRECTION('', (-1., -0., 0.));
#934 = VECTOR('', #933, 1.);
#935 = CARTESIAN_POINT('', (54.5, 37.5, 60.5));
#936 = LINE('', #935, #934);
#937 = DIRECTION('', (-1., -0., 0.));
#938 = VECTOR('', #937, 1.);
#939 = CARTESIAN_POINT('', (54.5, 37.5, 61.5));
#940 = LINE('', #939, #938);
#941 = DIRECTION('', (0.57735027, 0.57735027, -0.57735027));
#942 = VECTOR('', #941, 1.);
#943 = CARTESIAN_POINT('', (54.75, -37.25, 61.75));
#944 = LINE('', #943, #942);
#945 = DIRECTION('', (0.57735027, 0.57735027, 0.57735027));
#946 = VECTOR('', #945, 1.);
#947 = CARTESIAN_POINT('', (54.5, -37.5, 61.5));
#948 = LINE('', #947, #946);
#949 = DIRECTION('', (-0.57735027, -0.57735027, -0.57735027));
#950 = VECTOR('', #949, 1.);
#951 = CARTESIAN_POINT('', (55., -37., 60.5));
#952 = LINE('', #951, #950);
#953 = DIRECTION('', (0., -0., 1.));
#954 = VECTOR('', #953, 1.);
#955 = CARTESIAN_POINT('', (54.5, -37.5, 60.5));
#956 = LINE('', #955, #954);
#957 = DIRECTION('', (-0.57735027, -0.57735027, 0.57735027));
#958 = VECTOR('', #957, 1.);
#959 = CARTESIAN_POINT('', (54.75, -37.25, 60.25));
#960 = LINE('', #959, #958);
#961 = DIRECTION('', (0., -0., 1.));
#962 = VECTOR('', #961, 1.);
#963 = CARTESIAN_POINT('', (55., -37., 60.5));
#964 = LINE('', #963, #962);
#965 = DIRECTION('', (-0.57735027, 0.57735027, -0.57735027));
#966 = VECTOR('', #965, 1.);
#967 = CARTESIAN_POINT('', (54.75, -37.25, 60.25));
#968 = LINE('', #967, #966);
#969 = DIRECTION('', (0., 1., 0.));
#970 = VECTOR('', #969, 1.);
#971 = CARTESIAN_POINT('', (55., -37., 60.5));
#972 = LINE('', #971, #970);
#973 = DIRECTION('', (0., 1., 0.));
#974 = VECTOR('', #973, 1.);
#975 = CARTESIAN_POINT('', (55., -37., 61.5));
#976 = LINE('', #975, #974);
#977 = DIRECTION('', (0.57735027, -0.57735027, -0.57735027));
#978 = VECTOR('', #977, 1.);
#979 = CARTESIAN_POINT('', (-54.75, -37.25, 61.75));
#980 = LINE('', #979, #978);
#981 = DIRECTION('', (0.57735027, -0.57735027, 0.57735027));
#982 = VECTOR('', #981, 1.);
#983 = CARTESIAN_POINT('', (-55., -37., 61.5));
#984 = LINE('', #983, #982);
#985 = DIRECTION('', (-0.57735027, 0.57735027, -0.57735027));
#986 = VECTOR('', #985, 1.);
#987 = CARTESIAN_POINT('', (-54.5, -37.5, 60.5));
#988 = LINE('', #987, #986);
#989 = DIRECTION('', (-0.57735027, 0.57735027, 0.57735027));
#990 = VECTOR('', #989, 1.);
#991 = CARTESIAN_POINT('', (-54.75, -37.25, 60.25));
#992 = LINE('', #991, #990);
#993 = DIRECTION('', (0., -0., 1.));
#994 = VECTOR('', #993, 1.);
#995 = CARTESIAN_POINT('', (-55., -37., 60.5));
#996 = LINE('', #995, #994);
#997 = DIRECTION('', (0., -0., 1.));
#998 = VECTOR('', #997, 1.);
#999 = CARTESIAN_POINT('', (-54.5, -37.5, 60.5));
#1000 = LINE('', #999, #998);
#1001 = DIRECTION('', (1., -0., 0.));
#1002 = VECTOR('', #1001, 1.);
#1003 = CARTESIAN_POINT('', (-54.5, -37.5, 60.5));
#1004 = LINE('', #1003, #1002);
#1005 = DIRECTION('', (0.57735027, 0.57735027, -0.57735027));
#1006 = VECTOR('', #1005, 1.);
#1007 = CARTESIAN_POINT('', (-54.75, -37.25, 60.25));
#1008 = LINE('', #1007, #1006);
#1009 = DIRECTION('', (1., -0., 0.));
#1010 = VECTOR('', #1009, 1.);
#1011 = CARTESIAN_POINT('', (-54.5, -37.5, 61.5));
#1012 = LINE('', #1011, #1010);
#1013 = DIRECTION('', (0.57735027, 0.57735027, -0.57735027));
#1014 = VECTOR('', #1013, 1.);
#1015 = CARTESIAN_POINT('', (-54.75, 37.25, 61.75));
#1016 = LINE('', #1015, #1014);
#1017 = DIRECTION('', (-0.57735027, -0.57735027, -0.57735027));
#1018 = VECTOR('', #1017, 1.);
#1019 = CARTESIAN_POINT('', (-54.75, 37.25, 61.75));
#1020 = LINE('', #1019, #1018);
#1021 = DIRECTION('', (0.57735027, 0.57735027, 0.57735027));
#1022 = VECTOR('', #1021, 1.);
#1023 = CARTESIAN_POINT('', (-54.75, 37.25, 60.25));
#1024 = LINE('', #1023, #1022);
#1025 = DIRECTION('', (0.57735027, 0.57735027, -0.57735027));
#1026 = VECTOR('', #1025, 1.);
#1027 = CARTESIAN_POINT('', (-55., 37., 60.5));
#1028 = LINE('', #1027, #1026);
#1029 = DIRECTION('', (0., -0., 1.));
#1030 = VECTOR('', #1029, 1.);
#1031 = CARTESIAN_POINT('', (-54.5, 37.5, 60.5));
#1032 = LINE('', #1031, #1030);
#1033 = DIRECTION('', (0., -0., 1.));
#1034 = VECTOR('', #1033, 1.);
#1035 = CARTESIAN_POINT('', (-55., 37., 60.5));
#1036 = LINE('', #1035, #1034);
#1037 = DIRECTION('', (0., -1., 0.));
#1038 = VECTOR('', #1037, 1.);
#1039 = CARTESIAN_POINT('', (-55., 37., 61.5));
#1040 = LINE('', #1039, #1038);
#1041 = DIRECTION('', (0., -1., 0.));
#1042 = VECTOR('', #1041, 1.);
#1043 = CARTESIAN_POINT('', (-55., 37., 60.5));
#1044 = LINE('', #1043, #1042);
#1045 = DIRECTION('', (0.70710678, -0., 0.70710678));
#1046 = VECTOR('', #1045, 1.);
#1047 = CARTESIAN_POINT('', (-45., 37.5, 61.5));
#1048 = LINE('', #1047, #1046);
#1049 = DIRECTION('', (-0., 0., 1.));
#1050 = DIRECTION('', (1., -0., 0.));
#1051 = CARTESIAN_POINT('', (-44.5, 37.5, 61.));
#1052 = AXIS2_PLACEMENT_3D('', #1051, #1050, #1049);
#1053 = CIRCLE('', #1052, 1.);
#1054 = DIRECTION('', (1., -0., 0.));
#1055 = VECTOR('', #1054, 1.);
#1056 = CARTESIAN_POINT('', (-44.5, 37.5, 62.));
#1057 = LINE('', #1056, #1055);
#1058 = DIRECTION('', (0., -0., 1.));
#1059 = DIRECTION('', (1., 0., -0.));
#1060 = CARTESIAN_POINT('', (-33.5, 37.5, 61.));
#1061 = AXIS2_PLACEMENT_3D('', #1060, #1059, #1058);
#1062 = CIRCLE('', #1061, 1.);
#1063 = DIRECTION('', (0.70710678, -0., -0.70710678));
#1064 = VECTOR('', #1063, 1.);
#1065 = CARTESIAN_POINT('', (-33.5, 37.5, 62.));
#1066 = LINE('', #1065, #1064);
#1067 = DIRECTION('', (0., -0., -1.));
#1068 = DIRECTION('', (1., -0., 0.));
#1069 = CARTESIAN_POINT('', (-45., 37.5, 61.));
#1070 = AXIS2_PLACEMENT_3D('', #1069, #1068, #1067);
#1071 = CIRCLE('', #1070, 0.5);
#1072 = DIRECTION('', (0., -0., -1.));
#1073 = DIRECTION('', (1., -0., 0.));
#1074 = CARTESIAN_POINT('', (-44.5, 37.5, 61.));
#1075 = AXIS2_PLACEMENT_3D('', #1074, #1073, #1072);
#1076 = CIRCLE('', #1075, 1.);
#1077 = DIRECTION('', (0.70710678, -0., -0.70710678));
#1078 = VECTOR('', #1077, 1.);
#1079 = CARTESIAN_POINT('', (-45., 37.5, 60.5));
#1080 = LINE('', #1079, #1078);
#1081 = DIRECTION('', (0., -0., -1.));
#1082 = DIRECTION('', (1., -0., 0.));
#1083 = CARTESIAN_POINT('', (-33.5, 37.5, 61.));
#1084 = AXIS2_PLACEMENT_3D('', #1083, #1082, #1081);
#1085 = CIRCLE('', #1084, 1.);
#1086 = DIRECTION('', (1., -0., 0.));
#1087 = VECTOR('', #1086, 1.);
#1088 = CARTESIAN_POINT('', (-44.5, 37.5, 60.));
#1089 = LINE('', #1088, #1087);
#1090 = DIRECTION('', (0., -0., -1.));
#1091 = DIRECTION('', (1., -0., 0.));
#1092 = CARTESIAN_POINT('', (-33., 37.5, 61.));
#1093 = AXIS2_PLACEMENT_3D('', #1092, #1091, #1090);
#1094 = CIRCLE('', #1093, 0.5);
#1095 = DIRECTION('', (0.70710678, -0., 0.70710678));
#1096 = VECTOR('', #1095, 1.);
#1097 = CARTESIAN_POINT('', (-33.5, 37.5, 60.));
#1098 = LINE('', #1097, #1096);
#1099 = CARTESIAN_POINT('', (-45., 37.5, 61.5));
#1100 = CARTESIAN_POINT('', (-44.99745626, 37.49745626, 61.50254374));
#1101 = CARTESIAN_POINT('', (-44.99361869, 37.49364781, 61.50635219));
#1102 = CARTESIAN_POINT('', (-44.98846474, 37.48858759, 61.51141241));
#1103 = CARTESIAN_POINT('', (-44.98458105, 37.48480084, 61.51519916));
#1104 = CARTESIAN_POINT('', (-44.98025261, 37.48060869, 61.51939131));
#1105 = CARTESIAN_POINT('', (-44.97503622, 37.47559462, 61.52440538));
#1106 = CARTESIAN_POINT('', (-44.96847329, 37.46934486, 61.53065514));
#1107 = CARTESIAN_POINT('', (-44.96141641, 37.46269724, 61.53730276));
#1108 = CARTESIAN_POINT('', (-44.95474884, 37.45648032, 61.54351968));
#1109 = CARTESIAN_POINT('', (-44.94938022, 37.45151436, 61.54848564));
#1110 = CARTESIAN_POINT('', (-44.94488465, 37.44738078, 61.55261922));
#1111 = CARTESIAN_POINT('', (-44.94082534, 37.44366687, 61.55633313));
#1112 = CARTESIAN_POINT('', (-44.9367575, 37.43996315, 61.56003685));
#1113 = CARTESIAN_POINT('', (-44.93223083, 37.43586097, 61.56413903));
#1114 = CARTESIAN_POINT('', (-44.92723893, 37.43136122, 61.56863878));
#1115 = CARTESIAN_POINT('', (-44.92177414, 37.42646399, 61.57353601));
#1116 = CARTESIAN_POINT('', (-44.91674726, 37.42198457, 61.57801543));
#1117 = CARTESIAN_POINT('', (-44.91216574, 37.41792144, 61.58207856));
#1118 = CARTESIAN_POINT('', (-44.90803533, 37.41427293, 61.58572707));
#1119 = CARTESIAN_POINT('', (-44.9038964, 37.41063102, 61.58936898));
#1120 = CARTESIAN_POINT('', (-44.89974641, 37.40699312, 61.59300688));
#1121 = CARTESIAN_POINT('', (-44.89558394, 37.40335769, 61.59664231));
#1122 = CARTESIAN_POINT('', (-44.89140901, 37.39972442, 61.60027558));
#1123 = CARTESIAN_POINT('', (-44.88722235, 37.39609367, 61.60390633));
#1124 = CARTESIAN_POINT('', (-44.88302536, 37.39246638, 61.60753362));
#1125 = CARTESIAN_POINT('', (-44.87882016, 37.38884406, 61.61115594));
#1126 = CARTESIAN_POINT('', (-44.8746085, 37.38522794, 61.61477206));
#1127 = CARTESIAN_POINT('', (-44.87039085, 37.38161812, 61.61838188));
#1128 = CARTESIAN_POINT('', (-44.86616701, 37.37801415, 61.62198585));
#1129 = CARTESIAN_POINT('', (-44.86193688, 37.37441566, 61.62558434));
#1130 = CARTESIAN_POINT('', (-44.85770028, 37.37082225, 61.62917775));
#1131 = CARTESIAN_POINT('', (-44.85345654, 37.36723308, 61.63276692));
#1132 = CARTESIAN_POINT('', (-44.84920512, 37.3636475, 61.6363525));
#1133 = CARTESIAN_POINT('', (-44.84494631, 37.36006549, 61.6399345));
#1134 = CARTESIAN_POINT('', (-44.84068119, 37.35648778, 61.64351222));
#1135 = CARTESIAN_POINT('', (-44.83641033, 37.35291458, 61.64708542));
#1136 = CARTESIAN_POINT('', (-44.83165791, 37.34894863, 61.65105137));
#1137 = CARTESIAN_POINT('', (-44.82594402, 37.34419417, 61.65580583));
#1138 = CARTESIAN_POINT('', (-44.81926247, 37.3386547, 61.6613453));
#1139 = CARTESIAN_POINT('', (-44.81256579, 37.33312423, 61.66687577));
#1140 = CARTESIAN_POINT('', (-44.80633597, 37.32799665, 61.67200335));
#1141 = CARTESIAN_POINT('', (-44.80009579, 37.32287546, 61.67712454));
#1142 = CARTESIAN_POINT('', (-44.79336271, 37.31736732, 61.68263268));
#1143 = CARTESIAN_POINT('', (-44.78661643, 37.31186719, 61.68813281));
#1144 = CARTESIAN_POINT('', (-44.78082498, 37.30715948, 61.69284052));
#1145 = CARTESIAN_POINT('', (-44.77599329, 37.30324073, 61.69675927));
#1146 = CARTESIAN_POINT('', (-44.77115608, 37.29932487, 61.70067513));
#1147 = CARTESIAN_POINT('', (-44.7658278, 37.29502076, 61.70497924));
#1148 = CARTESIAN_POINT('', (-44.76000715, 37.29033014, 61.70966986));
#1149 = CARTESIAN_POINT('', (-44.75466546, 37.28603551, 61.71396449));
#1150 = CARTESIAN_POINT('', (-44.74980574, 37.2821361, 61.7178639));
#1151 = CARTESIAN_POINT('', (-44.74494327, 37.27824099, 61.72175901));
#1152 = CARTESIAN_POINT('', (-44.73910165, 37.27357042, 61.72642958));
#1153 = CARTESIAN_POINT('', (-44.73178702, 37.26773605, 61.73226395));
#1154 = CARTESIAN_POINT('', (-44.72396896, 37.26151772, 61.73848228));
#1155 = CARTESIAN_POINT('', (-44.7166255, 37.25569273, 61.74430727));
#1156 = CARTESIAN_POINT('', (-44.71074235, 37.25103614, 61.74896386));
#1157 = CARTESIAN_POINT('', (-44.70583594, 37.24715899, 61.75284101));
#1158 = CARTESIAN_POINT('', (-44.70141844, 37.24367298, 61.75632702));
#1159 = CARTESIAN_POINT('', (-44.69699853, 37.24018978, 61.75981022));
#1160 = CARTESIAN_POINT('', (-44.69257565, 37.23670884, 61.76329116));
#1161 = CARTESIAN_POINT('', (-44.68815026, 37.23323045, 61.76676955));
#1162 = CARTESIAN_POINT('', (-44.6832316, 37.22936928, 61.77063072));
#1163 = CARTESIAN_POINT('', (-44.67732592, 37.22474007, 61.77525993));
#1164 = CARTESIAN_POINT('', (-44.66993593, 37.21895797, 61.78104203));
#1165 = CARTESIAN_POINT('', (-44.6615479, 37.21240925, 61.78759075));
#1166 = CARTESIAN_POINT('', (-44.65265145, 37.20547951, 61.79452049));
#1167 = CARTESIAN_POINT('', (-44.64374025, 37.19855362, 61.80144638));
#1168 = CARTESIAN_POINT('', (-44.63531216, 37.19201723, 61.80798277));
#1169 = CARTESIAN_POINT('', (-44.62786795, 37.18625482, 61.81374518));
#1170 = CARTESIAN_POINT('', (-44.62190917, 37.1816492, 61.8183508));
#1171 = CARTESIAN_POINT('', (-44.61694185, 37.17781429, 61.82218571));
#1172 = CARTESIAN_POINT('', (-44.61197312, 37.173982, 61.826018));
#1173 = CARTESIAN_POINT('', (-44.60600783, 37.16938618, 61.83061382));
#1174 = CARTESIAN_POINT('', (-44.59854631, 37.16364564, 61.83635436));
#1175 = CARTESIAN_POINT('', (-44.59008175, 37.15714421, 61.84285579));
#1176 = CARTESIAN_POINT('', (-44.5811087, 37.15026427, 61.84973573));
#1177 = CARTESIAN_POINT('', (-44.57212536, 37.14338813, 61.85661187));
#1178 = CARTESIAN_POINT('', (-44.56313324, 37.13651659, 61.86348341));
#1179 = CARTESIAN_POINT('', (-44.55413458, 37.12965099, 61.87034901));
#1180 = CARTESIAN_POINT('', (-44.54512956, 37.12279116, 61.87720884));
#1181 = CARTESIAN_POINT('', (-44.53611797, 37.1159366, 61.8840634));
#1182 = CARTESIAN_POINT('', (-44.52709923, 37.10908658, 61.89091342));
#1183 = CARTESIAN_POINT('', (-44.5150645, 37.09995869, 61.90004131));
#1184 = CARTESIAN_POINT('', (-44.50602841, 37.09311922, 61.90688078));
#1185 = CARTESIAN_POINT('', (-44.5, 37.08856217, 61.91143783));
#1186 = B_SPLINE_CURVE_WITH_KNOTS('', 3, (#1099, #1100, #1101, #1102, #1103, #1104, #1105, #1106, #1107, #1108, #1109, #1110, #1111, #1112, #1113, #1114, #1115, #1116, #1117, #1118, #1119, #1120, #1121, #1122, #1123, #1124, #1125, #1126, #1127, #1128, #1129, #1130, #1131, #1132, #1133, #1134, #1135, #1136, #1137, #1138, #1139, #1140, #1141, #1142, #1143, #1144, #1145, #1146, #1147, #1148, #1149, #1150, #1151, #1152, #1153, #1154, #1155, #1156, #1157, #1158, #1159, #1160, #1161, #1162, #1163, #1164, #1165, #1166, #1167, #1168, #1169, #1170, #1171, #1172, #1173, #1174, #1175, #1176, #1177, #1178, #1179, #1180, #1181, #1182, #1183, #1184, #1185), .UNSPECIFIED., .F., .F., (4, 1, 1, 1, 1, 1, 1, 1, 1, 1, 1, 1, 1, 1, 1, 1, 1, 1, 1, 1, 1, 1, 1, 1, 1, 1, 1, 1, 1, 1, 1, 1, 1, 1, 1, 1, 1, 1, 1, 1, 1, 1, 1, 1, 1, 1, 1, 1, 1, 1, 1, 1, 1, 1, 1, 1, 1, 1, 1, 1, 1, 1, 1, 1, 1, 1, 1, 1, 1, 1, 1, 1, 1, 1, 1, 1, 1, 1, 1, 1, 1, 1, 1, 1, 4), (0., 0.01721746, 0.02584343, 0.03446314, 0.04306884, 0.05452901, 0.06886364, 0.08608872, 0.10046553, 0.11198384, 0.12063347, 0.12928377, 0.13792436, 0.1465499, 0.15803926, 0.16953058, 0.18102516, 0.18964198, 0.19824937, 0.20685335, 0.21546258, 0.22407984, 0.23270384, 0.24133444, 0.24996987, 0.25860462, 0.26723426, 0.27585929, 0.28448205, 0.29310224, 0.30171962, 0.31033699, 0.3189571, 0.32757853, 0.33619934, 0.34481717, 0.35343402, 0.36492734, 0.37929885, 0.39367033, 0.40516428, 0.41665797, 0.43102908, 0.44540043, 0.45689443, 0.46551245, 0.47413254, 0.48562867, 0.49712517, 0.50861986, 0.51723657, 0.52584908, 0.53733311, 0.55169492, 0.56893873, 0.58331573, 0.59482072, 0.60344712, 0.61206885, 0.62068894, 0.62931003, 0.63793026, 0.6465464, 0.65802943, 0.67238488, 0.68961725, 0.70685862, 0.72410862, 0.74136398, 0.75574268, 0.76724143, 0.77586167, 0.78448244, 0.79597428, 0.81033659, 0.82757181, 0.8448122, 0.86205932, 0.87930643, 0.8965514, 0.91379179, 0.93103243, 0.94827358, 0.9655146, 1.), .UNSPECIFIED.);
#1187 = DIRECTION('', (-1., -0., 0.));
#1188 = VECTOR('', #1187, 1.);
#1189 = CARTESIAN_POINT('', (-33.5, 37.08856217, 61.91143783));
#1190 = LINE('', #1189, #1188);
#1191 = CARTESIAN_POINT('', (-33., 37.5, 61.5));
#1192 = CARTESIAN_POINT('', (-33.00216613, 37.49783387, 61.50216613));
#1193 = CARTESIAN_POINT('', (-33.00543103, 37.49459009, 61.50540991));
#1194 = CARTESIAN_POINT('', (-33.00981304, 37.4902764, 61.5097236));
#1195 = CARTESIAN_POINT('', (-33.01311752, 37.48704288, 61.51295712));
#1196 = CARTESIAN_POINT('', (-33.01643825, 37.48381236, 61.51618764));
#1197 = CARTESIAN_POINT('', (-33.01977468, 37.48058496, 61.51941504));
#1198 = CARTESIAN_POINT('', (-33.02312483, 37.4773622, 61.5226378));
#1199 = CARTESIAN_POINT('', (-33.0264856, 37.47414661, 61.52585339));
#1200 = CARTESIAN_POINT('', (-33.02985479, 37.47093985, 61.52906015));
#1201 = CARTESIAN_POINT('', (-33.03323231, 37.46774153, 61.53225847));
#1202 = CARTESIAN_POINT('', (-33.03661903, 37.46455042, 61.53544958));
#1203 = CARTESIAN_POINT('', (-33.04001521, 37.46136587, 61.53863413));
#1204 = CARTESIAN_POINT('', (-33.04379993, 37.45783372, 61.54216628));
#1205 = CARTESIAN_POINT('', (-33.04797868, 37.45395473, 61.54604527));
#1206 = CARTESIAN_POINT('', (-33.05255744, 37.44972963, 61.55027037));
#1207 = CARTESIAN_POINT('', (-33.05715531, 37.44551124, 61.55448876));
#1208 = CARTESIAN_POINT('', (-33.06176964, 37.44130128, 61.55869872));
#1209 = CARTESIAN_POINT('', (-33.06639785, 37.43710138, 61.56289862));
#1210 = CARTESIAN_POINT('', (-33.07065247, 37.4332606, 61.5667394));
#1211 = CARTESIAN_POINT('', (-33.0745302, 37.42977552, 61.57022448));
#1212 = CARTESIAN_POINT('', (-33.07802802, 37.42664352, 61.57335648));
#1213 = CARTESIAN_POINT('', (-33.08153347, 37.42351602, 61.57648398));
#1214 = CARTESIAN_POINT('', (-33.08504652, 37.42039281, 61.57960719));
#1215 = CARTESIAN_POINT('', (-33.08856766, 37.4172732, 61.5827268));
#1216 = CARTESIAN_POINT('', (-33.0920967, 37.41415718, 61.58584282));
#1217 = CARTESIAN_POINT('', (-33.09563206, 37.41104586, 61.58895414));
#1218 = CARTESIAN_POINT('', (-33.09917243, 37.40794019, 61.59205981));
#1219 = CARTESIAN_POINT('', (-33.10271824, 37.40483955, 61.59516045));
#1220 = CARTESIAN_POINT('', (-33.10627111, 37.40174231, 61.59825769));
#1221 = CARTESIAN_POINT('', (-33.1098323, 37.3986472, 61.6013528));
#1222 = CARTESIAN_POINT('', (-33.11340221, 37.39555368, 61.60444632));
#1223 = CARTESIAN_POINT('', (-33.11698041, 37.39246195, 61.60753805));
#1224 = CARTESIAN_POINT('', (-33.12056548, 37.38937306, 61.61062694));
#1225 = CARTESIAN_POINT('', (-33.12415541, 37.38628857, 61.61371143));
#1226 = CARTESIAN_POINT('', (-33.12774923, 37.38320912, 61.61679088));
#1227 = CARTESIAN_POINT('', (-33.13134764, 37.38013393, 61.61986607));
#1228 = CARTESIAN_POINT('', (-33.1349514, 37.37706218, 61.62293782));
#1229 = CARTESIAN_POINT('', (-33.1385599, 37.37399424, 61.62600576));
#1230 = CARTESIAN_POINT('', (-33.14217217, 37.37093075, 61.62906925));
#1231 = CARTESIAN_POINT('', (-33.14578853, 37.3678713, 61.6321287));
#1232 = CARTESIAN_POINT('', (-33.14981333, 37.36447446, 61.63552554));
#1233 = CARTESIAN_POINT('', (-33.15425002, 37.36074024, 61.63925976));
#1234 = CARTESIAN_POINT('', (-33.15910119, 37.35666963, 61.64333037));
#1235 = CARTESIAN_POINT('', (-33.16396255, 37.3526026, 61.6473974));
#1236 = CARTESIAN_POINT('', (-33.16923809, 37.34820183, 61.65179816));
#1237 = CARTESIAN_POINT('', (-33.17533504, 37.34313201, 61.65686799));
#1238 = CARTESIAN_POINT('', (-33.18225732, 37.3373975, 61.6626025));
#1239 = CARTESIAN_POINT('', (-33.18960161, 37.33133736, 61.66866264));
#1240 = CARTESIAN_POINT('', (-33.19696153, 37.32528736, 61.67471264));
#1241 = CARTESIAN_POINT('', (-33.20392901, 37.31958089, 61.68041911));
#1242 = CARTESIAN_POINT('', (-33.21009052, 37.31455084, 61.68544916));
#1243 = CARTESIAN_POINT('', (-33.21502818, 37.31053025, 61.68946975));
#1244 = CARTESIAN_POINT('', (-33.2191465, 37.30718336, 61.69281664));
#1245 = CARTESIAN_POINT('', (-33.22285427, 37.30417507, 61.69582493));
#1246 = CARTESIAN_POINT('', (-33.22656417, 37.3011699, 61.6988301));
#1247 = CARTESIAN_POINT('', (-33.23027762, 37.29816662, 61.70183338));
#1248 = CARTESIAN_POINT('', (-33.23399557, 37.29516437, 61.70483563));
#1249 = CARTESIAN_POINT('', (-33.23771822, 37.29216294, 61.70783706));
#1250 = CARTESIAN_POINT('', (-33.24144528, 37.28916246, 61.71083754));
#1251 = CARTESIAN_POINT('', (-33.24517589, 37.28616357, 61.71383643));
#1252 = CARTESIAN_POINT('', (-33.24890875, 37.28316724, 61.71683276));
#1253 = CARTESIAN_POINT('', (-33.25305812, 37.27984134, 61.72015866));
#1254 = CARTESIAN_POINT('', (-33.25804129, 37.27585364, 61.72414636));
#1255 = CARTESIAN_POINT('', (-33.26427752, 37.27087349, 61.72912651));
#1256 = CARTESIAN_POINT('', (-33.27135525, 37.26523515, 61.73476485));
#1257 = CARTESIAN_POINT('', (-33.27886003, 37.25927206, 61.74072794));
#1258 = CARTESIAN_POINT('', (-33.28637579, 37.25331516, 61.74668484));
#1259 = CARTESIAN_POINT('', (-33.29390234, 37.24736415, 61.75263585));
#1260 = CARTESIAN_POINT('', (-33.30143886, 37.24141922, 61.75858078));
#1261 = CARTESIAN_POINT('', (-33.30898471, 37.23548045, 61.76451955));
#1262 = CARTESIAN_POINT('', (-33.3165391, 37.22954804, 61.77045196));
#1263 = CARTESIAN_POINT('', (-33.32410135, 37.22362212, 61.77637788));
#1264 = CARTESIAN_POINT('', (-33.33167055, 37.21770303, 61.78229697));
#1265 = CARTESIAN_POINT('', (-33.33924704, 37.21179013, 61.78820987));
#1266 = CARTESIAN_POINT('', (-33.34683247, 37.20588177, 61.79411823));
#1267 = CARTESIAN_POINT('', (-33.35442815, 37.19997662, 61.80002338));
#1268 = CARTESIAN_POINT('', (-33.36203427, 37.1940742, 61.8059258));
#1269 = CARTESIAN_POINT('', (-33.36964911, 37.18817555, 61.81182445));
#1270 = CARTESIAN_POINT('', (-33.37727077, 37.18228187, 61.81771813));
#1271 = CARTESIAN_POINT('', (-33.3848976, 37.1763941, 61.8236059));
#1272 = CARTESIAN_POINT('', (-33.39253008, 37.17051162, 61.82948838));
#1273 = CARTESIAN_POINT('', (-33.40016856, 37.16463388, 61.83536612));
#1274 = CARTESIAN_POINT('', (-33.40781373, 37.1587601, 61.8412399));
#1275 = CARTESIAN_POINT('', (-33.41546523, 37.15289029, 61.84710971));
#1276 = CARTESIAN_POINT('', (-33.423123, 37.14702428, 61.85297572));
#1277 = CARTESIAN_POINT('', (-33.43078663, 37.14116215, 61.85883785));
#1278 = CARTESIAN_POINT('', (-33.43845572, 37.13530398, 61.86469602));
#1279 = CARTESIAN_POINT('', (-33.44613021, 37.12944962, 61.87055038));
#1280 = CARTESIAN_POINT('', (-33.45381003, 37.12359889, 61.87640111));
#1281 = CARTESIAN_POINT('', (-33.46149516, 37.11775162, 61.88224838));
#1282 = CARTESIAN_POINT('', (-33.46918559, 37.11190763, 61.88809237));
#1283 = CARTESIAN_POINT('', (-33.47688146, 37.10606663, 61.89393337));
#1284 = CARTESIAN_POINT('', (-33.48714965, 37.09828254, 61.90171746));
#1285 = CARTESIAN_POINT('', (-33.49485809, 37.09244909, 61.90755091));
#1286 = CARTESIAN_POINT('', (-33.5, 37.08856217, 61.91143783));
#1287 = B_SPLINE_CURVE_WITH_KNOTS('', 3, (#1191, #1192, #1193, #1194, #1195, #1196, #1197, #1198, #1199, #1200, #1201, #1202, #1203, #1204, #1205, #1206, #1207, #1208, #1209, #1210, #1211, #1212, #1213, #1214, #1215, #1216, #1217, #1218, #1219, #1220, #1221, #1222, #1223, #1224, #1225, #1226, #1227, #1228, #1229, #1230, #1231, #1232, #1233, #1234, #1235, #1236, #1237, #1238, #1239, #1240, #1241, #1242, #1243, #1244, #1245, #1246, #1247, #1248, #1249, #1250, #1251, #1252, #1253, #1254, #1255, #1256, #1257, #1258, #1259, #1260, #1261, #1262, #1263, #1264, #1265, #1266, #1267, #1268, #1269, #1270, #1271, #1272, #1273, #1274, #1275, #1276, #1277, #1278, #1279, #1280, #1281, #1282, #1283, #1284, #1285, #1286), .UNSPECIFIED., .F., .F., (4, 1, 1, 1, 1, 1, 1, 1, 1, 1, 1, 1, 1, 1, 1, 1, 1, 1, 1, 1, 1, 1, 1, 1, 1, 1, 1, 1, 1, 1, 1, 1, 1, 1, 1, 1, 1, 1, 1, 1, 1, 1, 1, 1, 1, 1, 1, 1, 1, 1, 1, 1, 1, 1, 1, 1, 1, 1, 1, 1, 1, 1, 1, 1, 1, 1, 1, 1, 1, 1, 1, 1, 1, 1, 1, 1, 1, 1, 1, 1, 1, 1, 1, 1, 1, 1, 1, 1, 1, 1, 1, 1, 1, 4), (0., 0.01466158, 0.0220034, 0.02935237, 0.03670908, 0.04407477, 0.05144594, 0.05881369, 0.06617207, 0.07352363, 0.08087345, 0.08822145, 0.09556625, 0.1053641, 0.1151699, 0.12498363, 0.13479762, 0.14460585, 0.15440898, 0.16176021, 0.16911277, 0.17646437, 0.18381462, 0.19116704, 0.19852281, 0.20587683, 0.21322446, 0.22056817, 0.22791391, 0.23526429, 0.24261941, 0.2499798, 0.25734307, 0.26470303, 0.2720567, 0.27940817, 0.28676144, 0.29411372, 0.30146089, 0.30880467, 0.31615003, 0.32595151, 0.33575822, 0.34556889, 0.35538098, 0.36764112, 0.38234799, 0.39704791, 0.41174754, 0.42645168, 0.43871231, 0.44852416, 0.45588019, 0.46323033, 0.47057737, 0.4779258, 0.4852773, 0.49263154, 0.49998875, 0.50734762, 0.51470443, 0.52205684, 0.53185831, 0.54411345, 0.55881838, 0.57352317, 0.58822845, 0.6029364, 0.617645, 0.63235121, 0.64705819, 0.66176297, 0.67646309, 0.69116028, 0.70585887, 0.7205638, 0.73527486, 0.74998971, 0.7647022, 0.779411, 0.79411539, 0.80882122, 0.8235266, 0.83823258, 0.85293902, 0.86764558, 0.88235135, 0.89705624, 0.91176166, 0.92646691, 0.94117188, 0.95587814, 0.97058579, 1.), .UNSPECIFIED.);
#1288 = CARTESIAN_POINT('', (-45., 37.5, 60.5));
#1289 = CARTESIAN_POINT('', (-44.99783091, 37.49783091, 60.49783091));
#1290 = CARTESIAN_POINT('', (-44.99456159, 37.49458277, 60.49458277));
#1291 = CARTESIAN_POINT('', (-44.9901738, 37.49026348, 60.49026348));
#1292 = CARTESIAN_POINT('', (-44.98686611, 37.4870269, 60.4870269));
#1293 = CARTESIAN_POINT('', (-44.98354527, 37.48379638, 60.48379638));
#1294 = CARTESIAN_POINT('', (-44.98021359, 37.48057366, 60.48057366));
#1295 = CARTESIAN_POINT('', (-44.97687184, 37.47735902, 60.47735902));
#1296 = CARTESIAN_POINT('', (-44.97351876, 37.47415078, 60.47415078));
#1297 = CARTESIAN_POINT('', (-44.97015274, 37.47094699, 60.47094699));
#1298 = CARTESIAN_POINT('', (-44.96677388, 37.46774737, 60.46774737));
#1299 = CARTESIAN_POINT('', (-44.96338423, 37.46455348, 60.46455348));
#1300 = CARTESIAN_POINT('', (-44.95998595, 37.46136695, 60.46136695));
#1301 = CARTESIAN_POINT('', (-44.95620041, 37.45783404, 60.45783404));
#1302 = CARTESIAN_POINT('', (-44.95202151, 37.45395491, 60.45395491));
#1303 = CARTESIAN_POINT('', (-44.94744277, 37.44972983, 60.44972983));
#1304 = CARTESIAN_POINT('', (-44.94284492, 37.44551146, 60.44551146));
#1305 = CARTESIAN_POINT('', (-44.93784652, 37.44095108, 60.44095108));
#1306 = CARTESIAN_POINT('', (-44.93205924, 37.4357029, 60.4357029));
#1307 = CARTESIAN_POINT('', (-44.92547378, 37.42977328, 60.42977328));
#1308 = CARTESIAN_POINT('', (-44.91885984, 37.423862, 60.423862));
#1309 = CARTESIAN_POINT('', (-44.91300342, 37.41866159, 60.41866159));
#1310 = CARTESIAN_POINT('', (-44.90791449, 37.41416572, 60.41416572));
#1311 = CARTESIAN_POINT('', (-44.90281224, 37.40967786, 60.40967786));
#1312 = CARTESIAN_POINT('', (-44.8972988, 37.40485158, 60.40485158));
#1313 = CARTESIAN_POINT('', (-44.89176426, 37.40003172, 60.40003172));
#1314 = CARTESIAN_POINT('', (-44.88700388, 37.39590457, 60.39590457));
#1315 = CARTESIAN_POINT('', (-44.88302542, 37.39246697, 60.39246697));
#1316 = CARTESIAN_POINT('', (-44.87943759, 37.3893757, 60.3893757));
#1317 = CARTESIAN_POINT('', (-44.87584569, 37.38628951, 60.38628951));
#1318 = CARTESIAN_POINT('', (-44.87225094, 37.38320927, 60.38320927));
#1319 = CARTESIAN_POINT('', (-44.86865237, 37.38013394, 60.38013394));
#1320 = CARTESIAN_POINT('', (-44.86504851, 37.37706211, 60.37706211));
#1321 = CARTESIAN_POINT('', (-44.86143927, 37.37399353, 60.37399353));
#1322 = CARTESIAN_POINT('', (-44.8578254, 37.3709287, 60.3709287));
#1323 = CARTESIAN_POINT('', (-44.8542068, 37.36786734, 60.36786734));
#1324 = CARTESIAN_POINT('', (-44.85017929, 37.36446823, 60.36446823));
#1325 = CARTESIAN_POINT('', (-44.84574038, 37.36073216, 60.36073216));
#1326 = CARTESIAN_POINT('', (-44.84088848, 37.35666098, 60.35666098));
#1327 = CARTESIAN_POINT('', (-44.83602903, 37.35259557, 60.35259557));
#1328 = CARTESIAN_POINT('', (-44.83075684, 37.34819762, 60.34819762));
#1329 = CARTESIAN_POINT('', (-44.82466311, 37.34313048, 60.34313048));
#1330 = CARTESIAN_POINT('', (-44.81774241, 37.33739728, 60.33739728));
#1331 = CARTESIAN_POINT('', (-44.81039856, 37.3313375, 60.3313375));
#1332 = CARTESIAN_POINT('', (-44.80303858, 37.32528746, 60.32528746));
#1333 = CARTESIAN_POINT('', (-44.79607111, 37.31958099, 60.31958099));
#1334 = CARTESIAN_POINT('', (-44.78990963, 37.31455096, 60.31455096));
#1335 = CARTESIAN_POINT('', (-44.78497185, 37.31053027, 60.31053027));
#1336 = CARTESIAN_POINT('', (-44.78085295, 37.30718292, 60.30718292));
#1337 = CARTESIAN_POINT('', (-44.77714397, 37.30417364, 60.30417364));
#1338 = CARTESIAN_POINT('', (-44.77343235, 37.30116708, 60.30116708));
#1339 = CARTESIAN_POINT('', (-44.7693043, 37.29782849, 60.29782849));
#1340 = CARTESIAN_POINT('', (-44.7643448, 37.29382475, 60.29382475));
#1341 = CARTESIAN_POINT('', (-44.75813768, 37.28882525, 60.28882525));
#1342 = CARTESIAN_POINT('', (-44.75109274, 37.2831663, 60.2831663));
#1343 = CARTESIAN_POINT('', (-44.74362178, 37.27718227, 60.27718227));
#1344 = CARTESIAN_POINT('', (-44.73613906, 37.27120535, 60.27120535));
#1345 = CARTESIAN_POINT('', (-44.72864499, 37.26523534, 60.26523534));
#1346 = CARTESIAN_POINT('', (-44.72114011, 37.25927217, 60.25927217));
#1347 = CARTESIAN_POINT('', (-44.71362431, 37.25331524, 60.25331524));
#1348 = CARTESIAN_POINT('', (-44.70609776, 37.24736422, 60.24736422));
#1349 = CARTESIAN_POINT('', (-44.69856115, 37.24141922, 60.24141922));
#1350 = CARTESIAN_POINT('', (-44.69101536, 37.2354805, 60.2354805));
#1351 = CARTESIAN_POINT('', (-44.68346191, 37.22954883, 60.22954883));
#1352 = CARTESIAN_POINT('', (-44.67590151, 37.22362436, 60.22362436));
#1353 = CARTESIAN_POINT('', (-44.66833442, 37.21770691, 60.21770691));
#1354 = CARTESIAN_POINT('', (-44.66075868, 37.21179459, 60.21179459));
#1355 = CARTESIAN_POINT('', (-44.65317272, 37.20588582, 60.20588582));
#1356 = CARTESIAN_POINT('', (-44.64557563, 37.19997956, 60.19997956));
#1357 = CARTESIAN_POINT('', (-44.63796816, 37.19407609, 60.19407609));
#1358 = CARTESIAN_POINT('', (-44.63035218, 37.18817656, 60.18817656));
#1359 = CARTESIAN_POINT('', (-44.62272965, 37.18228219, 60.18228219));
#1360 = CARTESIAN_POINT('', (-44.61510251, 37.17639419, 60.17639419));
#1361 = CARTESIAN_POINT('', (-44.60747064, 37.17051217, 60.17051217));
#1362 = CARTESIAN_POINT('', (-44.59983366, 37.16463559, 60.16463559));
#1363 = CARTESIAN_POINT('', (-44.59218998, 37.15876295, 60.15876295));
#1364 = CARTESIAN_POINT('', (-44.58453869, 37.1528933, 60.1528933));
#1365 = CARTESIAN_POINT('', (-44.57687983, 37.14702644, 60.14702644));
#1366 = CARTESIAN_POINT('', (-44.56921464, 37.14116312, 60.14116312));
#1367 = CARTESIAN_POINT('', (-44.56154462, 37.13530424, 60.13530424));
#1368 = CARTESIAN_POINT('', (-44.55386978, 37.1294496, 60.1294496));
#1369 = CARTESIAN_POINT('', (-44.54618976, 37.12359872, 60.12359872));
#1370 = CARTESIAN_POINT('', (-44.53850418, 37.11775112, 60.11775112));
#1371 = CARTESIAN_POINT('', (-44.53081333, 37.11190682, 60.11190682));
#1372 = CARTESIAN_POINT('', (-44.52311739, 37.10606576, 60.10606576));
#1373 = CARTESIAN_POINT('', (-44.51284964, 37.098282, 60.098282));
#1374 = CARTESIAN_POINT('', (-44.50514166, 37.0924489, 60.0924489));
#1375 = CARTESIAN_POINT('', (-44.5, 37.08856217, 60.08856217));
#1376 = B_SPLINE_CURVE_WITH_KNOTS('', 3, (#1288, #1289, #1290, #1291, #1292, #1293, #1294, #1295, #1296, #1297, #1298, #1299, #1300, #1301, #1302, #1303, #1304, #1305, #1306, #1307, #1308, #1309, #1310, #1311, #1312, #1313, #1314, #1315, #1316, #1317, #1318, #1319, #1320, #1321, #1322, #1323, #1324, #1325, #1326, #1327, #1328, #1329, #1330, #1331, #1332, #1333, #1334, #1335, #1336, #1337, #1338, #1339, #1340, #1341, #1342, #1343, #1344, #1345, #1346, #1347, #1348, #1349, #1350, #1351, #1352, #1353, #1354, #1355, #1356, #1357, #1358, #1359, #1360, #1361, #1362, #1363, #1364, #1365, #1366, #1367, #1368, #1369, #1370, #1371, #1372, #1373, #1374, #1375), .UNSPECIFIED., .F., .F., (4, 1, 1, 1, 1, 1, 1, 1, 1, 1, 1, 1, 1, 1, 1, 1, 1, 1, 1, 1, 1, 1, 1, 1, 1, 1, 1, 1, 1, 1, 1, 1, 1, 1, 1, 1, 1, 1, 1, 1, 1, 1, 1, 1, 1, 1, 1, 1, 1, 1, 1, 1, 1, 1, 1, 1, 1, 1, 1, 1, 1, 1, 1, 1, 1, 1, 1, 1, 1, 1, 1, 1, 1, 1, 1, 1, 1, 1, 1, 1, 1, 1, 1, 1, 1, 4), (0., 0.0146816, 0.02203304, 0.02939074, 0.03675015, 0.04410466, 0.05145247, 0.05879915, 0.06615142, 0.07350961, 0.08086775, 0.08821998, 0.0955659, 0.10536375, 0.1151694, 0.12498313, 0.13479712, 0.14705549, 0.16176226, 0.1764643, 0.18871198, 0.19850129, 0.2082892, 0.22053493, 0.23278877, 0.24260101, 0.24996791, 0.25733737, 0.26470167, 0.27205699, 0.27940812, 0.28676102, 0.29411467, 0.30146536, 0.30881398, 0.31616471, 0.3259724, 0.33578093, 0.3455878, 0.35539021, 0.36764354, 0.38234744, 0.39704761, 0.41174733, 0.42645148, 0.43871195, 0.4485238, 0.45588074, 0.46323336, 0.47058422, 0.47793658, 0.48774178, 0.49999869, 0.51470306, 0.52940717, 0.54411262, 0.55881797, 0.57352296, 0.58822825, 0.6029362, 0.6176448, 0.63235154, 0.64705762, 0.66175728, 0.67645267, 0.69114746, 0.7058488, 0.72055647, 0.73527025, 0.74998751, 0.76470151, 0.77941146, 0.79411492, 0.80881705, 0.82351839, 0.83822354, 0.85293365, 0.86764371, 0.88235126, 0.89705621, 0.91176186, 0.92646796, 0.9411744, 0.95588074, 0.97058726, 1.), .UNSPECIFIED.);
#1377 = DIRECTION('', (-1., -0., 0.));
#1378 = VECTOR('', #1377, 1.);
#1379 = CARTESIAN_POINT('', (-33.5, 37.08856217, 60.08856217));
#1380 = LINE('', #1379, #1378);
#1381 = CARTESIAN_POINT('', (-33., 37.5, 60.5));
#1382 = CARTESIAN_POINT('', (-33.00254035, 37.49745965, 60.49745965));
#1383 = CARTESIAN_POINT('', (-33.00637232, 37.49365672, 60.49365672));
#1384 = CARTESIAN_POINT('', (-33.01152124, 37.48860131, 60.48860131));
#1385 = CARTESIAN_POINT('', (-33.01540743, 37.48481203, 60.48481203));
#1386 = CARTESIAN_POINT('', (-33.0193138, 37.48102859, 60.48102859));
#1387 = CARTESIAN_POINT('', (-33.02323637, 37.47725412, 60.47725412));
#1388 = CARTESIAN_POINT('', (-33.02717148, 37.47349141, 60.47349141));
#1389 = CARTESIAN_POINT('', (-33.03111787, 37.46974089, 60.46974089));
#1390 = CARTESIAN_POINT('', (-33.03507698, 37.4660005, 60.4660005));
#1391 = CARTESIAN_POINT('', (-33.03905144, 37.4622671, 60.4622671));
#1392 = CARTESIAN_POINT('', (-33.0430432, 37.4585383, 60.4585383));
#1393 = CARTESIAN_POINT('', (-33.04705281, 37.45481308, 60.45481308));
#1394 = CARTESIAN_POINT('', (-33.05107972, 37.45109144, 60.45109144));
#1395 = CARTESIAN_POINT('', (-33.05512239, 37.44737432, 60.44737432));
#1396 = CARTESIAN_POINT('', (-33.05917795, 37.44366388, 60.44366388));
#1397 = CARTESIAN_POINT('', (-33.0632428, 37.43996287, 60.43996287));
#1398 = CARTESIAN_POINT('', (-33.06731465, 37.43627287, 60.43627287));
#1399 = CARTESIAN_POINT('', (-33.07139401, 37.43259288, 60.43259288));
#1400 = CARTESIAN_POINT('', (-33.07548328, 37.42892027, 60.42892027));
#1401 = CARTESIAN_POINT('', (-33.07958492, 37.42525239, 60.42525239));
#1402 = CARTESIAN_POINT('', (-33.08370048, 37.4215875, 60.4215875));
#1403 = CARTESIAN_POINT('', (-33.08782984, 37.41792534, 60.41792534));
#1404 = CARTESIAN_POINT('', (-33.09197056, 37.41426772, 60.41426772));
#1405 = CARTESIAN_POINT('', (-33.09611883, 37.41061763, 60.41061763));
#1406 = CARTESIAN_POINT('', (-33.1002725, 37.40697658, 60.40697658));
#1407 = CARTESIAN_POINT('', (-33.10443306, 37.40334288, 60.40334288));
#1408 = CARTESIAN_POINT('', (-33.1086038, 37.3997133, 60.3997133));
#1409 = CARTESIAN_POINT('', (-33.1127865, 37.39608602, 60.39608602));
#1410 = CARTESIAN_POINT('', (-33.11698019, 37.39246159, 60.39246159));
#1411 = CARTESIAN_POINT('', (-33.12118264, 37.38884165, 60.38884165));
#1412 = CARTESIAN_POINT('', (-33.12539243, 37.38522715, 60.38522714));
#1413 = CARTESIAN_POINT('', (-33.12960916, 37.38161811, 60.38161811));
#1414 = CARTESIAN_POINT('', (-33.13383251, 37.37801455, 60.37801455));
#1415 = CARTESIAN_POINT('', (-33.13806172, 37.37441685, 60.37441685));
#1416 = CARTESIAN_POINT('', (-33.14229639, 37.37082507, 60.37082507));
#1417 = CARTESIAN_POINT('', (-33.14653734, 37.36723826, 60.36723826));
#1418 = CARTESIAN_POINT('', (-33.15078608, 37.36365492, 60.36365492));
#1419 = CARTESIAN_POINT('', (-33.15504366, 37.36007393, 60.36007393));
#1420 = CARTESIAN_POINT('', (-33.15931034, 37.35649487, 60.35649487));
#1421 = CARTESIAN_POINT('', (-33.16358557, 37.352918, 60.352918));
#1422 = CARTESIAN_POINT('', (-33.16786793, 37.34934431, 60.34934431));
#1423 = CARTESIAN_POINT('', (-33.17215554, 37.34577518, 60.34577518));
#1424 = CARTESIAN_POINT('', (-33.17644731, 37.34221129, 60.34221129));
#1425 = CARTESIAN_POINT('', (-33.18074359, 37.33865215, 60.33865215));
#1426 = CARTESIAN_POINT('', (-33.18504515, 37.33509694, 60.33509694));
#1427 = CARTESIAN_POINT('', (-33.18935215, 37.33154534, 60.33154535));
#1428 = CARTESIAN_POINT('', (-33.19414412, 37.32760265, 60.32760265));
#1429 = CARTESIAN_POINT('', (-33.1999039, 37.32287572, 60.32287572));
#1430 = CARTESIAN_POINT('', (-33.20663683, 37.3173677, 60.3173677));
#1431 = CARTESIAN_POINT('', (-33.21338253, 37.31186803, 60.31186803));
#1432 = CARTESIAN_POINT('', (-33.21917267, 37.30716139, 60.30716139));
#1433 = CARTESIAN_POINT('', (-33.22400243, 37.3032442, 60.3032442));
#1434 = CARTESIAN_POINT('', (-33.22835378, 37.29972166, 60.29972166));
#1435 = CARTESIAN_POINT('', (-33.23271116, 37.29620072, 60.29620072));
#1436 = CARTESIAN_POINT('', (-33.23707484, 37.29268106, 60.29268106));
#1437 = CARTESIAN_POINT('', (-33.24144433, 37.28916296, 60.28916296));
#1438 = CARTESIAN_POINT('', (-33.24581811, 37.2856475, 60.2856475));
#1439 = CARTESIAN_POINT('', (-33.25019412, 37.28213621, 60.28213621));
#1440 = CARTESIAN_POINT('', (-33.25457141, 37.27862975, 60.27862975));
#1441 = CARTESIAN_POINT('', (-33.25895108, 37.27512712, 60.27512712));
#1442 = CARTESIAN_POINT('', (-33.26382272, 37.27123724, 60.27123724));
#1443 = CARTESIAN_POINT('', (-33.26967779, 37.26657069, 60.26657069));
#1444 = CARTESIAN_POINT('', (-33.27652043, 37.26112953, 60.26112953));
#1445 = CARTESIAN_POINT('', (-33.28337471, 37.25569257, 60.25569257));
#1446 = CARTESIAN_POINT('', (-33.28925766, 37.25103613, 60.25103613));
#1447 = CARTESIAN_POINT('', (-33.29416397, 37.24715906, 60.24715906));
#1448 = CARTESIAN_POINT('', (-33.29858141, 37.2436731, 60.2436731));
#1449 = CARTESIAN_POINT('', (-33.30300126, 37.24018994, 60.24018994));
#1450 = CARTESIAN_POINT('', (-33.30742426, 37.23670891, 60.23670891));
#1451 = CARTESIAN_POINT('', (-33.31185044, 37.2332299, 60.2332299));
#1452 = CARTESIAN_POINT('', (-33.31627959, 37.229753, 60.229753));
#1453 = CARTESIAN_POINT('', (-33.3207118, 37.22627805, 60.22627805));
#1454 = CARTESIAN_POINT('', (-33.32514699, 37.22280505, 60.22280505));
#1455 = CARTESIAN_POINT('', (-33.32958439, 37.21933452, 60.21933452));
#1456 = CARTESIAN_POINT('', (-33.33451675, 37.21548144, 60.21548144));
#1457 = CARTESIAN_POINT('', (-33.34043983, 37.21086073, 60.21086073));
#1458 = CARTESIAN_POINT('', (-33.3478525, 37.20508783, 60.20508783));
#1459 = CARTESIAN_POINT('', (-33.35626577, 37.19854895, 60.19854895));
#1460 = CARTESIAN_POINT('', (-33.36518623, 37.1916307, 60.1916307));
#1461 = CARTESIAN_POINT('', (-33.37411705, 37.18471874, 60.18471874));
#1462 = CARTESIAN_POINT('', (-33.38305598, 37.1778143, 60.1778143));
#1463 = CARTESIAN_POINT('', (-33.39200334, 37.1709167, 60.1709167));
#1464 = CARTESIAN_POINT('', (-33.40095891, 37.16402567, 60.16402567));
#1465 = CARTESIAN_POINT('', (-33.40992342, 37.15714024, 60.15714024));
#1466 = CARTESIAN_POINT('', (-33.4188963, 37.15026044, 60.15026044));
#1467 = CARTESIAN_POINT('', (-33.42787801, 37.14338555, 60.14338555));
#1468 = CARTESIAN_POINT('', (-33.43686809, 37.13651557, 60.13651557));
#1469 = CARTESIAN_POINT('', (-33.44586553, 37.12965091, 60.12965091));
#1470 = CARTESIAN_POINT('', (-33.45436943, 37.12317282, 60.12317282));
#1471 = CARTESIAN_POINT('', (-33.46187749, 37.11746118, 60.11746118));
#1472 = CARTESIAN_POINT('', (-33.4678872, 37.11289441, 60.11289441));
#1473 = CARTESIAN_POINT('', (-33.4728976, 37.10909018, 60.10909018));
#1474 = CARTESIAN_POINT('', (-33.47740933, 37.105667, 60.105667));
#1475 = CARTESIAN_POINT('', (-33.48192348, 37.10224436, 60.10224436));
#1476 = CARTESIAN_POINT('', (-33.48945106, 37.09654085, 60.09654085));
#1477 = CARTESIAN_POINT('', (-33.49547765, 37.09198074, 60.09198074));
#1478 = CARTESIAN_POINT('', (-33.5, 37.08856217, 60.08856217));
#1479 = B_SPLINE_CURVE_WITH_KNOTS('', 3, (#1381, #1382, #1383, #1384, #1385, #1386, #1387, #1388, #1389, #1390, #1391, #1392, #1393, #1394, #1395, #1396, #1397, #1398, #1399, #1400, #1401, #1402, #1403, #1404, #1405, #1406, #1407, #1408, #1409, #1410, #1411, #1412, #1413, #1414, #1415, #1416, #1417, #1418, #1419, #1420, #1421, #1422, #1423, #1424, #1425, #1426, #1427, #1428, #1429, #1430, #1431, #1432, #1433, #1434, #1435, #1436, #1437, #1438, #1439, #1440, #1441, #1442, #1443, #1444, #1445, #1446, #1447, #1448, #1449, #1450, #1451, #1452, #1453, #1454, #1455, #1456, #1457, #1458, #1459, #1460, #1461, #1462, #1463, #1464, #1465, #1466, #1467, #1468, #1469, #1470, #1471, #1472, #1473, #1474, #1475, #1476, #1477, #1478), .UNSPECIFIED., .F., .F., (4, 1, 1, 1, 1, 1, 1, 1, 1, 1, 1, 1, 1, 1, 1, 1, 1, 1, 1, 1, 1, 1, 1, 1, 1, 1, 1, 1, 1, 1, 1, 1, 1, 1, 1, 1, 1, 1, 1, 1, 1, 1, 1, 1, 1, 1, 1, 1, 1, 1, 1, 1, 1, 1, 1, 1, 1, 1, 1, 1, 1, 1, 1, 1, 1, 1, 1, 1, 1, 1, 1, 1, 1, 1, 1, 1, 1, 1, 1, 1, 1, 1, 1, 1, 1, 1, 1, 1, 1, 1, 1, 1, 1, 1, 1, 4), (0., 0.01719451, 0.0258059, 0.03443007, 0.04306293, 0.05169464, 0.06031622, 0.06892584, 0.07752972, 0.08613619, 0.09475088, 0.10337523, 0.11200808, 0.1206481, 0.12929007, 0.13792449, 0.14654553, 0.15515631, 0.16376519, 0.1723781, 0.1809983, 0.18962802, 0.19826268, 0.20689102, 0.21550671, 0.22411572, 0.23272938, 0.24135244, 0.24998112, 0.25860968, 0.26723531, 0.275859, 0.28448149, 0.29310028, 0.3017137, 0.31032468, 0.31893813, 0.3275564, 0.33617965, 0.34480781, 0.35343839, 0.36206622, 0.37068846, 0.37930752, 0.38792678, 0.39654589, 0.40516365, 0.41665734, 0.43102855, 0.44539893, 0.45689038, 0.4655041, 0.47411958, 0.48273851, 0.49136106, 0.49998743, 0.50861491, 0.51723753, 0.52585235, 0.53446314, 0.54307607, 0.55456766, 0.56893969, 0.5833161, 0.59482069, 0.60344693, 0.61206862, 0.62068853, 0.62930953, 0.63793072, 0.64655061, 0.65517069, 0.66379191, 0.6724116, 0.68102733, 0.69251396, 0.70687699, 0.72412002, 0.74136919, 0.75861686, 0.77586155, 0.79310138, 0.81034348, 0.82758316, 0.84482381, 0.86206521, 0.87930831, 0.89655129, 0.91379065, 0.92815587, 0.93964682, 0.94826547, 0.95688535, 0.96550709, 0.97413004, 1.), .UNSPECIFIED.);
#1480 = DIRECTION('', (0., -0., 1.));
#1481 = VECTOR('', #1480, 1.);
#1482 = CARTESIAN_POINT('', (-45., 37.5, 60.5));
#1483 = LINE('', #1482, #1481);
#1484 = DIRECTION('', (0., 0., -1.));
#1485 = VECTOR('', #1484, 1.);
#1486 = CARTESIAN_POINT('', (-33., 37.5, 61.5));
#1487 = LINE('', #1486, #1485);
#1488 = DIRECTION('', (0., -0., 1.));
#1489 = VECTOR('', #1488, 1.);
#1490 = CARTESIAN_POINT('', (-45., 37.5, 61.));
#1491 = LINE('', #1490, #1489);
#1492 = DIRECTION('', (0., -0., -1.));
#1493 = VECTOR('', #1492, 1.);
#1494 = CARTESIAN_POINT('', (-33., 37.5, 61.));
#1495 = LINE('', #1494, #1493);
#1496 = DIRECTION('', (-1., -0., 0.));
#1497 = VECTOR('', #1496, 1.);
#1498 = CARTESIAN_POINT('', (-45., 37.5, 61.5));
#1499 = LINE('', #1498, #1497);
#1500 = DIRECTION('', (-1., -0., 0.));
#1501 = VECTOR('', #1500, 1.);
#1502 = CARTESIAN_POINT('', (-45., 37.5, 60.5));
#1503 = LINE('', #1502, #1501);
#1504 = DIRECTION('', (0., -0.41143783, -0.91143783));
#1505 = DIRECTION('', (1., 0., 0.));
#1506 = CARTESIAN_POINT('', (-44.5, 37.5, 61.));
#1507 = AXIS2_PLACEMENT_3D('', #1506, #1505, #1504);
#1508 = CIRCLE('', #1507, 1.);
#1509 = DIRECTION('', (0., -0.41143783, -0.91143783));
#1510 = DIRECTION('', (1., -0., 0.));
#1511 = CARTESIAN_POINT('', (-33.5, 37.5, 61.));
#1512 = AXIS2_PLACEMENT_3D('', #1511, #1510, #1509);
#1513 = CIRCLE('', #1512, 1.);
#1514 = DIRECTION('', (0.70710678, -0., 0.70710678));
#1515 = VECTOR('', #1514, 1.);
#1516 = CARTESIAN_POINT('', (33., 37.5, 61.5));
#1517 = LINE('', #1516, #1515);
#1518 = DIRECTION('', (0., 0., 1.));
#1519 = DIRECTION('', (1., -0., -0.));
#1520 = CARTESIAN_POINT('', (33.5, 37.5, 61.));
#1521 = AXIS2_PLACEMENT_3D('', #1520, #1519, #1518);
#1522 = CIRCLE('', #1521, 1.);
#1523 = DIRECTION('', (1., -0., 0.));
#1524 = VECTOR('', #1523, 1.);
#1525 = CARTESIAN_POINT('', (33.5, 37.5, 62.));
#1526 = LINE('', #1525, #1524);
#1527 = DIRECTION('', (0., -0., 1.));
#1528 = DIRECTION('', (1., 0., 0.));
#1529 = CARTESIAN_POINT('', (44.5, 37.5, 61.));
#1530 = AXIS2_PLACEMENT_3D('', #1529, #1528, #1527);
#1531 = CIRCLE('', #1530, 1.);
#1532 = DIRECTION('', (0.70710678, -0., -0.70710678));
#1533 = VECTOR('', #1532, 1.);
#1534 = CARTESIAN_POINT('', (44.5, 37.5, 62.));
#1535 = LINE('', #1534, #1533);
#1536 = DIRECTION('', (0., -0., -1.));
#1537 = DIRECTION('', (1., -0., 0.));
#1538 = CARTESIAN_POINT('', (33., 37.5, 61.));
#1539 = AXIS2_PLACEMENT_3D('', #1538, #1537, #1536);
#1540 = CIRCLE('', #1539, 0.5);
#1541 = DIRECTION('', (0., -0., -1.));
#1542 = DIRECTION('', (1., -0., 0.));
#1543 = CARTESIAN_POINT('', (33.5, 37.5, 61.));
#1544 = AXIS2_PLACEMENT_3D('', #1543, #1542, #1541);
#1545 = CIRCLE('', #1544, 1.);
#1546 = DIRECTION('', (0.70710678, -0., -0.70710678));
#1547 = VECTOR('', #1546, 1.);
#1548 = CARTESIAN_POINT('', (33., 37.5, 60.5));
#1549 = LINE('', #1548, #1547);
#1550 = DIRECTION('', (0., -0., -1.));
#1551 = DIRECTION('', (1., -0., 0.));
#1552 = CARTESIAN_POINT('', (44.5, 37.5, 61.));
#1553 = AXIS2_PLACEMENT_3D('', #1552, #1551, #1550);
#1554 = CIRCLE('', #1553, 1.);
#1555 = DIRECTION('', (1., -0., 0.));
#1556 = VECTOR('', #1555, 1.);
#1557 = CARTESIAN_POINT('', (33.5, 37.5, 60.));
#1558 = LINE('', #1557, #1556);
#1559 = DIRECTION('', (0., -0., -1.));
#1560 = DIRECTION('', (1., -0., 0.));
#1561 = CARTESIAN_POINT('', (45., 37.5, 61.));
#1562 = AXIS2_PLACEMENT_3D('', #1561, #1560, #1559);
#1563 = CIRCLE('', #1562, 0.5);
#1564 = DIRECTION('', (0.70710678, -0., 0.70710678));
#1565 = VECTOR('', #1564, 1.);
#1566 = CARTESIAN_POINT('', (44.5, 37.5, 60.));
#1567 = LINE('', #1566, #1565);
#1568 = CARTESIAN_POINT('', (33., 37.5, 61.5));
#1569 = CARTESIAN_POINT('', (33.00262604, 37.49737396, 61.50262604));
#1570 = CARTESIAN_POINT('', (33.0065882, 37.49344284, 61.50655716));
#1571 = CARTESIAN_POINT('', (33.0119132, 37.48821764, 61.51178236));
#1572 = CARTESIAN_POINT('', (33.01593328, 37.48430097, 61.51569903));
#1573 = CARTESIAN_POINT('', (33.01997651, 37.48038891, 61.51961109));
#1574 = CARTESIAN_POINT('', (33.02404213, 37.47648146, 61.52351854));
#1575 = CARTESIAN_POINT('', (33.02812973, 37.47257834, 61.52742166));
#1576 = CARTESIAN_POINT('', (33.03223795, 37.46868016, 61.53131984));
#1577 = CARTESIAN_POINT('', (33.03636284, 37.46479002, 61.53520998));
#1578 = CARTESIAN_POINT('', (33.04049895, 37.46091231, 61.53908769));
#1579 = CARTESIAN_POINT('', (33.04464354, 37.45704884, 61.54295116));
#1580 = CARTESIAN_POINT('', (33.04879896, 37.45319671, 61.54680329));
#1581 = CARTESIAN_POINT('', (33.05296958, 37.44935122, 61.55064878));
#1582 = CARTESIAN_POINT('', (33.05715678, 37.44551056, 61.55448944));
#1583 = CARTESIAN_POINT('', (33.06135767, 37.44167686, 61.55832314));
#1584 = CARTESIAN_POINT('', (33.06556812, 37.43785332, 61.56214668));
#1585 = CARTESIAN_POINT('', (33.06978628, 37.43404104, 61.56595896));
#1586 = CARTESIAN_POINT('', (33.07401352, 37.43023824, 61.56976176));
#1587 = CARTESIAN_POINT('', (33.07872468, 37.42601916, 61.57398084));
#1588 = CARTESIAN_POINT('', (33.08392704, 37.42138394, 61.57861606));
#1589 = CARTESIAN_POINT('', (33.08962677, 37.41633412, 61.58366588));
#1590 = CARTESIAN_POINT('', (33.09487356, 37.41171081, 61.58828919));
#1591 = CARTESIAN_POINT('', (33.09966109, 37.40751151, 61.59248849));
#1592 = CARTESIAN_POINT('', (33.10398233, 37.40373572, 61.59626428));
#1593 = CARTESIAN_POINT('', (33.10831154, 37.39996706, 61.60003294));
#1594 = CARTESIAN_POINT('', (33.1126466, 37.39620699, 61.60379301));
#1595 = CARTESIAN_POINT('', (33.11698819, 37.39245454, 61.60754546));
#1596 = CARTESIAN_POINT('', (33.12133803, 37.38870789, 61.61129211));
#1597 = CARTESIAN_POINT('', (33.12569648, 37.3849664, 61.6150336));
#1598 = CARTESIAN_POINT('', (33.1300626, 37.38123056, 61.61876944));
#1599 = CARTESIAN_POINT('', (33.13443549, 37.37750082, 61.62249918));
#1600 = CARTESIAN_POINT('', (33.13881477, 37.37377724, 61.62622276));
#1601 = CARTESIAN_POINT('', (33.1432002, 37.37005969, 61.62994031));
#1602 = CARTESIAN_POINT('', (33.14759209, 37.36634765, 61.63365235));
#1603 = CARTESIAN_POINT('', (33.15199163, 37.36263984, 61.63736016));
#1604 = CARTESIAN_POINT('', (33.15689095, 37.35852244, 61.64147756));
#1605 = CARTESIAN_POINT('', (33.16278613, 37.35358397, 61.64641603));
#1606 = CARTESIAN_POINT('', (33.16968432, 37.3478283, 61.6521717));
#1607 = CARTESIAN_POINT('', (33.17660282, 37.34208029, 61.65791971));
#1608 = CARTESIAN_POINT('', (33.18254617, 37.33716068, 61.66283932));
#1609 = CARTESIAN_POINT('', (33.18750503, 37.33306741, 61.66693259));
#1610 = CARTESIAN_POINT('', (33.19197067, 37.32938987, 61.67061013));
#1611 = CARTESIAN_POINT('', (33.19644072, 37.32571708, 61.67428292));
#1612 = CARTESIAN_POINT('', (33.20141482, 37.32163924, 61.67836076));
#1613 = CARTESIAN_POINT('', (33.20689554, 37.31715748, 61.68284252));
#1614 = CARTESIAN_POINT('', (33.21288396, 37.31227438, 61.68772562));
#1615 = CARTESIAN_POINT('', (33.21887972, 37.30739867, 61.69260133));
#1616 = CARTESIAN_POINT('', (33.22538406, 37.30212345, 61.69787655));
#1617 = CARTESIAN_POINT('', (33.23290285, 37.2960432, 61.7039568));
#1618 = CARTESIAN_POINT('', (33.24144324, 37.28916049, 61.71083951));
#1619 = CARTESIAN_POINT('', (33.25050507, 37.28188373, 61.71811627));
#1620 = CARTESIAN_POINT('', (33.25958289, 37.27461922, 61.72538078));
#1621 = CARTESIAN_POINT('', (33.26867601, 37.26736648, 61.73263352));
#1622 = CARTESIAN_POINT('', (33.27778559, 37.26012367, 61.73987633));
#1623 = CARTESIAN_POINT('', (33.28640533, 37.25329119, 61.74670881));
#1624 = CARTESIAN_POINT('', (33.2940232, 37.24726909, 61.75273091));
#1625 = CARTESIAN_POINT('', (33.30063259, 37.24205534, 61.75794466));
#1626 = CARTESIAN_POINT('', (33.30673868, 37.2372475, 61.7627525));
#1627 = CARTESIAN_POINT('', (33.31285006, 37.23244414, 61.76755586));
#1628 = CARTESIAN_POINT('', (33.31845722, 37.22804482, 61.77195518));
#1629 = CARTESIAN_POINT('', (33.32355898, 37.22404801, 61.77595199));
#1630 = CARTESIAN_POINT('', (33.32866543, 37.22005258, 61.77994742));
#1631 = CARTESIAN_POINT('', (33.33428797, 37.21565967, 61.78434033));
#1632 = CARTESIAN_POINT('', (33.34042709, 37.21087089, 61.78912911));
#1633 = CARTESIAN_POINT('', (33.34605836, 37.20648515, 61.79351485));
#1634 = CARTESIAN_POINT('', (33.3511806, 37.20250118, 61.79749882));
#1635 = CARTESIAN_POINT('', (33.35630652, 37.19851888, 61.80148112));
#1636 = CARTESIAN_POINT('', (33.36246311, 37.19374202, 61.80625798));
#1637 = CARTESIAN_POINT('', (33.37016644, 37.18777478, 61.81222522));
#1638 = CARTESIAN_POINT('', (33.37890506, 37.18101862, 61.81898138));
#1639 = CARTESIAN_POINT('', (33.3881669, 37.17387248, 61.82612752));
#1640 = CARTESIAN_POINT('', (33.39743773, 37.16673344, 61.83326656));
#1641 = CARTESIAN_POINT('', (33.4067188, 37.15960008, 61.84039992));
#1642 = CARTESIAN_POINT('', (33.41601019, 37.15247188, 61.84752812));
#1643 = CARTESIAN_POINT('', (33.42531122, 37.14534895, 61.85465105));
#1644 = CARTESIAN_POINT('', (33.43462048, 37.13823196, 61.86176804));
#1645 = CARTESIAN_POINT('', (33.44393727, 37.13112106, 61.86887894));
#1646 = CARTESIAN_POINT('', (33.45326099, 37.12401632, 61.87598368));
#1647 = CARTESIAN_POINT('', (33.46259181, 37.11691725, 61.88308275));
#1648 = CARTESIAN_POINT('', (33.47193017, 37.10982319, 61.89017681));
#1649 = CARTESIAN_POINT('', (33.48439461, 37.10036821, 61.89963179));
#1650 = CARTESIAN_POINT('', (33.49375462, 37.09328323, 61.90671677));
#1651 = CARTESIAN_POINT('', (33.5, 37.08856217, 61.91143783));
#1652 = B_SPLINE_CURVE_WITH_KNOTS('', 3, (#1568, #1569, #1570, #1571, #1572, #1573, #1574, #1575, #1576, #1577, #1578, #1579, #1580, #1581, #1582, #1583, #1584, #1585, #1586, #1587, #1588, #1589, #1590, #1591, #1592, #1593, #1594, #1595, #1596, #1597, #1598, #1599, #1600, #1601, #1602, #1603, #1604, #1605, #1606, #1607, #1608, #1609, #1610, #1611, #1612, #1613, #1614, #1615, #1616, #1617, #1618, #1619, #1620, #1621, #1622, #1623, #1624, #1625, #1626, #1627, #1628, #1629, #1630, #1631, #1632, #1633, #1634, #1635, #1636, #1637, #1638, #1639, #1640, #1641, #1642, #1643, #1644, #1645, #1646, #1647, #1648, #1649, #1650, #1651), .UNSPECIFIED., .F., .F., (4, 1, 1, 1, 1, 1, 1, 1, 1, 1, 1, 1, 1, 1, 1, 1, 1, 1, 1, 1, 1, 1, 1, 1, 1, 1, 1, 1, 1, 1, 1, 1, 1, 1, 1, 1, 1, 1, 1, 1, 1, 1, 1, 1, 1, 1, 1, 1, 1, 1, 1, 1, 1, 1, 1, 1, 1, 1, 1, 1, 1, 1, 1, 1, 1, 1, 1, 1, 1, 1, 1, 1, 1, 1, 1, 1, 1, 1, 1, 1, 1, 4), (0., 0.01777451, 0.0266781, 0.03559359, 0.04452005, 0.05345629, 0.06240296, 0.07136121, 0.08032359, 0.08927368, 0.09820337, 0.10712294, 0.11604884, 0.12498543, 0.13392333, 0.14285154, 0.15176667, 0.16067409, 0.16958296, 0.18147552, 0.19337748, 0.20528952, 0.21423579, 0.22318703, 0.23213327, 0.24106857, 0.24999744, 0.25892719, 0.26785811, 0.27678636, 0.28571106, 0.29463291, 0.30355094, 0.31246538, 0.32138004, 0.33029938, 0.34220328, 0.35709556, 0.3719944, 0.38391736, 0.39285351, 0.4017812, 0.41070542, 0.41963286, 0.43154219, 0.44344983, 0.45535274, 0.46725011, 0.48212791, 0.49998953, 0.51785337, 0.5357121, 0.55356431, 0.57141905, 0.58927948, 0.60416513, 0.61607161, 0.62797501, 0.63987747, 0.65177933, 0.66070486, 0.66963274, 0.68154119, 0.69344872, 0.7053533, 0.71427862, 0.72320511, 0.73511255, 0.74999634, 0.76785663, 0.78571183, 0.80356585, 0.82142103, 0.83928022, 0.85714058, 0.87499985, 0.89285676, 0.91071241, 0.92856516, 0.94641799, 0.96427343, 1.), .UNSPECIFIED.);
#1653 = DIRECTION('', (-1., -0., 0.));
#1654 = VECTOR('', #1653, 1.);
#1655 = CARTESIAN_POINT('', (44.5, 37.08856217, 61.91143783));
#1656 = LINE('', #1655, #1654);
#1657 = CARTESIAN_POINT('', (45., 37.5, 61.5));
#1658 = CARTESIAN_POINT('', (44.99739908, 37.49739909, 61.50260091));
#1659 = CARTESIAN_POINT('', (44.99291333, 37.49294813, 61.50705187));
#1660 = CARTESIAN_POINT('', (44.98650122, 37.48666496, 61.51333504));
#1661 = CARTESIAN_POINT('', (44.98117693, 37.48149949, 61.51850051));
#1662 = CARTESIAN_POINT('', (44.97658181, 37.47707953, 61.52292047));
#1663 = CARTESIAN_POINT('', (44.97273098, 37.47339929, 61.52660071));
#1664 = CARTESIAN_POINT('', (44.96924993, 37.47009031, 61.52990969));
#1665 = CARTESIAN_POINT('', (44.96575695, 37.46678735, 61.53321265));
#1666 = CARTESIAN_POINT('', (44.96186619, 37.46312696, 61.53687304));
#1667 = CARTESIAN_POINT('', (44.95757444, 37.45911264, 61.54088736));
#1668 = CARTESIAN_POINT('', (44.95287691, 37.45474675, 61.54525325));
#1669 = CARTESIAN_POINT('', (44.94855569, 37.45075527, 61.54924473));
#1670 = CARTESIAN_POINT('', (44.94461466, 37.4471339, 61.5528661));
#1671 = CARTESIAN_POINT('', (44.94105759, 37.44387957, 61.55612043));
#1672 = CARTESIAN_POINT('', (44.93749087, 37.44063024, 61.55936976));
#1673 = CARTESIAN_POINT('', (44.93391532, 37.43738634, 61.56261366));
#1674 = CARTESIAN_POINT('', (44.93033131, 37.43414789, 61.56585211));
#1675 = CARTESIAN_POINT('', (44.92673922, 37.43091493, 61.56908507));
#1676 = CARTESIAN_POINT('', (44.92313994, 37.42768793, 61.57231207));
#1677 = CARTESIAN_POINT('', (44.91913405, 37.42410986, 61.57589014));
#1678 = CARTESIAN_POINT('', (44.91431577, 37.41982453, 61.58017547));
#1679 = CARTESIAN_POINT('', (44.90827168, 37.41447753, 61.58552247));
#1680 = CARTESIAN_POINT('', (44.90179594, 37.40878444, 61.59121556));
#1681 = CARTESIAN_POINT('', (44.89569808, 37.40345559, 61.59654441));
#1682 = CARTESIAN_POINT('', (44.89080136, 37.39919655, 61.60080345));
#1683 = CARTESIAN_POINT('', (44.88670883, 37.39564967, 61.60435033));
#1684 = CARTESIAN_POINT('', (44.88301821, 37.39246066, 61.60753934));
#1685 = CARTESIAN_POINT('', (44.87932319, 37.38927719, 61.61072281));
#1686 = CARTESIAN_POINT('', (44.87562504, 37.38610012, 61.61389988));
#1687 = CARTESIAN_POINT('', (44.87192304, 37.38292862, 61.61707138));
#1688 = CARTESIAN_POINT('', (44.86780399, 37.37940948, 61.62059052));
#1689 = CARTESIAN_POINT('', (44.8628527, 37.3751925, 61.6248075));
#1690 = CARTESIAN_POINT('', (44.85664984, 37.36993014, 61.63006986));
#1691 = CARTESIAN_POINT('', (44.84960026, 37.36397693, 61.63602307));
#1692 = CARTESIAN_POINT('', (44.84252828, 37.3580335, 61.6419665));
#1693 = CARTESIAN_POINT('', (44.83626987, 37.35279609, 61.64720391));
#1694 = CARTESIAN_POINT('', (44.83125175, 37.34861071, 61.65138929));
#1695 = CARTESIAN_POINT('', (44.82706423, 37.34512696, 61.65487304));
#1696 = CARTESIAN_POINT('', (44.82329223, 37.3419956, 61.6580044));
#1697 = CARTESIAN_POINT('', (44.81951633, 37.33886755, 61.66113245));
#1698 = CARTESIAN_POINT('', (44.81531578, 37.33539485, 61.66460515));
#1699 = CARTESIAN_POINT('', (44.81026847, 37.3312319, 61.6687681));
#1700 = CARTESIAN_POINT('', (44.80394925, 37.32603521, 61.67396479));
#1701 = CARTESIAN_POINT('', (44.79719563, 37.32050059, 61.67949941));
#1702 = CARTESIAN_POINT('', (44.79085127, 37.31531878, 61.68468122));
#1703 = CARTESIAN_POINT('', (44.78576743, 37.31117754, 61.68882246));
#1704 = CARTESIAN_POINT('', (44.78152636, 37.30772976, 61.69227024));
#1705 = CARTESIAN_POINT('', (44.77770713, 37.3046302, 61.6953698));
#1706 = CARTESIAN_POINT('', (44.77388528, 37.30153366, 61.69846634));
#1707 = CARTESIAN_POINT('', (44.77005961, 37.29843912, 61.70156088));
#1708 = CARTESIAN_POINT('', (44.7662293, 37.29534578, 61.70465422));
#1709 = CARTESIAN_POINT('', (44.7623941, 37.29225338, 61.70774662));
#1710 = CARTESIAN_POINT('', (44.75855427, 37.28916206, 61.71083794));
#1711 = CARTESIAN_POINT('', (44.75471075, 37.28607247, 61.71392753));
#1712 = CARTESIAN_POINT('', (44.75086486, 37.28298561, 61.71701439));
#1713 = CARTESIAN_POINT('', (44.74658962, 37.27955919, 61.72044081));
#1714 = CARTESIAN_POINT('', (44.74145492, 37.27545087, 61.72454913));
#1715 = CARTESIAN_POINT('', (44.7350284, 37.27031984, 61.72968016));
#1716 = CARTESIAN_POINT('', (44.72773431, 37.26451078, 61.73548922));
#1717 = CARTESIAN_POINT('', (44.7199999, 37.25836735, 61.74163265));
#1718 = CARTESIAN_POINT('', (44.71225465, 37.25223108, 61.74776892));
#1719 = CARTESIAN_POINT('', (44.7044984, 37.24610133, 61.75389867));
#1720 = CARTESIAN_POINT('', (44.6967319, 37.2399782, 61.7600218));
#1721 = CARTESIAN_POINT('', (44.68895553, 37.23386152, 61.76613848));
#1722 = CARTESIAN_POINT('', (44.68117057, 37.22775185, 61.77224815));
#1723 = CARTESIAN_POINT('', (44.67337688, 37.22164864, 61.77835136));
#1724 = CARTESIAN_POINT('', (44.66557412, 37.21555122, 61.78444878));
#1725 = CARTESIAN_POINT('', (44.65776119, 37.20945834, 61.79054166));
#1726 = CARTESIAN_POINT('', (44.6499385, 37.20336995, 61.79663005));
#1727 = CARTESIAN_POINT('', (44.64210705, 37.19728646, 61.80271354));
#1728 = CARTESIAN_POINT('', (44.63426824, 37.19120863, 61.80879137));
#1729 = CARTESIAN_POINT('', (44.62642197, 37.18513604, 61.81486396));
#1730 = CARTESIAN_POINT('', (44.61856911, 37.17906903, 61.82093097));
#1731 = CARTESIAN_POINT('', (44.61070983, 37.17300742, 61.82699258));
#1732 = CARTESIAN_POINT('', (44.6028447, 37.16695136, 61.83304864));
#1733 = CARTESIAN_POINT('', (44.59497232, 37.16089949, 61.83910051));
#1734 = CARTESIAN_POINT('', (44.58709164, 37.15485072, 61.84514928));
#1735 = CARTESIAN_POINT('', (44.57920246, 37.14880465, 61.85119535));
#1736 = CARTESIAN_POINT('', (44.57130622, 37.14276213, 61.85723787));
#1737 = CARTESIAN_POINT('', (44.56340457, 37.13672418, 61.86327582));
#1738 = CARTESIAN_POINT('', (44.55549806, 37.13069098, 61.86930902));
#1739 = CARTESIAN_POINT('', (44.54758647, 37.12466214, 61.87533786));
#1740 = CARTESIAN_POINT('', (44.53966941, 37.11863714, 61.88136286));
#1741 = CARTESIAN_POINT('', (44.53174678, 37.11261569, 61.88738431));
#1742 = CARTESIAN_POINT('', (44.5238184, 37.10659745, 61.89340255));
#1743 = CARTESIAN_POINT('', (44.51323965, 37.09857723, 61.90142277));
#1744 = CARTESIAN_POINT('', (44.50529779, 37.09256693, 61.90743307));
#1745 = CARTESIAN_POINT('', (44.5, 37.08856217, 61.91143783));
#1746 = B_SPLINE_CURVE_WITH_KNOTS('', 3, (#1657, #1658, #1659, #1660, #1661, #1662, #1663, #1664, #1665, #1666, #1667, #1668, #1669, #1670, #1671, #1672, #1673, #1674, #1675, #1676, #1677, #1678, #1679, #1680, #1681, #1682, #1683, #1684, #1685, #1686, #1687, #1688, #1689, #1690, #1691, #1692, #1693, #1694, #1695, #1696, #1697, #1698, #1699, #1700, #1701, #1702, #1703, #1704, #1705, #1706, #1707, #1708, #1709, #1710, #1711, #1712, #1713, #1714, #1715, #1716, #1717, #1718, #1719, #1720, #1721, #1722, #1723, #1724, #1725, #1726, #1727, #1728, #1729, #1730, #1731, #1732, #1733, #1734, #1735, #1736, #1737, #1738, #1739, #1740, #1741, #1742, #1743, #1744, #1745), .UNSPECIFIED., .F., .F., (4, 1, 1, 1, 1, 1, 1, 1, 1, 1, 1, 1, 1, 1, 1, 1, 1, 1, 1, 1, 1, 1, 1, 1, 1, 1, 1, 1, 1, 1, 1, 1, 1, 1, 1, 1, 1, 1, 1, 1, 1, 1, 1, 1, 1, 1, 1, 1, 1, 1, 1, 1, 1, 1, 1, 1, 1, 1, 1, 1, 1, 1, 1, 1, 1, 1, 1, 1, 1, 1, 1, 1, 1, 1, 1, 1, 1, 1, 1, 1, 1, 1, 1, 1, 1, 1, 4), (0., 0.01760443, 0.03020513, 0.04282073, 0.05292906, 0.0605222, 0.06812136, 0.07572093, 0.08331526, 0.09342735, 0.10353209, 0.11363269, 0.1212078, 0.12878538, 0.1363634, 0.1439397, 0.15151484, 0.15908946, 0.16666137, 0.17422799, 0.18431006, 0.19691714, 0.21205766, 0.22468712, 0.23480035, 0.24239225, 0.24998547, 0.25757338, 0.26515252, 0.27272621, 0.28029989, 0.29039818, 0.30301659, 0.31815956, 0.3333093, 0.34594257, 0.35605312, 0.36363375, 0.37121034, 0.37878544, 0.386362, 0.39646471, 0.40908956, 0.4242385, 0.43686406, 0.44696798, 0.45454503, 0.46211756, 0.46968756, 0.4772588, 0.48483286, 0.49240974, 0.4999897, 0.50757121, 0.51515042, 0.5227252, 0.5328239, 0.54545108, 0.56060395, 0.57575567, 0.59090714, 0.60605872, 0.62121217, 0.63636313, 0.65151395, 0.66666105, 0.6818084, 0.69695917, 0.71211443, 0.72726901, 0.74242275, 0.75757429, 0.77272715, 0.78787549, 0.80302196, 0.81816768, 0.83331817, 0.84847396, 0.86363128, 0.87878604, 0.89393763, 0.90908861, 0.9242392, 0.93938979, 0.95454121, 0.96969409, 1.), .UNSPECIFIED.);
#1747 = CARTESIAN_POINT('', (33., 37.5, 60.5));
#1748 = CARTESIAN_POINT('', (33.00260092, 37.49739909, 60.49739909));
#1749 = CARTESIAN_POINT('', (33.00708668, 37.49294813, 60.49294813));
#1750 = CARTESIAN_POINT('', (33.01387778, 37.48629357, 60.48629357));
#1751 = CARTESIAN_POINT('', (33.02035168, 37.48001906, 60.48001906));
#1752 = CARTESIAN_POINT('', (33.02688254, 37.47376074, 60.47376074));
#1753 = CARTESIAN_POINT('', (33.03268793, 37.4682522, 60.4682522));
#1754 = CARTESIAN_POINT('', (33.03735536, 37.4638575, 60.4638575));
#1755 = CARTESIAN_POINT('', (33.04125521, 37.46020675, 60.46020675));
#1756 = CARTESIAN_POINT('', (33.04477063, 37.45693171, 60.45693171));
#1757 = CARTESIAN_POINT('', (33.0482948, 37.45366392, 60.45366392));
#1758 = CARTESIAN_POINT('', (33.05183065, 37.45040028, 60.45040028));
#1759 = CARTESIAN_POINT('', (33.05537923, 37.44713951, 60.44713951));
#1760 = CARTESIAN_POINT('', (33.05893915, 37.44388254, 60.44388254));
#1761 = CARTESIAN_POINT('', (33.06250808, 37.44063119, 60.44063119));
#1762 = CARTESIAN_POINT('', (33.06608465, 37.43738637, 60.43738637));
#1763 = CARTESIAN_POINT('', (33.06966883, 37.43414776, 60.43414776));
#1764 = CARTESIAN_POINT('', (33.07326099, 37.43091474, 60.43091474));
#1765 = CARTESIAN_POINT('', (33.07686087, 37.42768721, 60.42768721));
#1766 = CARTESIAN_POINT('', (33.08086857, 37.42410752, 60.42410752));
#1767 = CARTESIAN_POINT('', (33.08569017, 37.41981925, 60.41981925));
#1768 = CARTESIAN_POINT('', (33.09133514, 37.41482537, 60.41482537));
#1769 = CARTESIAN_POINT('', (33.0970029, 37.40983984, 60.40983984));
#1770 = CARTESIAN_POINT('', (33.10228462, 37.40521677, 60.40521677));
#1771 = CARTESIAN_POINT('', (33.1075814, 37.40060025, 60.40060025));
#1772 = CARTESIAN_POINT('', (33.11370887, 37.3952845, 60.39528451));
#1773 = CARTESIAN_POINT('', (33.12067407, 37.38927501, 60.38927501));
#1774 = CARTESIAN_POINT('', (33.1280725, 37.3829281, 60.3829281));
#1775 = CARTESIAN_POINT('', (33.13508116, 37.37694838, 60.37694838));
#1776 = CARTESIAN_POINT('', (33.14128137, 37.37168376, 60.37168376));
#1777 = CARTESIAN_POINT('', (33.14666598, 37.367129, 60.367129));
#1778 = CARTESIAN_POINT('', (33.15206209, 37.36257944, 60.36257945));
#1779 = CARTESIAN_POINT('', (33.15788819, 37.35768498, 60.35768498));
#1780 = CARTESIAN_POINT('', (33.16373003, 37.35279617, 60.35279617));
#1781 = CARTESIAN_POINT('', (33.16874824, 37.34861072, 60.34861072));
#1782 = CARTESIAN_POINT('', (33.17293594, 37.34512682, 60.34512682));
#1783 = CARTESIAN_POINT('', (33.17670815, 37.34199528, 60.34199528));
#1784 = CARTESIAN_POINT('', (33.18048393, 37.33886733, 60.33886733));
#1785 = CARTESIAN_POINT('', (33.18426354, 37.33574263, 60.33574263));
#1786 = CARTESIAN_POINT('', (33.18804667, 37.33262132, 60.33262132));
#1787 = CARTESIAN_POINT('', (33.19183312, 37.32950342, 60.32950342));
#1788 = CARTESIAN_POINT('', (33.19562353, 37.32638829, 60.32638829));
#1789 = CARTESIAN_POINT('', (33.19941895, 37.32327496, 60.32327496));
#1790 = CARTESIAN_POINT('', (33.20322, 37.32016282, 60.32016282));
#1791 = CARTESIAN_POINT('', (33.20702673, 37.31705173, 60.31705173));
#1792 = CARTESIAN_POINT('', (33.21083866, 37.31394198, 60.31394198));
#1793 = CARTESIAN_POINT('', (33.2146546, 37.31083444, 60.31083444));
#1794 = CARTESIAN_POINT('', (33.21847292, 37.30773035, 60.30773035));
#1795 = CARTESIAN_POINT('', (33.22229272, 37.30463032, 60.30463032));
#1796 = CARTESIAN_POINT('', (33.2261147, 37.30153368, 60.30153368));
#1797 = CARTESIAN_POINT('', (33.23036586, 37.29809496, 60.29809496));
#1798 = CARTESIAN_POINT('', (33.23504888, 37.29431399, 60.29431399));
#1799 = CARTESIAN_POINT('', (33.24016552, 37.29019157, 60.29019157));
#1800 = CARTESIAN_POINT('', (33.24486209, 37.28641533, 60.28641533));
#1801 = CARTESIAN_POINT('', (33.24913561, 37.28298524, 60.28298524));
#1802 = CARTESIAN_POINT('', (33.25341162, 37.27955819, 60.27955819));
#1803 = CARTESIAN_POINT('', (33.25854673, 37.27544956, 60.27544956));
#1804 = CARTESIAN_POINT('', (33.26497272, 37.27031895, 60.27031895));
#1805 = CARTESIAN_POINT('', (33.27226537, 37.26451103, 60.26451103));
#1806 = CARTESIAN_POINT('', (33.27999873, 37.25836844, 60.25836844));
#1807 = CARTESIAN_POINT('', (33.28731376, 37.25257302, 60.25257302));
#1808 = CARTESIAN_POINT('', (33.29377721, 37.24746391, 60.24746391));
#1809 = CARTESIAN_POINT('', (33.29938449, 37.24303958, 60.24303958));
#1810 = CARTESIAN_POINT('', (33.30499616, 37.23861876, 60.23861876));
#1811 = CARTESIAN_POINT('', (33.31147706, 37.23352202, 60.23352202));
#1812 = CARTESIAN_POINT('', (33.31883023, 37.22775122, 60.22775122));
#1813 = CARTESIAN_POINT('', (33.32662533, 37.22164691, 60.22164691));
#1814 = CARTESIAN_POINT('', (33.33442896, 37.21554881, 60.21554881));
#1815 = CARTESIAN_POINT('', (33.34224103, 37.20945662, 60.20945662));
#1816 = CARTESIAN_POINT('', (33.35006101, 37.20337032, 60.20337032));
#1817 = CARTESIAN_POINT('', (33.35789028, 37.19728854, 60.19728854));
#1818 = CARTESIAN_POINT('', (33.36572884, 37.19121089, 60.19121089));
#1819 = CARTESIAN_POINT('', (33.37357637, 37.18513732, 60.18513732));
#1820 = CARTESIAN_POINT('', (33.38143053, 37.1790693, 60.1790693));
#1821 = CARTESIAN_POINT('', (33.38929073, 37.17300699, 60.17300699));
#1822 = CARTESIAN_POINT('', (33.39715688, 37.16695015, 60.16695015));
#1823 = CARTESIAN_POINT('', (33.40503058, 37.16089725, 60.16089725));
#1824 = CARTESIAN_POINT('', (33.41291212, 37.15484783, 60.15484783));
#1825 = CARTESIAN_POINT('', (33.42080119, 37.14880185, 60.14880185));
#1826 = CARTESIAN_POINT('', (33.4286961, 37.14276036, 60.14276036));
#1827 = CARTESIAN_POINT('', (33.43659635, 37.13672348, 60.13672348));
#1828 = CARTESIAN_POINT('', (33.44450196, 37.13069097, 60.13069097));
#1829 = CARTESIAN_POINT('', (33.45241339, 37.12466225, 60.12466225));
#1830 = CARTESIAN_POINT('', (33.46033051, 37.1186372, 60.1186372));
#1831 = CARTESIAN_POINT('', (33.4682532, 37.11261571, 60.11261571));
#1832 = CARTESIAN_POINT('', (33.47618159, 37.10659746, 60.10659746));
#1833 = CARTESIAN_POINT('', (33.48676034, 37.09857723, 60.09857723));
#1834 = CARTESIAN_POINT('', (33.49470221, 37.09256693, 60.09256693));
#1835 = CARTESIAN_POINT('', (33.5, 37.08856217, 60.08856217));
#1836 = B_SPLINE_CURVE_WITH_KNOTS('', 3, (#1747, #1748, #1749, #1750, #1751, #1752, #1753, #1754, #1755, #1756, #1757, #1758, #1759, #1760, #1761, #1762, #1763, #1764, #1765, #1766, #1767, #1768, #1769, #1770, #1771, #1772, #1773, #1774, #1775, #1776, #1777, #1778, #1779, #1780, #1781, #1782, #1783, #1784, #1785, #1786, #1787, #1788, #1789, #1790, #1791, #1792, #1793, #1794, #1795, #1796, #1797, #1798, #1799, #1800, #1801, #1802, #1803, #1804, #1805, #1806, #1807, #1808, #1809, #1810, #1811, #1812, #1813, #1814, #1815, #1816, #1817, #1818, #1819, #1820, #1821, #1822, #1823, #1824, #1825, #1826, #1827, #1828, #1829, #1830, #1831, #1832, #1833, #1834, #1835), .UNSPECIFIED., .F., .F., (4, 1, 1, 1, 1, 1, 1, 1, 1, 1, 1, 1, 1, 1, 1, 1, 1, 1, 1, 1, 1, 1, 1, 1, 1, 1, 1, 1, 1, 1, 1, 1, 1, 1, 1, 1, 1, 1, 1, 1, 1, 1, 1, 1, 1, 1, 1, 1, 1, 1, 1, 1, 1, 1, 1, 1, 1, 1, 1, 1, 1, 1, 1, 1, 1, 1, 1, 1, 1, 1, 1, 1, 1, 1, 1, 1, 1, 1, 1, 1, 1, 1, 1, 1, 1, 1, 4), (0., 0.01760444, 0.03020514, 0.04535176, 0.06052822, 0.07318849, 0.08331806, 0.0909018, 0.09847334, 0.10604065, 0.11361321, 0.12119421, 0.12877928, 0.13636224, 0.14394028, 0.15151516, 0.15908942, 0.16666239, 0.17423207, 0.18432139, 0.19693899, 0.20956349, 0.21967252, 0.22978388, 0.24241729, 0.25757242, 0.27272413, 0.28787312, 0.30049375, 0.31058672, 0.32068163, 0.33330903, 0.34594231, 0.35605299, 0.36363402, 0.37121121, 0.37878654, 0.38636159, 0.39393481, 0.40150489, 0.40907405, 0.41664575, 0.42422108, 0.43179964, 0.43938145, 0.44696451, 0.4545441, 0.46211761, 0.46968756, 0.47725861, 0.48735928, 0.49746403, 0.50757107, 0.51515101, 0.5227275, 0.53282833, 0.54545398, 0.56060318, 0.57575165, 0.59090389, 0.60353304, 0.6136359, 0.62373685, 0.63636305, 0.65151482, 0.66666494, 0.68181648, 0.69696514, 0.71211323, 0.7272614, 0.74241601, 0.75757172, 0.77272681, 0.78787633, 0.80302467, 0.81817323, 0.83332666, 0.84848164, 0.86363612, 0.87878683, 0.89393727, 0.90908825, 0.92423908, 0.93938978, 0.95454119, 0.96969409, 1.), .UNSPECIFIED.);
#1837 = DIRECTION('', (-1., -0., 0.));
#1838 = VECTOR('', #1837, 1.);
#1839 = CARTESIAN_POINT('', (44.5, 37.08856217, 60.08856217));
#1840 = LINE('', #1839, #1838);
#1841 = CARTESIAN_POINT('', (45., 37.5, 60.5));
#1842 = CARTESIAN_POINT('', (44.99693863, 37.49693864, 60.49693864));
#1843 = CARTESIAN_POINT('', (44.99209535, 37.49213953, 60.49213953));
#1844 = CARTESIAN_POINT('', (44.98542774, 37.48562039, 60.48562039));
#1845 = CARTESIAN_POINT('', (44.9804989, 37.48084594, 60.48084594));
#1846 = CARTESIAN_POINT('', (44.97598851, 37.47651082, 60.47651082));
#1847 = CARTESIAN_POINT('', (44.97190591, 37.47261227, 60.47261227));
#1848 = CARTESIAN_POINT('', (44.96780231, 37.46871826, 60.46871826));
#1849 = CARTESIAN_POINT('', (44.96367784, 37.46482827, 60.46482827));
#1850 = CARTESIAN_POINT('', (44.95953345, 37.46094257, 60.46094257));
#1851 = CARTESIAN_POINT('', (44.95537285, 37.45706404, 60.45706404));
#1852 = CARTESIAN_POINT('', (44.95120166, 37.45319725, 60.45319725));
#1853 = CARTESIAN_POINT('', (44.94702316, 37.44934454, 60.44934454));
#1854 = CARTESIAN_POINT('', (44.94283626, 37.4455042, 60.4455042));
#1855 = CARTESIAN_POINT('', (44.93863886, 37.44167372, 60.44167372));
#1856 = CARTESIAN_POINT('', (44.93443146, 37.43785295, 60.43785295));
#1857 = CARTESIAN_POINT('', (44.93021586, 37.43404298, 60.43404298));
#1858 = CARTESIAN_POINT('', (44.9259917, 37.43024293, 60.43024293));
#1859 = CARTESIAN_POINT('', (44.9217563, 37.42644988, 60.42644988));
#1860 = CARTESIAN_POINT('', (44.91750714, 37.42266115, 60.42266115));
#1861 = CARTESIAN_POINT('', (44.91276848, 37.41845392, 60.41845392));
#1862 = CARTESIAN_POINT('', (44.90753559, 37.41383032, 60.41383032));
#1863 = CARTESIAN_POINT('', (44.90180365, 37.40879275, 60.40879275));
#1864 = CARTESIAN_POINT('', (44.89652859, 37.40418055, 60.40418055));
#1865 = CARTESIAN_POINT('', (44.89171633, 37.39999127, 60.39999127));
#1866 = CARTESIAN_POINT('', (44.88737312, 37.39622405, 60.39622405));
#1867 = CARTESIAN_POINT('', (44.88302162, 37.392463, 60.392463));
#1868 = CARTESIAN_POINT('', (44.87818157, 37.3882941, 60.3882941));
#1869 = CARTESIAN_POINT('', (44.87285035, 37.38372009, 60.38372009));
#1870 = CARTESIAN_POINT('', (44.86702369, 37.37874257, 60.37874257));
#1871 = CARTESIAN_POINT('', (44.86167204, 37.3741899, 60.3741899));
#1872 = CARTESIAN_POINT('', (44.85679912, 37.37005912, 60.37005912));
#1873 = CARTESIAN_POINT('', (44.85240764, 37.36634743, 60.36634743));
#1874 = CARTESIAN_POINT('', (44.84800857, 37.36264001, 60.36264001));
#1875 = CARTESIAN_POINT('', (44.84310977, 37.35852305, 60.35852305));
#1876 = CARTESIAN_POINT('', (44.83721522, 37.35358509, 60.35358509));
#1877 = CARTESIAN_POINT('', (44.83031751, 37.34782982, 60.34782982));
#1878 = CARTESIAN_POINT('', (44.82339886, 37.34208169, 60.34208169));
#1879 = CARTESIAN_POINT('', (44.81745413, 37.33716093, 60.33716093));
#1880 = CARTESIAN_POINT('', (44.81249277, 37.3330656, 60.3330656));
#1881 = CARTESIAN_POINT('', (44.80752841, 37.32897736, 60.32897736));
#1882 = CARTESIAN_POINT('', (44.80206209, 37.32448771, 60.32448771));
#1883 = CARTESIAN_POINT('', (44.79608975, 37.3195969, 60.3195969));
#1884 = CARTESIAN_POINT('', (44.7906061, 37.31511913, 60.31511913));
#1885 = CARTESIAN_POINT('', (44.78561457, 37.31105312, 60.31105312));
#1886 = CARTESIAN_POINT('', (44.78061843, 37.30699165, 60.30699165));
#1887 = CARTESIAN_POINT('', (44.77461505, 37.30212273, 60.30212273));
#1888 = CARTESIAN_POINT('', (44.76759793, 37.29644817, 60.29644817));
#1889 = CARTESIAN_POINT('', (44.76056607, 37.29077942, 60.29077942));
#1890 = CARTESIAN_POINT('', (44.7545284, 37.28592532, 60.28592532));
#1891 = CARTESIAN_POINT('', (44.7494916, 37.2818842, 60.2818842));
#1892 = CARTESIAN_POINT('', (44.74445142, 37.27784732, 60.27784732));
#1893 = CARTESIAN_POINT('', (44.73839664, 37.27300736, 60.27300736));
#1894 = CARTESIAN_POINT('', (44.73132199, 37.26736606, 60.26736607));
#1895 = CARTESIAN_POINT('', (44.72423611, 37.26173076, 60.26173076));
#1896 = CARTESIAN_POINT('', (44.71815481, 37.25690552, 60.25690552));
#1897 = CARTESIAN_POINT('', (44.71308242, 37.25288782, 60.25288782));
#1898 = CARTESIAN_POINT('', (44.70851371, 37.24927439, 60.24927439));
#1899 = CARTESIAN_POINT('', (44.70394143, 37.24566332, 60.24566332));
#1900 = CARTESIAN_POINT('', (44.69936592, 37.24205482, 60.24205482));
#1901 = CARTESIAN_POINT('', (44.69478732, 37.23844886, 60.23844886));
#1902 = CARTESIAN_POINT('', (44.69020575, 37.23484547, 60.23484547));
#1903 = CARTESIAN_POINT('', (44.6856216, 37.23124485, 60.23124485));
#1904 = CARTESIAN_POINT('', (44.68052513, 37.22724706, 60.22724706));
#1905 = CARTESIAN_POINT('', (44.67440369, 37.22245244, 60.22245244));
#1906 = CARTESIAN_POINT('', (44.66674152, 37.21646231, 60.21646231));
#1907 = CARTESIAN_POINT('', (44.65804437, 37.20967818, 60.20967818));
#1908 = CARTESIAN_POINT('', (44.64882213, 37.20250128, 60.20250128));
#1909 = CARTESIAN_POINT('', (44.63958883, 37.19533201, 60.19533201));
#1910 = CARTESIAN_POINT('', (44.63034586, 37.18817086, 60.18817086));
#1911 = CARTESIAN_POINT('', (44.62109418, 37.18101803, 60.18101803));
#1912 = CARTESIAN_POINT('', (44.61183378, 37.17387301, 60.17387301));
#1913 = CARTESIAN_POINT('', (44.60256486, 37.16673544, 60.16673544));
#1914 = CARTESIAN_POINT('', (44.593286, 37.15960376, 60.15960376));
#1915 = CARTESIAN_POINT('', (44.58399579, 37.15247646, 60.15247646));
#1916 = CARTESIAN_POINT('', (44.57469408, 37.145353, 60.145353));
#1917 = CARTESIAN_POINT('', (44.56538259, 37.1382343, 60.1382343));
#1918 = CARTESIAN_POINT('', (44.55606381, 37.13112188, 60.13112188));
#1919 = CARTESIAN_POINT('', (44.54673903, 37.12401633, 60.12401633));
#1920 = CARTESIAN_POINT('', (44.53740805, 37.11691715, 60.11691715));
#1921 = CARTESIAN_POINT('', (44.52806973, 37.10982311, 60.10982311));
#1922 = CARTESIAN_POINT('', (44.51560534, 37.10036817, 60.10036817));
#1923 = CARTESIAN_POINT('', (44.50624536, 37.09328321, 60.09328322));
#1924 = CARTESIAN_POINT('', (44.5, 37.08856217, 60.08856217));
#1925 = B_SPLINE_CURVE_WITH_KNOTS('', 3, (#1841, #1842, #1843, #1844, #1845, #1846, #1847, #1848, #1849, #1850, #1851, #1852, #1853, #1854, #1855, #1856, #1857, #1858, #1859, #1860, #1861, #1862, #1863, #1864, #1865, #1866, #1867, #1868, #1869, #1870, #1871, #1872, #1873, #1874, #1875, #1876, #1877, #1878, #1879, #1880, #1881, #1882, #1883, #1884, #1885, #1886, #1887, #1888, #1889, #1890, #1891, #1892, #1893, #1894, #1895, #1896, #1897, #1898, #1899, #1900, #1901, #1902, #1903, #1904, #1905, #1906, #1907, #1908, #1909, #1910, #1911, #1912, #1913, #1914, #1915, #1916, #1917, #1918, #1919, #1920, #1921, #1922, #1923, #1924), .UNSPECIFIED., .F., .F., (4, 1, 1, 1, 1, 1, 1, 1, 1, 1, 1, 1, 1, 1, 1, 1, 1, 1, 1, 1, 1, 1, 1, 1, 1, 1, 1, 1, 1, 1, 1, 1, 1, 1, 1, 1, 1, 1, 1, 1, 1, 1, 1, 1, 1, 1, 1, 1, 1, 1, 1, 1, 1, 1, 1, 1, 1, 1, 1, 1, 1, 1, 1, 1, 1, 1, 1, 1, 1, 1, 1, 1, 1, 1, 1, 1, 1, 1, 1, 1, 1, 4), (0., 0.020721, 0.03258281, 0.04446246, 0.05338915, 0.06232599, 0.07127165, 0.0802272, 0.08919506, 0.09816855, 0.10713067, 0.11607198, 0.12500104, 0.13392894, 0.14285227, 0.15176289, 0.16066348, 0.16956429, 0.17847175, 0.18738693, 0.19928858, 0.2111993, 0.22311935, 0.23207041, 0.24102653, 0.24998051, 0.25892564, 0.27083524, 0.28273762, 0.29463497, 0.30355239, 0.31246594, 0.32137961, 0.33029799, 0.34220064, 0.35709141, 0.37199008, 0.38391563, 0.39285771, 0.40179185, 0.41369533, 0.4255984, 0.43750285, 0.44643056, 0.4553545, 0.46725183, 0.48212966, 0.497013, 0.50892415, 0.51785544, 0.52678205, 0.53868434, 0.55356687, 0.56845113, 0.58035784, 0.58928627, 0.5982156, 0.60714488, 0.61607283, 0.62500003, 0.63392692, 0.64285207, 0.65177463, 0.66367236, 0.67855022, 0.69641159, 0.71427679, 0.73214102, 0.75000031, 0.76785782, 0.78571102, 0.8035615, 0.82141122, 0.83926667, 0.85712941, 0.87499403, 0.8928561, 0.91071273, 0.92856541, 0.94641818, 0.96427356, 1.), .UNSPECIFIED.);
#1926 = DIRECTION('', (0., -0., 1.));
#1927 = VECTOR('', #1926, 1.);
#1928 = CARTESIAN_POINT('', (33., 37.5, 60.5));
#1929 = LINE('', #1928, #1927);
#1930 = DIRECTION('', (0., -0., -1.));
#1931 = VECTOR('', #1930, 1.);
#1932 = CARTESIAN_POINT('', (45., 37.5, 61.5));
#1933 = LINE('', #1932, #1931);
#1934 = DIRECTION('', (0., -0., 1.));
#1935 = VECTOR('', #1934, 1.);
#1936 = CARTESIAN_POINT('', (33., 37.5, 61.));
#1937 = LINE('', #1936, #1935);
#1938 = DIRECTION('', (0., -0., -1.));
#1939 = VECTOR('', #1938, 1.);
#1940 = CARTESIAN_POINT('', (45., 37.5, 61.));
#1941 = LINE('', #1940, #1939);
#1942 = DIRECTION('', (-1., -0., 0.));
#1943 = VECTOR('', #1942, 1.);
#1944 = CARTESIAN_POINT('', (33., 37.5, 61.5));
#1945 = LINE('', #1944, #1943);
#1946 = DIRECTION('', (-1., -0., 0.));
#1947 = VECTOR('', #1946, 1.);
#1948 = CARTESIAN_POINT('', (33., 37.5, 60.5));
#1949 = LINE('', #1948, #1947);
#1950 = DIRECTION('', (0., -0.41143783, -0.91143783));
#1951 = DIRECTION('', (1., 0., 0.));
#1952 = CARTESIAN_POINT('', (33.5, 37.5, 61.));
#1953 = AXIS2_PLACEMENT_3D('', #1952, #1951, #1950);
#1954 = CIRCLE('', #1953, 1.);
#1955 = DIRECTION('', (0., -0.41143783, -0.91143783));
#1956 = DIRECTION('', (1., 0., 0.));
#1957 = CARTESIAN_POINT('', (44.5, 37.5, 61.));
#1958 = AXIS2_PLACEMENT_3D('', #1957, #1956, #1955);
#1959 = CIRCLE('', #1958, 1.);
#1960 = DIRECTION('', (0., -1., 0.));
#1961 = VECTOR('', #1960, 1.);
#1962 = CARTESIAN_POINT('', (-44.50000001, -15.5, 0.00000001));
#1963 = LINE('', #1962, #1961);
#1964 = DIRECTION('', (-0.57735027, -0.57735027, -0.57735027));
#1965 = VECTOR('', #1964, 1.);
#1966 = CARTESIAN_POINT('', (-44.50000001, -29.5, 0.00000001));
#1967 = LINE('', #1966, #1965);
#1968 = DIRECTION('', (-0.57735027, 0.57735027, -0.57735027));
#1969 = VECTOR('', #1968, 1.);
#1970 = CARTESIAN_POINT('', (-44.50000001, -15.5, 0.00000001));
#1971 = LINE('', #1970, #1969);
#1972 = DIRECTION('', (1., -0., 0.));
#1973 = VECTOR('', #1972, 1.);
#1974 = CARTESIAN_POINT('', (-44.50000001, -29.5, 0.00000001));
#1975 = LINE('', #1974, #1973);
#1976 = DIRECTION('', (1., -0., 0.));
#1977 = VECTOR('', #1976, 1.);
#1978 = CARTESIAN_POINT('', (-44.50000001, -15.5, 0.00000001));
#1979 = LINE('', #1978, #1977);
#1980 = DIRECTION('', (0., 1., -0.));
#1981 = VECTOR('', #1980, 1.);
#1982 = CARTESIAN_POINT('', (-33.50000002, -29.5, 0.00000002));
#1983 = LINE('', #1982, #1981);
#1984 = DIRECTION('', (0., 1., 0.));
#1985 = VECTOR('', #1984, 1.);
#1986 = CARTESIAN_POINT('', (-44.50000001, -29.5, -11.99999996));
#1987 = LINE('', #1986, #1985);
#1988 = DIRECTION('', (0., -0., 1.));
#1989 = VECTOR('', #1988, 1.);
#1990 = CARTESIAN_POINT('', (-44.50000001, -30., -11.49999996));
#1991 = LINE('', #1990, #1989);
#1992 = DIRECTION('', (0.57735027, -0.57735027, -0.57735027));
#1993 = VECTOR('', #1992, 1.);
#1994 = CARTESIAN_POINT('', (-44.75000001, -29.75, -0.24999999));
#1995 = LINE('', #1994, #1993);
#1996 = DIRECTION('', (-0.57735027, 0.57735027, -0.57735027));
#1997 = VECTOR('', #1996, 1.);
#1998 = CARTESIAN_POINT('', (-44.50000001, -30., -11.49999996));
#1999 = LINE('', #1998, #1997);
#2000 = DIRECTION('', (0.57735027, -0.57735027, 0.57735027));
#2001 = VECTOR('', #2000, 1.);
#2002 = CARTESIAN_POINT('', (-45.00000001, -29.5, -0.49999999));
#2003 = LINE('', #2002, #2001);
#2004 = DIRECTION('', (0., -0., 1.));
#2005 = VECTOR('', #2004, 1.);
#2006 = CARTESIAN_POINT('', (-45.00000001, -29.5, -11.49999996));
#2007 = LINE('', #2006, #2005);
#2008 = DIRECTION('', (-0.57735027, 0.57735027, 0.57735027));
#2009 = VECTOR('', #2008, 1.);
#2010 = CARTESIAN_POINT('', (-44.75000001, -29.75, -11.74999996));
#2011 = LINE('', #2010, #2009);
#2012 = DIRECTION('', (0.57735027, 0.57735027, -0.57735027));
#2013 = VECTOR('', #2012, 1.);
#2014 = CARTESIAN_POINT('', (-44.75000001, -29.75, -11.74999996));
#2015 = LINE('', #2014, #2013);
#2016 = DIRECTION('', (0., 1., 0.));
#2017 = VECTOR('', #2016, 1.);
#2018 = CARTESIAN_POINT('', (-45.00000001, -29.5, -11.49999996));
#2019 = LINE('', #2018, #2017);
#2020 = DIRECTION('', (1., -0., -0.));
#2021 = VECTOR('', #2020, 1.);
#2022 = CARTESIAN_POINT('', (-44.50000001, -30., -11.49999996));
#2023 = LINE('', #2022, #2021);
#2024 = DIRECTION('', (0., 0., 1.));
#2025 = VECTOR('', #2024, 1.);
#2026 = CARTESIAN_POINT('', (-44.50000001, -15., -11.49999996));
#2027 = LINE('', #2026, #2025);
#2028 = DIRECTION('', (0.57735027, 0.57735027, -0.57735027));
#2029 = VECTOR('', #2028, 1.);
#2030 = CARTESIAN_POINT('', (-44.75000001, -15.25, -0.24999999));
#2031 = LINE('', #2030, #2029);
#2032 = DIRECTION('', (-0.57735027, -0.57735027, -0.57735027));
#2033 = VECTOR('', #2032, 1.);
#2034 = CARTESIAN_POINT('', (-44.50000001, -15., -11.49999996));
#2035 = LINE('', #2034, #2033);
#2036 = DIRECTION('', (-0.57735027, -0.57735027, -0.57735027));
#2037 = VECTOR('', #2036, 1.);
#2038 = CARTESIAN_POINT('', (-44.75000001, -15.25, -0.24999999));
#2039 = LINE('', #2038, #2037);
#2040 = DIRECTION('', (0.57735027, 0.57735027, -0.57735027));
#2041 = VECTOR('', #2040, 1.);
#2042 = CARTESIAN_POINT('', (-45.00000001, -15.5, -11.49999996));
#2043 = LINE('', #2042, #2041);
#2044 = DIRECTION('', (0., 0., 1.));
#2045 = VECTOR('', #2044, 1.);
#2046 = CARTESIAN_POINT('', (-45.00000001, -15.5, -11.49999996));
#2047 = LINE('', #2046, #2045);
#2048 = DIRECTION('', (0.57735027, -0.57735027, -0.57735027));
#2049 = VECTOR('', #2048, 1.);
#2050 = CARTESIAN_POINT('', (-44.75000001, -15.25, -11.74999996));
#2051 = LINE('', #2050, #2049);
#2052 = DIRECTION('', (0., -1., 0.));
#2053 = VECTOR('', #2052, 1.);
#2054 = CARTESIAN_POINT('', (-45.00000001, -15.5, -0.49999999));
#2055 = LINE('', #2054, #2053);
#2056 = DIRECTION('', (1., 0., -0.));
#2057 = VECTOR('', #2056, 1.);
#2058 = CARTESIAN_POINT('', (-44.50000001, -15., -11.49999996));
#2059 = LINE('', #2058, #2057);
#2060 = DIRECTION('', (-0., -0., -1.));
#2061 = VECTOR('', #2060, 1.);
#2062 = CARTESIAN_POINT('', (-33.00000002, -29.5, -0.49999998));
#2063 = LINE('', #2062, #2061);
#2064 = DIRECTION('', (-0., -0., -1.));
#2065 = VECTOR('', #2064, 1.);
#2066 = CARTESIAN_POINT('', (-33.50000002, -30., -0.49999998));
#2067 = LINE('', #2066, #2065);
#2068 = DIRECTION('', (0.57735027, 0.57735027, 0.57735027));
#2069 = VECTOR('', #2068, 1.);
#2070 = CARTESIAN_POINT('', (-33.50000002, -30., -0.49999998));
#2071 = LINE('', #2070, #2069);
#2072 = DIRECTION('', (0.57735027, 0.57735027, -0.57735027));
#2073 = VECTOR('', #2072, 1.);
#2074 = CARTESIAN_POINT('', (-33.25000002, -29.75, -0.24999998));
#2075 = LINE('', #2074, #2073);
#2076 = DIRECTION('', (-0.57735027, 0.57735027, 0.57735027));
#2077 = VECTOR('', #2076, 1.);
#2078 = CARTESIAN_POINT('', (-33.25000002, -29.75, -0.24999998));
#2079 = LINE('', #2078, #2077);
#2080 = DIRECTION('', (-1., -0., -0.));
#2081 = VECTOR('', #2080, 1.);
#2082 = CARTESIAN_POINT('', (-33.50000002, -30., -0.49999998));
#2083 = LINE('', #2082, #2081);
#2084 = DIRECTION('', (0., 1., -0.));
#2085 = VECTOR('', #2084, 1.);
#2086 = CARTESIAN_POINT('', (-33.00000002, -29.5, -0.49999998));
#2087 = LINE('', #2086, #2085);
#2088 = DIRECTION('', (-0., -0., -1.));
#2089 = VECTOR('', #2088, 1.);
#2090 = CARTESIAN_POINT('', (-33.50000002, -15., -0.49999998));
#2091 = LINE('', #2090, #2089);
#2092 = DIRECTION('', (0.57735027, -0.57735027, 0.57735027));
#2093 = VECTOR('', #2092, 1.);
#2094 = CARTESIAN_POINT('', (-33.50000002, -15., -0.49999998));
#2095 = LINE('', #2094, #2093);
#2096 = DIRECTION('', (-0.57735027, 0.57735027, 0.57735027));
#2097 = VECTOR('', #2096, 1.);
#2098 = CARTESIAN_POINT('', (-33.00000002, -15.5, -0.49999998));
#2099 = LINE('', #2098, #2097);
#2100 = DIRECTION('', (-0., -0., -1.));
#2101 = VECTOR('', #2100, 1.);
#2102 = CARTESIAN_POINT('', (-33.00000002, -15.5, -0.49999998));
#2103 = LINE('', #2102, #2101);
#2104 = DIRECTION('', (-0.57735027, -0.57735027, 0.57735027));
#2105 = VECTOR('', #2104, 1.);
#2106 = CARTESIAN_POINT('', (-33.25000002, -15.25, -0.24999998));
#2107 = LINE('', #2106, #2105);
#2108 = DIRECTION('', (-1., -0., -0.));
#2109 = VECTOR('', #2108, 1.);
#2110 = CARTESIAN_POINT('', (-33.50000002, -15., -0.49999998));
#2111 = LINE('', #2110, #2109);
#2112 = DIRECTION('', (0., -0.70710678, 0.70710678));
#2113 = VECTOR('', #2112, 1.);
#2114 = CARTESIAN_POINT('', (-42.50000001, -29.5, -11.99999996));
#2115 = LINE('', #2114, #2113);
#2116 = DIRECTION('', (0., 0.70710678, 0.70710678));
#2117 = VECTOR('', #2116, 1.);
#2118 = CARTESIAN_POINT('', (-42.50000001, -15.5, -11.99999996));
#2119 = LINE('', #2118, #2117);
#2120 = DIRECTION('', (0., 1., 0.));
#2121 = VECTOR('', #2120, 1.);
#2122 = CARTESIAN_POINT('', (-42.50000001, -29.5, -11.99999996));
#2123 = LINE('', #2122, #2121);
#2124 = DIRECTION('', (0.70710678, 0.70710678, 0.));
#2125 = VECTOR('', #2124, 1.);
#2126 = CARTESIAN_POINT('', (-33.50000002, -30., -2.49999998));
#2127 = LINE('', #2126, #2125);
#2128 = DIRECTION('', (0., -0., 1.));
#2129 = VECTOR('', #2128, 1.);
#2130 = CARTESIAN_POINT('', (-42.50000001, -30., -11.49999997));
#2131 = LINE('', #2130, #2129);
#2132 = DIRECTION('', (1., -0., 0.));
#2133 = VECTOR('', #2132, 1.);
#2134 = CARTESIAN_POINT('', (-42.50000001, -30., -2.49999999));
#2135 = LINE('', #2134, #2133);
#2136 = DIRECTION('', (0., 1., -0.));
#2137 = VECTOR('', #2136, 1.);
#2138 = CARTESIAN_POINT('', (-33.00000002, -29.5, -2.49999998));
#2139 = LINE('', #2138, #2137);
#2140 = DIRECTION('', (-0.70710678, 0.70710678, -0.));
#2141 = VECTOR('', #2140, 1.);
#2142 = CARTESIAN_POINT('', (-33.00000002, -15.5, -2.49999998));
#2143 = LINE('', #2142, #2141);
#2144 = DIRECTION('', (0., 0., 1.));
#2145 = VECTOR('', #2144, 1.);
#2146 = CARTESIAN_POINT('', (-42.50000001, -15., -11.49999997));
#2147 = LINE('', #2146, #2145);
#2148 = DIRECTION('', (1., -0., 0.));
#2149 = VECTOR('', #2148, 1.);
#2150 = CARTESIAN_POINT('', (-42.50000001, -15., -2.49999999));
#2151 = LINE('', #2150, #2149);
#2152 = DIRECTION('', (0., 1., -0.));
#2153 = VECTOR('', #2152, 1.);
#2154 = CARTESIAN_POINT('', (-42.50000001, -30., -2.49999999));
#2155 = LINE('', #2154, #2153);
#2156 = DIRECTION('', (-1., -0., 0.));
#2157 = VECTOR('', #2156, 1.);
#2158 = CARTESIAN_POINT('', (-42.50000001, -29.5, -11.99999996));
#2159 = LINE('', #2158, #2157);
#2160 = DIRECTION('', (-1., -0., 0.));
#2161 = VECTOR('', #2160, 1.);
#2162 = CARTESIAN_POINT('', (-42.50000001, -15.5, -11.99999996));
#2163 = LINE('', #2162, #2161);
#2164 = DIRECTION('', (0., -1., 0.));
#2165 = DIRECTION('', (1., 0., 0.));
#2166 = CARTESIAN_POINT('', (-45.00000001, -22.5, -6.));
#2167 = AXIS2_PLACEMENT_3D('', #2166, #2165, #2164);
#2168 = CIRCLE('', #2167, 1.6);
#2169 = DIRECTION('', (0., -1., -0.));
#2170 = DIRECTION('', (-1., -0., 0.));
#2171 = CARTESIAN_POINT('', (-45.00000001, -22.5, -6.));
#2172 = AXIS2_PLACEMENT_3D('', #2171, #2170, #2169);
#2173 = CIRCLE('', #2172, 1.6);
#2174 = DIRECTION('', (0., -1., -0.));
#2175 = DIRECTION('', (1., 0., 0.));
#2176 = CARTESIAN_POINT('', (-42.50000001, -22.5, -6.));
#2177 = AXIS2_PLACEMENT_3D('', #2176, #2175, #2174);
#2178 = CIRCLE('', #2177, 1.6);
#2179 = DIRECTION('', (0., -1., -0.));
#2180 = DIRECTION('', (-1., -0., 0.));
#2181 = CARTESIAN_POINT('', (-42.50000001, -22.5, -6.));
#2182 = AXIS2_PLACEMENT_3D('', #2181, #2180, #2179);
#2183 = CIRCLE('', #2182, 1.6);
#2184 = DIRECTION('', (0., 0.00000001, 1.));
#2185 = DIRECTION('', (-1., 0., 0.));
#2186 = CARTESIAN_POINT('', (-45.00000001, -22.5, -6.));
#2187 = AXIS2_PLACEMENT_3D('', #2186, #2185, #2184);
#2188 = CIRCLE('', #2187, 1.6);
#2189 = DIRECTION('', (-0., -0.00000001, -1.));
#2190 = DIRECTION('', (1., 0., -0.));
#2191 = CARTESIAN_POINT('', (-45.00000001, -22.5, -6.));
#2192 = AXIS2_PLACEMENT_3D('', #2191, #2190, #2189);
#2193 = CIRCLE('', #2192, 1.6);
#2194 = DIRECTION('', (0., 0.00000013, 1.));
#2195 = DIRECTION('', (-1., 0., 0.));
#2196 = CARTESIAN_POINT('', (-42.50000001, -22.5, -6.));
#2197 = AXIS2_PLACEMENT_3D('', #2196, #2195, #2194);
#2198 = CIRCLE('', #2197, 1.6);
#2199 = DIRECTION('', (-0., -0., -1.));
#2200 = DIRECTION('', (1., 0., -0.));
#2201 = CARTESIAN_POINT('', (-42.50000001, -22.5, -6.));
#2202 = AXIS2_PLACEMENT_3D('', #2201, #2200, #2199);
#2203 = CIRCLE('', #2202, 1.6);
#2204 = DIRECTION('', (1., -0., 0.));
#2205 = VECTOR('', #2204, 1.);
#2206 = CARTESIAN_POINT('', (-45.00000001, -20.9, -6.));
#2207 = LINE('', #2206, #2205);
#2208 = DIRECTION('', (1., -0., 0.));
#2209 = VECTOR('', #2208, 1.);
#2210 = CARTESIAN_POINT('', (-45.00000001, -24.1, -6.));
#2211 = LINE('', #2210, #2209);
#2212 = DIRECTION('', (1., -0., 0.));
#2213 = DIRECTION('', (0., -0., -1.));
#2214 = CARTESIAN_POINT('', (-39., -22.5, 0.00000001));
#2215 = AXIS2_PLACEMENT_3D('', #2214, #2213, #2212);
#2216 = CIRCLE('', #2215, 1.6);
#2217 = DIRECTION('', (1., 0., 0.));
#2218 = DIRECTION('', (-0., 0., 1.));
#2219 = CARTESIAN_POINT('', (-39., -22.5, 0.00000001));
#2220 = AXIS2_PLACEMENT_3D('', #2219, #2218, #2217);
#2221 = CIRCLE('', #2220, 1.6);
#2222 = DIRECTION('', (1., 0., 0.));
#2223 = DIRECTION('', (0., 0., -1.));
#2224 = CARTESIAN_POINT('', (-39., -22.5, -2.49999999));
#2225 = AXIS2_PLACEMENT_3D('', #2224, #2223, #2222);
#2226 = CIRCLE('', #2225, 1.6);
#2227 = DIRECTION('', (1., 0., 0.));
#2228 = DIRECTION('', (-0., -0., 1.));
#2229 = CARTESIAN_POINT('', (-39., -22.5, -2.49999999));
#2230 = AXIS2_PLACEMENT_3D('', #2229, #2228, #2227);
#2231 = CIRCLE('', #2230, 1.6);
#2232 = DIRECTION('', (-0.00000001, 1., -0.));
#2233 = DIRECTION('', (-0., 0., 1.));
#2234 = CARTESIAN_POINT('', (-39., -22.5, 0.00000001));
#2235 = AXIS2_PLACEMENT_3D('', #2234, #2233, #2232);
#2236 = CIRCLE('', #2235, 1.6);
#2237 = DIRECTION('', (0.00000001, -1., 0.));
#2238 = DIRECTION('', (0., -0., -1.));
#2239 = CARTESIAN_POINT('', (-39., -22.5, 0.00000001));
#2240 = AXIS2_PLACEMENT_3D('', #2239, #2238, #2237);
#2241 = CIRCLE('', #2240, 1.6);
#2242 = DIRECTION('', (0.00000001, 1., -0.));
#2243 = DIRECTION('', (-0., 0., 1.));
#2244 = CARTESIAN_POINT('', (-39., -22.5, -2.49999999));
#2245 = AXIS2_PLACEMENT_3D('', #2244, #2243, #2242);
#2246 = CIRCLE('', #2245, 1.6);
#2247 = DIRECTION('', (0., -1., -0.));
#2248 = DIRECTION('', (0., 0., -1.));
#2249 = CARTESIAN_POINT('', (-39., -22.5, -2.49999999));
#2250 = AXIS2_PLACEMENT_3D('', #2249, #2248, #2247);
#2251 = CIRCLE('', #2250, 1.6);
#2252 = DIRECTION('', (0., -0., -1.));
#2253 = VECTOR('', #2252, 1.);
#2254 = CARTESIAN_POINT('', (-40.6, -22.5, 0.00000001));
#2255 = LINE('', #2254, #2253);
#2256 = DIRECTION('', (0., -0., -1.));
#2257 = VECTOR('', #2256, 1.);
#2258 = CARTESIAN_POINT('', (-37.4, -22.5, 0.00000001));
#2259 = LINE('', #2258, #2257);
#2260 = DIRECTION('', (0., 1., 0.));
#2261 = VECTOR('', #2260, 1.);
#2262 = CARTESIAN_POINT('', (44.50000001, -29.5, 0.00000001));
#2263 = LINE('', #2262, #2261);
#2264 = DIRECTION('', (0.57735027, 0.57735027, -0.57735027));
#2265 = VECTOR('', #2264, 1.);
#2266 = CARTESIAN_POINT('', (44.50000001, -15.5, 0.00000001));
#2267 = LINE('', #2266, #2265);
#2268 = DIRECTION('', (0.57735027, -0.57735027, -0.57735027));
#2269 = VECTOR('', #2268, 1.);
#2270 = CARTESIAN_POINT('', (44.50000001, -29.5, 0.00000001));
#2271 = LINE('', #2270, #2269);
#2272 = DIRECTION('', (-1., 0., 0.));
#2273 = VECTOR('', #2272, 1.);
#2274 = CARTESIAN_POINT('', (44.50000001, -15.5, 0.00000001));
#2275 = LINE('', #2274, #2273);
#2276 = DIRECTION('', (-1., -0., 0.));
#2277 = VECTOR('', #2276, 1.);
#2278 = CARTESIAN_POINT('', (44.50000001, -29.5, 0.00000001));
#2279 = LINE('', #2278, #2277);
#2280 = DIRECTION('', (0., -1., -0.));
#2281 = VECTOR('', #2280, 1.);
#2282 = CARTESIAN_POINT('', (33.50000002, -15.5, 0.00000002));
#2283 = LINE('', #2282, #2281);
#2284 = DIRECTION('', (-0., -1., 0.));
#2285 = VECTOR('', #2284, 1.);
#2286 = CARTESIAN_POINT('', (44.50000001, -15.5, -11.99999996));
#2287 = LINE('', #2286, #2285);
#2288 = DIRECTION('', (0., -0., 1.));
#2289 = VECTOR('', #2288, 1.);
#2290 = CARTESIAN_POINT('', (44.50000001, -15., -11.49999996));
#2291 = LINE('', #2290, #2289);
#2292 = DIRECTION('', (-0.57735027, 0.57735027, -0.57735027));
#2293 = VECTOR('', #2292, 1.);
#2294 = CARTESIAN_POINT('', (44.75000001, -15.25, -0.24999999));
#2295 = LINE('', #2294, #2293);
#2296 = DIRECTION('', (0.57735027, -0.57735027, -0.57735027));
#2297 = VECTOR('', #2296, 1.);
#2298 = CARTESIAN_POINT('', (44.50000001, -15., -11.49999996));
#2299 = LINE('', #2298, #2297);
#2300 = DIRECTION('', (-0.57735027, 0.57735027, 0.57735027));
#2301 = VECTOR('', #2300, 1.);
#2302 = CARTESIAN_POINT('', (45.00000001, -15.5, -0.49999999));
#2303 = LINE('', #2302, #2301);
#2304 = DIRECTION('', (0., -0., 1.));
#2305 = VECTOR('', #2304, 1.);
#2306 = CARTESIAN_POINT('', (45.00000001, -15.5, -11.49999996));
#2307 = LINE('', #2306, #2305);
#2308 = DIRECTION('', (0.57735027, -0.57735027, 0.57735027));
#2309 = VECTOR('', #2308, 1.);
#2310 = CARTESIAN_POINT('', (44.75000001, -15.25, -11.74999996));
#2311 = LINE('', #2310, #2309);
#2312 = DIRECTION('', (-0.57735027, -0.57735027, -0.57735027));
#2313 = VECTOR('', #2312, 1.);
#2314 = CARTESIAN_POINT('', (44.75000001, -15.25, -11.74999996));
#2315 = LINE('', #2314, #2313);
#2316 = DIRECTION('', (0., -1., 0.));
#2317 = VECTOR('', #2316, 1.);
#2318 = CARTESIAN_POINT('', (45.00000001, -15.5, -11.49999996));
#2319 = LINE('', #2318, #2317);
#2320 = DIRECTION('', (-1., 0., -0.));
#2321 = VECTOR('', #2320, 1.);
#2322 = CARTESIAN_POINT('', (44.50000001, -15., -11.49999996));
#2323 = LINE('', #2322, #2321);
#2324 = DIRECTION('', (0., -0., 1.));
#2325 = VECTOR('', #2324, 1.);
#2326 = CARTESIAN_POINT('', (44.50000001, -30., -11.49999996));
#2327 = LINE('', #2326, #2325);
#2328 = DIRECTION('', (-0.57735027, -0.57735027, -0.57735027));
#2329 = VECTOR('', #2328, 1.);
#2330 = CARTESIAN_POINT('', (44.75000001, -29.75, -0.24999999));
#2331 = LINE('', #2330, #2329);
#2332 = DIRECTION('', (0.57735027, 0.57735027, -0.57735027));
#2333 = VECTOR('', #2332, 1.);
#2334 = CARTESIAN_POINT('', (44.50000001, -30., -11.49999996));
#2335 = LINE('', #2334, #2333);
#2336 = DIRECTION('', (0.57735027, 0.57735027, -0.57735027));
#2337 = VECTOR('', #2336, 1.);
#2338 = CARTESIAN_POINT('', (44.75000001, -29.75, -0.24999999));
#2339 = LINE('', #2338, #2337);
#2340 = DIRECTION('', (-0.57735027, -0.57735027, -0.57735027));
#2341 = VECTOR('', #2340, 1.);
#2342 = CARTESIAN_POINT('', (45.00000001, -29.5, -11.49999996));
#2343 = LINE('', #2342, #2341);
#2344 = DIRECTION('', (0., -0., 1.));
#2345 = VECTOR('', #2344, 1.);
#2346 = CARTESIAN_POINT('', (45.00000001, -29.5, -11.49999996));
#2347 = LINE('', #2346, #2345);
#2348 = DIRECTION('', (-0.57735027, 0.57735027, -0.57735027));
#2349 = VECTOR('', #2348, 1.);
#2350 = CARTESIAN_POINT('', (44.75000001, -29.75, -11.74999996));
#2351 = LINE('', #2350, #2349);
#2352 = DIRECTION('', (0., 1., 0.));
#2353 = VECTOR('', #2352, 1.);
#2354 = CARTESIAN_POINT('', (45.00000001, -29.5, -0.49999999));
#2355 = LINE('', #2354, #2353);
#2356 = DIRECTION('', (-1., -0., -0.));
#2357 = VECTOR('', #2356, 1.);
#2358 = CARTESIAN_POINT('', (44.50000001, -30., -11.49999996));
#2359 = LINE('', #2358, #2357);
#2360 = DIRECTION('', (0., -0., -1.));
#2361 = VECTOR('', #2360, 1.);
#2362 = CARTESIAN_POINT('', (33.00000002, -15.5, -0.49999998));
#2363 = LINE('', #2362, #2361);
#2364 = DIRECTION('', (0., -0., -1.));
#2365 = VECTOR('', #2364, 1.);
#2366 = CARTESIAN_POINT('', (33.50000002, -15., -0.49999998));
#2367 = LINE('', #2366, #2365);
#2368 = DIRECTION('', (-0.57735027, -0.57735027, 0.57735027));
#2369 = VECTOR('', #2368, 1.);
#2370 = CARTESIAN_POINT('', (33.50000002, -15., -0.49999998));
#2371 = LINE('', #2370, #2369);
#2372 = DIRECTION('', (-0.57735027, -0.57735027, -0.57735027));
#2373 = VECTOR('', #2372, 1.);
#2374 = CARTESIAN_POINT('', (33.25000002, -15.25, -0.24999998));
#2375 = LINE('', #2374, #2373);
#2376 = DIRECTION('', (0.57735027, -0.57735027, 0.57735027));
#2377 = VECTOR('', #2376, 1.);
#2378 = CARTESIAN_POINT('', (33.25000002, -15.25, -0.24999998));
#2379 = LINE('', #2378, #2377);
#2380 = DIRECTION('', (1., -0., -0.));
#2381 = VECTOR('', #2380, 1.);
#2382 = CARTESIAN_POINT('', (33.50000002, -15., -0.49999998));
#2383 = LINE('', #2382, #2381);
#2384 = DIRECTION('', (0., -1., -0.));
#2385 = VECTOR('', #2384, 1.);
#2386 = CARTESIAN_POINT('', (33.00000002, -15.5, -0.49999998));
#2387 = LINE('', #2386, #2385);
#2388 = DIRECTION('', (0., 0., -1.));
#2389 = VECTOR('', #2388, 1.);
#2390 = CARTESIAN_POINT('', (33.50000002, -30., -0.49999998));
#2391 = LINE('', #2390, #2389);
#2392 = DIRECTION('', (-0.57735027, 0.57735027, 0.57735027));
#2393 = VECTOR('', #2392, 1.);
#2394 = CARTESIAN_POINT('', (33.50000002, -30., -0.49999998));
#2395 = LINE('', #2394, #2393);
#2396 = DIRECTION('', (0.57735027, -0.57735027, 0.57735027));
#2397 = VECTOR('', #2396, 1.);
#2398 = CARTESIAN_POINT('', (33.00000002, -29.5, -0.49999998));
#2399 = LINE('', #2398, #2397);
#2400 = DIRECTION('', (0., -0., -1.));
#2401 = VECTOR('', #2400, 1.);
#2402 = CARTESIAN_POINT('', (33.00000002, -29.5, -0.49999998));
#2403 = LINE('', #2402, #2401);
#2404 = DIRECTION('', (0.57735027, 0.57735027, 0.57735027));
#2405 = VECTOR('', #2404, 1.);
#2406 = CARTESIAN_POINT('', (33.25000002, -29.75, -0.24999998));
#2407 = LINE('', #2406, #2405);
#2408 = DIRECTION('', (1., -0., -0.));
#2409 = VECTOR('', #2408, 1.);
#2410 = CARTESIAN_POINT('', (33.50000002, -30., -0.49999998));
#2411 = LINE('', #2410, #2409);
#2412 = DIRECTION('', (0., 0.70710678, 0.70710678));
#2413 = VECTOR('', #2412, 1.);
#2414 = CARTESIAN_POINT('', (42.50000001, -15.5, -11.99999996));
#2415 = LINE('', #2414, #2413);
#2416 = DIRECTION('', (0., -0.70710678, 0.70710678));
#2417 = VECTOR('', #2416, 1.);
#2418 = CARTESIAN_POINT('', (42.50000001, -29.5, -11.99999996));
#2419 = LINE('', #2418, #2417);
#2420 = DIRECTION('', (0., -1., 0.));
#2421 = VECTOR('', #2420, 1.);
#2422 = CARTESIAN_POINT('', (42.50000001, -15.5, -11.99999996));
#2423 = LINE('', #2422, #2421);
#2424 = DIRECTION('', (-0.70710678, -0.70710678, 0.));
#2425 = VECTOR('', #2424, 1.);
#2426 = CARTESIAN_POINT('', (33.50000002, -15., -2.49999998));
#2427 = LINE('', #2426, #2425);
#2428 = DIRECTION('', (0., -0., 1.));
#2429 = VECTOR('', #2428, 1.);
#2430 = CARTESIAN_POINT('', (42.50000001, -15., -11.49999997));
#2431 = LINE('', #2430, #2429);
#2432 = DIRECTION('', (-1., 0., 0.));
#2433 = VECTOR('', #2432, 1.);
#2434 = CARTESIAN_POINT('', (42.50000001, -15., -2.49999999));
#2435 = LINE('', #2434, #2433);
#2436 = DIRECTION('', (0., -1., -0.));
#2437 = VECTOR('', #2436, 1.);
#2438 = CARTESIAN_POINT('', (33.00000002, -15.5, -2.49999998));
#2439 = LINE('', #2438, #2437);
#2440 = DIRECTION('', (0.70710678, -0.70710678, -0.));
#2441 = VECTOR('', #2440, 1.);
#2442 = CARTESIAN_POINT('', (33.00000002, -29.5, -2.49999998));
#2443 = LINE('', #2442, #2441);
#2444 = DIRECTION('', (0., -0., 1.));
#2445 = VECTOR('', #2444, 1.);
#2446 = CARTESIAN_POINT('', (42.50000001, -30., -11.49999997));
#2447 = LINE('', #2446, #2445);
#2448 = DIRECTION('', (-1., -0., 0.));
#2449 = VECTOR('', #2448, 1.);
#2450 = CARTESIAN_POINT('', (42.50000001, -30., -2.49999999));
#2451 = LINE('', #2450, #2449);
#2452 = DIRECTION('', (0., -1., -0.));
#2453 = VECTOR('', #2452, 1.);
#2454 = CARTESIAN_POINT('', (42.50000001, -15., -2.49999999));
#2455 = LINE('', #2454, #2453);
#2456 = DIRECTION('', (1., -0., 0.));
#2457 = VECTOR('', #2456, 1.);
#2458 = CARTESIAN_POINT('', (42.50000001, -15.5, -11.99999996));
#2459 = LINE('', #2458, #2457);
#2460 = DIRECTION('', (1., -0., 0.));
#2461 = VECTOR('', #2460, 1.);
#2462 = CARTESIAN_POINT('', (42.50000001, -29.5, -11.99999996));
#2463 = LINE('', #2462, #2461);
#2464 = DIRECTION('', (-0., 1., 0.));
#2465 = DIRECTION('', (-1., -0., 0.));
#2466 = CARTESIAN_POINT('', (45.00000001, -22.5, -6.));
#2467 = AXIS2_PLACEMENT_3D('', #2466, #2465, #2464);
#2468 = CIRCLE('', #2467, 1.6);
#2469 = DIRECTION('', (-0., 1., -0.));
#2470 = DIRECTION('', (1., 0., 0.));
#2471 = CARTESIAN_POINT('', (45.00000001, -22.5, -6.));
#2472 = AXIS2_PLACEMENT_3D('', #2471, #2470, #2469);
#2473 = CIRCLE('', #2472, 1.6);
#2474 = DIRECTION('', (-0., 1., -0.));
#2475 = DIRECTION('', (-1., -0., 0.));
#2476 = CARTESIAN_POINT('', (42.50000001, -22.5, -6.));
#2477 = AXIS2_PLACEMENT_3D('', #2476, #2475, #2474);
#2478 = CIRCLE('', #2477, 1.6);
#2479 = DIRECTION('', (-0., 1., -0.));
#2480 = DIRECTION('', (1., 0., 0.));
#2481 = CARTESIAN_POINT('', (42.50000001, -22.5, -6.));
#2482 = AXIS2_PLACEMENT_3D('', #2481, #2480, #2479);
#2483 = CIRCLE('', #2482, 1.6);
#2484 = DIRECTION('', (0., -0.00000001, 1.));
#2485 = DIRECTION('', (1., 0., 0.));
#2486 = CARTESIAN_POINT('', (45.00000001, -22.5, -6.));
#2487 = AXIS2_PLACEMENT_3D('', #2486, #2485, #2484);
#2488 = CIRCLE('', #2487, 1.6);
#2489 = DIRECTION('', (0., 0.00000001, -1.));
#2490 = DIRECTION('', (-1., -0., -0.));
#2491 = CARTESIAN_POINT('', (45.00000001, -22.5, -6.));
#2492 = AXIS2_PLACEMENT_3D('', #2491, #2490, #2489);
#2493 = CIRCLE('', #2492, 1.6);
#2494 = DIRECTION('', (-0., -0.00000013, 1.));
#2495 = DIRECTION('', (1., -0., 0.));
#2496 = CARTESIAN_POINT('', (42.50000001, -22.5, -6.));
#2497 = AXIS2_PLACEMENT_3D('', #2496, #2495, #2494);
#2498 = CIRCLE('', #2497, 1.6);
#2499 = DIRECTION('', (0., 0., -1.));
#2500 = DIRECTION('', (-1., -0., -0.));
#2501 = CARTESIAN_POINT('', (42.50000001, -22.5, -6.));
#2502 = AXIS2_PLACEMENT_3D('', #2501, #2500, #2499);
#2503 = CIRCLE('', #2502, 1.6);
#2504 = DIRECTION('', (-1., -0., 0.));
#2505 = VECTOR('', #2504, 1.);
#2506 = CARTESIAN_POINT('', (45.00000001, -24.1, -6.));
#2507 = LINE('', #2506, #2505);
#2508 = DIRECTION('', (-1., -0., 0.));
#2509 = VECTOR('', #2508, 1.);
#2510 = CARTESIAN_POINT('', (45.00000001, -20.9, -6.));
#2511 = LINE('', #2510, #2509);
#2512 = DIRECTION('', (-1., 0., 0.));
#2513 = DIRECTION('', (-0., 0., -1.));
#2514 = CARTESIAN_POINT('', (39., -22.5, 0.00000001));
#2515 = AXIS2_PLACEMENT_3D('', #2514, #2513, #2512);
#2516 = CIRCLE('', #2515, 1.6);
#2517 = DIRECTION('', (-1., -0., 0.));
#2518 = DIRECTION('', (0., -0., 1.));
#2519 = CARTESIAN_POINT('', (39., -22.5, 0.00000001));
#2520 = AXIS2_PLACEMENT_3D('', #2519, #2518, #2517);
#2521 = CIRCLE('', #2520, 1.6);
#2522 = DIRECTION('', (-1., -0., 0.));
#2523 = DIRECTION('', (-0., -0., -1.));
#2524 = CARTESIAN_POINT('', (39., -22.5, -2.49999999));
#2525 = AXIS2_PLACEMENT_3D('', #2524, #2523, #2522);
#2526 = CIRCLE('', #2525, 1.6);
#2527 = DIRECTION('', (-1., -0., 0.));
#2528 = DIRECTION('', (0., 0., 1.));
#2529 = CARTESIAN_POINT('', (39., -22.5, -2.49999999));
#2530 = AXIS2_PLACEMENT_3D('', #2529, #2528, #2527);
#2531 = CIRCLE('', #2530, 1.6);
#2532 = DIRECTION('', (0.00000001, -1., -0.));
#2533 = DIRECTION('', (0., -0., 1.));
#2534 = CARTESIAN_POINT('', (39., -22.5, 0.00000001));
#2535 = AXIS2_PLACEMENT_3D('', #2534, #2533, #2532);
#2536 = CIRCLE('', #2535, 1.6);
#2537 = DIRECTION('', (-0.00000001, 1., 0.));
#2538 = DIRECTION('', (-0., 0., -1.));
#2539 = CARTESIAN_POINT('', (39., -22.5, 0.00000001));
#2540 = AXIS2_PLACEMENT_3D('', #2539, #2538, #2537);
#2541 = CIRCLE('', #2540, 1.6);
#2542 = DIRECTION('', (-0.00000001, -1., -0.));
#2543 = DIRECTION('', (0., -0., 1.));
#2544 = CARTESIAN_POINT('', (39., -22.5, -2.49999999));
#2545 = AXIS2_PLACEMENT_3D('', #2544, #2543, #2542);
#2546 = CIRCLE('', #2545, 1.6);
#2547 = DIRECTION('', (-0., 1., -0.));
#2548 = DIRECTION('', (-0., -0., -1.));
#2549 = CARTESIAN_POINT('', (39., -22.5, -2.49999999));
#2550 = AXIS2_PLACEMENT_3D('', #2549, #2548, #2547);
#2551 = CIRCLE('', #2550, 1.6);
#2552 = DIRECTION('', (0., -0., -1.));
#2553 = VECTOR('', #2552, 1.);
#2554 = CARTESIAN_POINT('', (40.6, -22.5, 0.00000001));
#2555 = LINE('', #2554, #2553);
#2556 = DIRECTION('', (0., -0., -1.));
#2557 = VECTOR('', #2556, 1.);
#2558 = CARTESIAN_POINT('', (37.4, -22.5, 0.00000001));
#2559 = LINE('', #2558, #2557);
#2560 = EDGE_CURVE('', #6, #8, #457, .T.);
#2561 = EDGE_CURVE('', #8, #10, #461, .T.);
#2562 = EDGE_CURVE('', #12, #10, #466, .T.);
#2563 = EDGE_CURVE('', #6, #12, #470, .T.);
#2564 = EDGE_CURVE('', #8, #14, #474, .T.);
#2565 = EDGE_CURVE('', #14, #16, #478, .T.);
#2566 = EDGE_CURVE('', #10, #16, #482, .T.);
#2567 = EDGE_CURVE('', #14, #18, #487, .T.);
#2568 = EDGE_CURVE('', #18, #20, #491, .T.);
#2569 = EDGE_CURVE('', #16, #20, #496, .T.);
#2570 = EDGE_CURVE('', #18, #22, #500, .T.);
#2571 = EDGE_CURVE('', #22, #24, #504, .T.);
#2572 = EDGE_CURVE('', #20, #24, #508, .T.);
#2573 = EDGE_CURVE('', #22, #26, #513, .T.);
#2574 = EDGE_CURVE('', #26, #28, #517, .T.);
#2575 = EDGE_CURVE('', #24, #28, #522, .T.);
#2576 = EDGE_CURVE('', #26, #30, #526, .T.);
#2577 = EDGE_CURVE('', #30, #32, #530, .T.);
#2578 = EDGE_CURVE('', #28, #32, #534, .T.);
#2579 = EDGE_CURVE('', #30, #34, #539, .T.);
#2580 = EDGE_CURVE('', #34, #36, #543, .T.);
#2581 = EDGE_CURVE('', #32, #36, #548, .T.);
#2582 = EDGE_CURVE('', #34, #6, #552, .T.);
#2583 = EDGE_CURVE('', #36, #12, #556, .T.);
#2584 = EDGE_CURVE('', #38, #40, #561, .T.);
#2585 = EDGE_CURVE('', #40, #56, #565, .T.);
#2586 = EDGE_CURVE('', #38, #54, #569, .T.);
#2587 = EDGE_CURVE('', #40, #42, #573, .T.);
#2588 = EDGE_CURVE('', #42, #58, #577, .T.);
#2589 = EDGE_CURVE('', #42, #44, #582, .T.);
#2590 = EDGE_CURVE('', #44, #60, #586, .T.);
#2591 = EDGE_CURVE('', #44, #46, #590, .T.);
#2592 = EDGE_CURVE('', #46, #62, #594, .T.);
#2593 = EDGE_CURVE('', #46, #48, #599, .T.);
#2594 = EDGE_CURVE('', #48, #64, #603, .T.);
#2595 = EDGE_CURVE('', #48, #50, #607, .T.);
#2596 = EDGE_CURVE('', #50, #66, #611, .T.);
#2597 = EDGE_CURVE('', #50, #52, #616, .T.);
#2598 = EDGE_CURVE('', #52, #68, #620, .T.);
#2599 = EDGE_CURVE('', #52, #38, #624, .T.);
#2600 = EDGE_CURVE('', #54, #56, #629, .T.);
#2601 = EDGE_CURVE('', #56, #58, #633, .T.);
#2602 = EDGE_CURVE('', #60, #58, #638, .T.);
#2603 = EDGE_CURVE('', #60, #62, #642, .T.);
#2604 = EDGE_CURVE('', #64, #62, #647, .T.);
#2605 = EDGE_CURVE('', #64, #66, #651, .T.);
#2606 = EDGE_CURVE('', #66, #68, #656, .T.);
#2607 = EDGE_CURVE('', #68, #54, #660, .T.);
#2608 = EDGE_CURVE('', #70, #72, #664, .T.);
#2609 = EDGE_CURVE('', #72, #74, #668, .T.);
#2610 = EDGE_CURVE('', #74, #76, #672, .T.);
#2611 = EDGE_CURVE('', #76, #70, #676, .T.);
#2612 = EDGE_CURVE('', #78, #80, #680, .T.);
#2613 = EDGE_CURVE('', #80, #82, #684, .T.);
#2614 = EDGE_CURVE('', #82, #84, #688, .T.);
#2615 = EDGE_CURVE('', #84, #78, #692, .T.);
#2616 = EDGE_CURVE('', #84, #76, #696, .T.);
#2617 = EDGE_CURVE('', #82, #74, #700, .T.);
#2618 = EDGE_CURVE('', #80, #72, #704, .T.);
#2619 = EDGE_CURVE('', #78, #70, #708, .T.);
#2620 = EDGE_CURVE('', #86, #88, #712, .T.);
#2621 = EDGE_CURVE('', #90, #86, #716, .T.);
#2622 = EDGE_CURVE('', #92, #90, #720, .T.);
#2623 = EDGE_CURVE('', #88, #92, #724, .T.);
#2624 = EDGE_CURVE('', #94, #96, #728, .T.);
#2625 = EDGE_CURVE('', #98, #94, #732, .T.);
#2626 = EDGE_CURVE('', #100, #98, #736, .T.);
#2627 = EDGE_CURVE('', #96, #100, #740, .T.);
#2628 = EDGE_CURVE('', #92, #100, #744, .T.);
#2629 = EDGE_CURVE('', #90, #98, #748, .T.);
#2630 = EDGE_CURVE('', #88, #96, #752, .T.);
#2631 = EDGE_CURVE('', #86, #94, #756, .T.);
#2632 = EDGE_CURVE('', #102, #104, #760, .T.);
#2633 = EDGE_CURVE('', #106, #102, #764, .T.);
#2634 = EDGE_CURVE('', #108, #106, #768, .T.);
#2635 = EDGE_CURVE('', #104, #108, #772, .T.);
#2636 = EDGE_CURVE('', #110, #112, #776, .T.);
#2637 = EDGE_CURVE('', #114, #110, #780, .T.);
#2638 = EDGE_CURVE('', #116, #114, #784, .T.);
#2639 = EDGE_CURVE('', #112, #116, #788, .T.);
#2640 = EDGE_CURVE('', #108, #116, #792, .T.);
#2641 = EDGE_CURVE('', #106, #114, #796, .T.);
#2642 = EDGE_CURVE('', #104, #112, #800, .T.);
#2643 = EDGE_CURVE('', #102, #110, #804, .T.);
#2644 = EDGE_CURVE('', #118, #120, #808, .T.);
#2645 = EDGE_CURVE('', #122, #118, #812, .T.);
#2646 = EDGE_CURVE('', #124, #122, #816, .T.);
#2647 = EDGE_CURVE('', #120, #124, #820, .T.);
#2648 = EDGE_CURVE('', #126, #128, #824, .T.);
#2649 = EDGE_CURVE('', #130, #126, #828, .T.);
#2650 = EDGE_CURVE('', #132, #130, #832, .T.);
#2651 = EDGE_CURVE('', #128, #132, #836, .T.);
#2652 = EDGE_CURVE('', #124, #132, #840, .T.);
#2653 = EDGE_CURVE('', #122, #130, #844, .T.);
#2654 = EDGE_CURVE('', #120, #128, #848, .T.);
#2655 = EDGE_CURVE('', #118, #126, #852, .T.);
#2656 = EDGE_CURVE('', #136, #162, #856, .T.);
#2657 = EDGE_CURVE('', #136, #134, #860, .T.);
#2658 = EDGE_CURVE('', #138, #188, #864, .T.);
#2659 = EDGE_CURVE('', #138, #140, #868, .T.);
#2660 = EDGE_CURVE('', #140, #176, #872, .T.);
#2661 = EDGE_CURVE('', #138, #134, #876, .T.);
#2662 = EDGE_CURVE('', #140, #136, #880, .T.);
#2663 = EDGE_CURVE('', #144, #142, #884, .T.);
#2664 = EDGE_CURVE('', #146, #194, #888, .T.);
#2665 = EDGE_CURVE('', #146, #148, #892, .T.);
#2666 = EDGE_CURVE('', #148, #144, #896, .T.);
#2667 = EDGE_CURVE('', #146, #142, #900, .T.);
#2668 = EDGE_CURVE('', #150, #152, #904, .T.);
#2669 = EDGE_CURVE('', #150, #154, #908, .T.);
#2670 = EDGE_CURVE('', #156, #154, #912, .T.);
#2671 = EDGE_CURVE('', #152, #158, #916, .T.);
#2672 = EDGE_CURVE('', #158, #160, #920, .T.);
#2673 = EDGE_CURVE('', #156, #160, #924, .T.);
#2674 = EDGE_CURVE('', #154, #134, #928, .T.);
#2675 = EDGE_CURVE('', #158, #142, #932, .T.);
#2676 = EDGE_CURVE('', #152, #242, #936, .T.);
#2677 = EDGE_CURVE('', #150, #234, #940, .T.);
#2678 = EDGE_CURVE('', #162, #164, #944, .T.);
#2679 = EDGE_CURVE('', #166, #162, #948, .T.);
#2680 = EDGE_CURVE('', #168, #170, #952, .T.);
#2681 = EDGE_CURVE('', #172, #166, #956, .T.);
#2682 = EDGE_CURVE('', #170, #172, #960, .T.);
#2683 = EDGE_CURVE('', #168, #164, #964, .T.);
#2684 = EDGE_CURVE('', #170, #144, #968, .T.);
#2685 = EDGE_CURVE('', #168, #160, #972, .T.);
#2686 = EDGE_CURVE('', #164, #156, #976, .T.);
#2687 = EDGE_CURVE('', #176, #174, #980, .T.);
#2688 = EDGE_CURVE('', #178, #176, #984, .T.);
#2689 = EDGE_CURVE('', #180, #182, #988, .T.);
#2690 = EDGE_CURVE('', #182, #184, #992, .T.);
#2691 = EDGE_CURVE('', #184, #178, #996, .T.);
#2692 = EDGE_CURVE('', #180, #174, #1000, .T.);
#2693 = EDGE_CURVE('', #180, #172, #1004, .T.);
#2694 = EDGE_CURVE('', #182, #148, #1008, .T.);
#2695 = EDGE_CURVE('', #174, #166, #1012, .T.);
#2696 = EDGE_CURVE('', #188, #186, #1016, .T.);
#2697 = EDGE_CURVE('', #188, #190, #1020, .T.);
#2698 = EDGE_CURVE('', #194, #192, #1024, .T.);
#2699 = EDGE_CURVE('', #196, #194, #1028, .T.);
#2700 = EDGE_CURVE('', #192, #186, #1032, .T.);
#2701 = EDGE_CURVE('', #196, #190, #1036, .T.);
#2702 = EDGE_CURVE('', #190, #178, #1040, .T.);
#2703 = EDGE_CURVE('', #196, #184, #1044, .T.);
#2704 = EDGE_CURVE('', #200, #202, #1048, .T.);
#2705 = EDGE_CURVE('', #202, #216, #1053, .T.);
#2706 = EDGE_CURVE('', #202, #204, #1057, .T.);
#2707 = EDGE_CURVE('', #204, #218, #1062, .T.);
#2708 = EDGE_CURVE('', #204, #206, #1066, .T.);
#2709 = EDGE_CURVE('', #208, #200, #1071, .T.);
#2710 = EDGE_CURVE('', #210, #202, #1076, .T.);
#2711 = EDGE_CURVE('', #208, #210, #1080, .T.);
#2712 = EDGE_CURVE('', #212, #204, #1085, .T.);
#2713 = EDGE_CURVE('', #210, #212, #1089, .T.);
#2714 = EDGE_CURVE('', #214, #206, #1094, .T.);
#2715 = EDGE_CURVE('', #212, #214, #1098, .T.);
#2716 = EDGE_CURVE('', #200, #216, #1186, .T.);
#2717 = EDGE_CURVE('', #218, #216, #1190, .T.);
#2718 = EDGE_CURVE('', #206, #218, #1287, .T.);
#2719 = EDGE_CURVE('', #208, #220, #1376, .T.);
#2720 = EDGE_CURVE('', #222, #220, #1380, .T.);
#2721 = EDGE_CURVE('', #214, #222, #1479, .T.);
#2722 = EDGE_CURVE('', #208, #198, #1483, .T.);
#2723 = EDGE_CURVE('', #206, #224, #1487, .T.);
#2724 = EDGE_CURVE('', #198, #200, #1491, .T.);
#2725 = EDGE_CURVE('', #224, #214, #1495, .T.);
#2726 = EDGE_CURVE('', #200, #186, #1499, .T.);
#2727 = EDGE_CURVE('', #208, #192, #1503, .T.);
#2728 = EDGE_CURVE('', #220, #210, #1508, .T.);
#2729 = EDGE_CURVE('', #222, #212, #1513, .T.);
#2730 = EDGE_CURVE('', #228, #230, #1517, .T.);
#2731 = EDGE_CURVE('', #230, #244, #1522, .T.);
#2732 = EDGE_CURVE('', #230, #232, #1526, .T.);
#2733 = EDGE_CURVE('', #232, #246, #1531, .T.);
#2734 = EDGE_CURVE('', #232, #234, #1535, .T.);
#2735 = EDGE_CURVE('', #236, #228, #1540, .T.);
#2736 = EDGE_CURVE('', #238, #230, #1545, .T.);
#2737 = EDGE_CURVE('', #236, #238, #1549, .T.);
#2738 = EDGE_CURVE('', #240, #232, #1554, .T.);
#2739 = EDGE_CURVE('', #238, #240, #1558, .T.);
#2740 = EDGE_CURVE('', #242, #234, #1563, .T.);
#2741 = EDGE_CURVE('', #240, #242, #1567, .T.);
#2742 = EDGE_CURVE('', #228, #244, #1652, .T.);
#2743 = EDGE_CURVE('', #246, #244, #1656, .T.);
#2744 = EDGE_CURVE('', #234, #246, #1746, .T.);
#2745 = EDGE_CURVE('', #236, #248, #1836, .T.);
#2746 = EDGE_CURVE('', #250, #248, #1840, .T.);
#2747 = EDGE_CURVE('', #242, #250, #1925, .T.);
#2748 = EDGE_CURVE('', #236, #226, #1929, .T.);
#2749 = EDGE_CURVE('', #234, #252, #1933, .T.);
#2750 = EDGE_CURVE('', #226, #228, #1937, .T.);
#2751 = EDGE_CURVE('', #252, #242, #1941, .T.);
#2752 = EDGE_CURVE('', #228, #206, #1945, .T.);
#2753 = EDGE_CURVE('', #236, #214, #1949, .T.);
#2754 = EDGE_CURVE('', #248, #238, #1954, .T.);
#2755 = EDGE_CURVE('', #250, #240, #1959, .T.);
#2756 = EDGE_CURVE('', #254, #256, #1963, .T.);
#2757 = EDGE_CURVE('', #256, #270, #1967, .T.);
#2758 = EDGE_CURVE('', #254, #282, #1971, .T.);
#2759 = EDGE_CURVE('', #256, #258, #1975, .T.);
#2760 = EDGE_CURVE('', #254, #260, #1979, .T.);
#2761 = EDGE_CURVE('', #258, #260, #1983, .T.);
#2762 = EDGE_CURVE('', #262, #264, #1987, .T.);
#2763 = EDGE_CURVE('', #266, #268, #1991, .T.);
#2764 = EDGE_CURVE('', #270, #268, #1995, .T.);
#2765 = EDGE_CURVE('', #266, #272, #1999, .T.);
#2766 = EDGE_CURVE('', #274, #270, #2003, .T.);
#2767 = EDGE_CURVE('', #276, #274, #2007, .T.);
#2768 = EDGE_CURVE('', #272, #276, #2011, .T.);
#2769 = EDGE_CURVE('', #272, #262, #2015, .T.);
#2770 = EDGE_CURVE('', #276, #288, #2019, .T.);
#2771 = EDGE_CURVE('', #266, #304, #2023, .T.);
#2772 = EDGE_CURVE('', #278, #280, #2027, .T.);
#2773 = EDGE_CURVE('', #282, #280, #2031, .T.);
#2774 = EDGE_CURVE('', #278, #284, #2035, .T.);
#2775 = EDGE_CURVE('', #282, #286, #2039, .T.);
#2776 = EDGE_CURVE('', #288, #284, #2043, .T.);
#2777 = EDGE_CURVE('', #288, #286, #2047, .T.);
#2778 = EDGE_CURVE('', #284, #264, #2051, .T.);
#2779 = EDGE_CURVE('', #286, #274, #2055, .T.);
#2780 = EDGE_CURVE('', #278, #308, #2059, .T.);
#2781 = EDGE_CURVE('', #290, #310, #2063, .T.);
#2782 = EDGE_CURVE('', #292, #312, #2067, .T.);
#2783 = EDGE_CURVE('', #292, #294, #2071, .T.);
#2784 = EDGE_CURVE('', #294, #290, #2075, .T.);
#2785 = EDGE_CURVE('', #294, #258, #2079, .T.);
#2786 = EDGE_CURVE('', #292, #268, #2083, .T.);
#2787 = EDGE_CURVE('', #290, #300, #2087, .T.);
#2788 = EDGE_CURVE('', #296, #318, #2091, .T.);
#2789 = EDGE_CURVE('', #296, #298, #2095, .T.);
#2790 = EDGE_CURVE('', #300, #298, #2099, .T.);
#2791 = EDGE_CURVE('', #300, #316, #2103, .T.);
#2792 = EDGE_CURVE('', #298, #260, #2107, .T.);
#2793 = EDGE_CURVE('', #296, #280, #2111, .T.);
#2794 = EDGE_CURVE('', #302, #304, #2115, .T.);
#2795 = EDGE_CURVE('', #306, #308, #2119, .T.);
#2796 = EDGE_CURVE('', #302, #306, #2123, .T.);
#2797 = EDGE_CURVE('', #312, #310, #2127, .T.);
#2798 = EDGE_CURVE('', #304, #314, #2131, .T.);
#2799 = EDGE_CURVE('', #314, #312, #2135, .T.);
#2800 = EDGE_CURVE('', #310, #316, #2139, .T.);
#2801 = EDGE_CURVE('', #316, #318, #2143, .T.);
#2802 = EDGE_CURVE('', #308, #320, #2147, .T.);
#2803 = EDGE_CURVE('', #320, #318, #2151, .T.);
#2804 = EDGE_CURVE('', #314, #320, #2155, .T.);
#2805 = EDGE_CURVE('', #302, #262, #2159, .T.);
#2806 = EDGE_CURVE('', #306, #264, #2163, .T.);
#2807 = EDGE_CURVE('', #322, #332, #2168, .T.);
#2808 = EDGE_CURVE('', #322, #330, #2173, .T.);
#2809 = EDGE_CURVE('', #326, #336, #2178, .T.);
#2810 = EDGE_CURVE('', #326, #334, #2183, .T.);
#2811 = EDGE_CURVE('', #330, #324, #2188, .T.);
#2812 = EDGE_CURVE('', #332, #324, #2193, .T.);
#2813 = EDGE_CURVE('', #334, #328, #2198, .T.);
#2814 = EDGE_CURVE('', #336, #328, #2203, .T.);
#2815 = EDGE_CURVE('', #324, #328, #2207, .T.);
#2816 = EDGE_CURVE('', #322, #326, #2211, .T.);
#2817 = EDGE_CURVE('', #338, #348, #2216, .T.);
#2818 = EDGE_CURVE('', #338, #346, #2221, .T.);
#2819 = EDGE_CURVE('', #342, #352, #2226, .T.);
#2820 = EDGE_CURVE('', #342, #350, #2231, .T.);
#2821 = EDGE_CURVE('', #346, #340, #2236, .T.);
#2822 = EDGE_CURVE('', #348, #340, #2241, .T.);
#2823 = EDGE_CURVE('', #350, #344, #2246, .T.);
#2824 = EDGE_CURVE('', #352, #344, #2251, .T.);
#2825 = EDGE_CURVE('', #340, #344, #2255, .T.);
#2826 = EDGE_CURVE('', #338, #342, #2259, .T.);
#2827 = EDGE_CURVE('', #354, #356, #2263, .T.);
#2828 = EDGE_CURVE('', #356, #370, #2267, .T.);
#2829 = EDGE_CURVE('', #354, #382, #2271, .T.);
#2830 = EDGE_CURVE('', #356, #358, #2275, .T.);
#2831 = EDGE_CURVE('', #354, #360, #2279, .T.);
#2832 = EDGE_CURVE('', #358, #360, #2283, .T.);
#2833 = EDGE_CURVE('', #362, #364, #2287, .T.);
#2834 = EDGE_CURVE('', #366, #368, #2291, .T.);
#2835 = EDGE_CURVE('', #370, #368, #2295, .T.);
#2836 = EDGE_CURVE('', #366, #372, #2299, .T.);
#2837 = EDGE_CURVE('', #374, #370, #2303, .T.);
#2838 = EDGE_CURVE('', #376, #374, #2307, .T.);
#2839 = EDGE_CURVE('', #372, #376, #2311, .T.);
#2840 = EDGE_CURVE('', #372, #362, #2315, .T.);
#2841 = EDGE_CURVE('', #376, #388, #2319, .T.);
#2842 = EDGE_CURVE('', #366, #404, #2323, .T.);
#2843 = EDGE_CURVE('', #378, #380, #2327, .T.);
#2844 = EDGE_CURVE('', #382, #380, #2331, .T.);
#2845 = EDGE_CURVE('', #378, #384, #2335, .T.);
#2846 = EDGE_CURVE('', #382, #386, #2339, .T.);
#2847 = EDGE_CURVE('', #388, #384, #2343, .T.);
#2848 = EDGE_CURVE('', #388, #386, #2347, .T.);
#2849 = EDGE_CURVE('', #384, #364, #2351, .T.);
#2850 = EDGE_CURVE('', #386, #374, #2355, .T.);
#2851 = EDGE_CURVE('', #378, #408, #2359, .T.);
#2852 = EDGE_CURVE('', #390, #410, #2363, .T.);
#2853 = EDGE_CURVE('', #392, #412, #2367, .T.);
#2854 = EDGE_CURVE('', #392, #394, #2371, .T.);
#2855 = EDGE_CURVE('', #394, #390, #2375, .T.);
#2856 = EDGE_CURVE('', #394, #358, #2379, .T.);
#2857 = EDGE_CURVE('', #392, #368, #2383, .T.);
#2858 = EDGE_CURVE('', #390, #400, #2387, .T.);
#2859 = EDGE_CURVE('', #396, #418, #2391, .T.);
#2860 = EDGE_CURVE('', #396, #398, #2395, .T.);
#2861 = EDGE_CURVE('', #400, #398, #2399, .T.);
#2862 = EDGE_CURVE('', #400, #416, #2403, .T.);
#2863 = EDGE_CURVE('', #398, #360, #2407, .T.);
#2864 = EDGE_CURVE('', #396, #380, #2411, .T.);
#2865 = EDGE_CURVE('', #402, #404, #2415, .T.);
#2866 = EDGE_CURVE('', #406, #408, #2419, .T.);
#2867 = EDGE_CURVE('', #402, #406, #2423, .T.);
#2868 = EDGE_CURVE('', #412, #410, #2427, .T.);
#2869 = EDGE_CURVE('', #404, #414, #2431, .T.);
#2870 = EDGE_CURVE('', #414, #412, #2435, .T.);
#2871 = EDGE_CURVE('', #410, #416, #2439, .T.);
#2872 = EDGE_CURVE('', #416, #418, #2443, .T.);
#2873 = EDGE_CURVE('', #408, #420, #2447, .T.);
#2874 = EDGE_CURVE('', #420, #418, #2451, .T.);
#2875 = EDGE_CURVE('', #414, #420, #2455, .T.);
#2876 = EDGE_CURVE('', #402, #362, #2459, .T.);
#2877 = EDGE_CURVE('', #406, #364, #2463, .T.);
#2878 = EDGE_CURVE('', #422, #432, #2468, .T.);
#2879 = EDGE_CURVE('', #422, #430, #2473, .T.);
#2880 = EDGE_CURVE('', #426, #436, #2478, .T.);
#2881 = EDGE_CURVE('', #426, #434, #2483, .T.);
#2882 = EDGE_CURVE('', #430, #424, #2488, .T.);
#2883 = EDGE_CURVE('', #432, #424, #2493, .T.);
#2884 = EDGE_CURVE('', #434, #428, #2498, .T.);
#2885 = EDGE_CURVE('', #436, #428, #2503, .T.);
#2886 = EDGE_CURVE('', #424, #428, #2507, .T.);
#2887 = EDGE_CURVE('', #422, #426, #2511, .T.);
#2888 = EDGE_CURVE('', #438, #448, #2516, .T.);
#2889 = EDGE_CURVE('', #438, #446, #2521, .T.);
#2890 = EDGE_CURVE('', #442, #452, #2526, .T.);
#2891 = EDGE_CURVE('', #442, #450, #2531, .T.);
#2892 = EDGE_CURVE('', #446, #440, #2536, .T.);
#2893 = EDGE_CURVE('', #448, #440, #2541, .T.);
#2894 = EDGE_CURVE('', #450, #444, #2546, .T.);
#2895 = EDGE_CURVE('', #452, #444, #2551, .T.);
#2896 = EDGE_CURVE('', #440, #444, #2555, .T.);
#2897 = EDGE_CURVE('', #438, #442, #2559, .T.);
#2898 = CARTESIAN_POINT('', (-52., 32., 30.));
#2899 = DIRECTION('', (0., -0., 1.));
#2900 = DIRECTION('', (0., 1., 0.));
#2901 = AXIS2_PLACEMENT_3D('', #2898, #2899, #2900);
#2902 = CYLINDRICAL_SURFACE('', #2901, 8.);
#2903 = CARTESIAN_POINT('', (-60., 0., 30.));
#2904 = DIRECTION('', (-1., -0., 0.));
#2905 = AXIS2_PLACEMENT_3D('', #2903, #2904, $);
#2906 = PLANE('', #2905);
#2907 = CARTESIAN_POINT('', (-52., -32., 30.));
#2908 = DIRECTION('', (0., 0., 1.));
#2909 = DIRECTION('', (-1., -0., 0.));
#2910 = AXIS2_PLACEMENT_3D('', #2907, #2908, #2909);
#2911 = CYLINDRICAL_SURFACE('', #2910, 8.);
#2912 = CARTESIAN_POINT('', (0., -40., 30.));
#2913 = DIRECTION('', (0., -1., 0.));
#2914 = AXIS2_PLACEMENT_3D('', #2912, #2913, $);
#2915 = PLANE('', #2914);
#2916 = CARTESIAN_POINT('', (52., -32., 30.));
#2917 = DIRECTION('', (-0., -0., 1.));
#2918 = DIRECTION('', (0., -1., 0.));
#2919 = AXIS2_PLACEMENT_3D('', #2916, #2917, #2918);
#2920 = CYLINDRICAL_SURFACE('', #2919, 8.);
#2921 = CARTESIAN_POINT('', (60., 0., 30.));
#2922 = DIRECTION('', (1., -0., 0.));
#2923 = AXIS2_PLACEMENT_3D('', #2921, #2922, $);
#2924 = PLANE('', #2923);
#2925 = CARTESIAN_POINT('', (52., 32., 30.));
#2926 = DIRECTION('', (0., -0., 1.));
#2927 = DIRECTION('', (1., 0., 0.));
#2928 = AXIS2_PLACEMENT_3D('', #2925, #2926, #2927);
#2929 = CYLINDRICAL_SURFACE('', #2928, 8.);
#2930 = CARTESIAN_POINT('', (0., 40., 30.));
#2931 = DIRECTION('', (0., 1., -0.));
#2932 = AXIS2_PLACEMENT_3D('', #2930, #2931, $);
#2933 = PLANE('', #2932);
#2934 = CARTESIAN_POINT('', (0., 0., 0.));
#2935 = DIRECTION('', (0., -0., 1.));
#2936 = AXIS2_PLACEMENT_3D('', #2934, #2935, $);
#2937 = PLANE('', #2936);
#2938 = CARTESIAN_POINT('', (0., 0., 60.));
#2939 = DIRECTION('', (0., -0., 1.));
#2940 = AXIS2_PLACEMENT_3D('', #2938, #2939, $);
#2941 = PLANE('', #2940);
#2942 = CARTESIAN_POINT('', (-52., 32., 31.5));
#2943 = DIRECTION('', (0., -0., 1.));
#2944 = DIRECTION('', (0., 1., 0.));
#2945 = AXIS2_PLACEMENT_3D('', #2942, #2943, #2944);
#2946 = CYLINDRICAL_SURFACE('', #2945, 5.5);
#2947 = CARTESIAN_POINT('', (-57.5, 0., 31.5));
#2948 = DIRECTION('', (-1., -0., 0.));
#2949 = AXIS2_PLACEMENT_3D('', #2947, #2948, $);
#2950 = PLANE('', #2949);
#2951 = CARTESIAN_POINT('', (-52., -32., 31.5));
#2952 = DIRECTION('', (0., -0., 1.));
#2953 = DIRECTION('', (-1., 0., 0.));
#2954 = AXIS2_PLACEMENT_3D('', #2951, #2952, #2953);
#2955 = CYLINDRICAL_SURFACE('', #2954, 5.5);
#2956 = CARTESIAN_POINT('', (0., -37.5, 31.5));
#2957 = DIRECTION('', (0., -1., 0.));
#2958 = AXIS2_PLACEMENT_3D('', #2956, #2957, $);
#2959 = PLANE('', #2958);
#2960 = CARTESIAN_POINT('', (52., -32., 31.5));
#2961 = DIRECTION('', (0., 0., 1.));
#2962 = DIRECTION('', (-0., -1., 0.));
#2963 = AXIS2_PLACEMENT_3D('', #2960, #2961, #2962);
#2964 = CYLINDRICAL_SURFACE('', #2963, 5.5);
#2965 = CARTESIAN_POINT('', (57.5, 0., 31.5));
#2966 = DIRECTION('', (1., -0., 0.));
#2967 = AXIS2_PLACEMENT_3D('', #2965, #2966, $);
#2968 = PLANE('', #2967);
#2969 = CARTESIAN_POINT('', (52., 32., 31.5));
#2970 = DIRECTION('', (-0., -0., 1.));
#2971 = DIRECTION('', (1., -0., 0.));
#2972 = AXIS2_PLACEMENT_3D('', #2969, #2970, #2971);
#2973 = CYLINDRICAL_SURFACE('', #2972, 5.5);
#2974 = CARTESIAN_POINT('', (0., 37.5, 31.5));
#2975 = DIRECTION('', (0., 1., -0.));
#2976 = AXIS2_PLACEMENT_3D('', #2974, #2975, $);
#2977 = PLANE('', #2976);
#2978 = CARTESIAN_POINT('', (0., 0., 2.5));
#2979 = DIRECTION('', (0., -0., 1.));
#2980 = AXIS2_PLACEMENT_3D('', #2978, #2979, $);
#2981 = PLANE('', #2980);
#2982 = CARTESIAN_POINT('', (0., -38.75, 10.));
#2983 = DIRECTION('', (0., -0., -1.));
#2984 = AXIS2_PLACEMENT_3D('', #2982, #2983, $);
#2985 = PLANE('', #2984);
#2986 = CARTESIAN_POINT('', (-3., -38.75, 20.));
#2987 = DIRECTION('', (-1., -0., -0.));
#2988 = AXIS2_PLACEMENT_3D('', #2986, #2987, $);
#2989 = PLANE('', #2988);
#2990 = CARTESIAN_POINT('', (0., -38.75, 30.));
#2991 = DIRECTION('', (0., 0., 1.));
#2992 = AXIS2_PLACEMENT_3D('', #2990, #2991, $);
#2993 = PLANE('', #2992);
#2994 = CARTESIAN_POINT('', (3., -38.75, 20.));
#2995 = DIRECTION('', (1., -0., -0.));
#2996 = AXIS2_PLACEMENT_3D('', #2994, #2995, $);
#2997 = PLANE('', #2996);
#2998 = CARTESIAN_POINT('', (-26.5, 38.75, 22.5));
#2999 = DIRECTION('', (0., -0., -1.));
#3000 = AXIS2_PLACEMENT_3D('', #2998, #2999, $);
#3001 = PLANE('', #3000);
#3002 = CARTESIAN_POINT('', (-27.5, 38.75, 30.));
#3003 = DIRECTION('', (-1., -0., -0.));
#3004 = AXIS2_PLACEMENT_3D('', #3002, #3003, $);
#3005 = PLANE('', #3004);
#3006 = CARTESIAN_POINT('', (-26.5, 38.75, 37.5));
#3007 = DIRECTION('', (0., 0., 1.));
#3008 = AXIS2_PLACEMENT_3D('', #3006, #3007, $);
#3009 = PLANE('', #3008);
#3010 = CARTESIAN_POINT('', (-25.5, 38.75, 30.));
#3011 = DIRECTION('', (1., -0., -0.));
#3012 = AXIS2_PLACEMENT_3D('', #3010, #3011, $);
#3013 = PLANE('', #3012);
#3014 = CARTESIAN_POINT('', (0., 38.75, 22.5));
#3015 = DIRECTION('', (0., -0., -1.));
#3016 = AXIS2_PLACEMENT_3D('', #3014, #3015, $);
#3017 = PLANE('', #3016);
#3018 = CARTESIAN_POINT('', (-1., 38.75, 30.));
#3019 = DIRECTION('', (-1., -0., -0.));
#3020 = AXIS2_PLACEMENT_3D('', #3018, #3019, $);
#3021 = PLANE('', #3020);
#3022 = CARTESIAN_POINT('', (0., 38.75, 37.5));
#3023 = DIRECTION('', (0., 0., 1.));
#3024 = AXIS2_PLACEMENT_3D('', #3022, #3023, $);
#3025 = PLANE('', #3024);
#3026 = CARTESIAN_POINT('', (1., 38.75, 30.));
#3027 = DIRECTION('', (1., -0., -0.));
#3028 = AXIS2_PLACEMENT_3D('', #3026, #3027, $);
#3029 = PLANE('', #3028);
#3030 = CARTESIAN_POINT('', (26.5, 38.75, 22.5));
#3031 = DIRECTION('', (0., -0., -1.));
#3032 = AXIS2_PLACEMENT_3D('', #3030, #3031, $);
#3033 = PLANE('', #3032);
#3034 = CARTESIAN_POINT('', (26.5, 38.75, 37.5));
#3035 = DIRECTION('', (0., 0., 1.));
#3036 = AXIS2_PLACEMENT_3D('', #3034, #3035, $);
#3037 = PLANE('', #3036);
#3038 = CARTESIAN_POINT('', (27.5, 38.75, 30.));
#3039 = DIRECTION('', (1., -0., -0.));
#3040 = AXIS2_PLACEMENT_3D('', #3038, #3039, $);
#3041 = PLANE('', #3040);
#3042 = CARTESIAN_POINT('', (25.5, 38.75, 30.));
#3043 = DIRECTION('', (-1., -0., -0.));
#3044 = AXIS2_PLACEMENT_3D('', #3042, #3043, $);
#3045 = PLANE('', #3044);
#3046 = CARTESIAN_POINT('', (0., 37.02144661, 61.97855339));
#3047 = DIRECTION('', (-0., 0.70710678, 0.70710678));
#3048 = AXIS2_PLACEMENT_3D('', #3046, #3047, $);
#3049 = PLANE('', #3048);
#3050 = CARTESIAN_POINT('', (0., 0., 62.));
#3051 = DIRECTION('', (0., -0., 1.));
#3052 = AXIS2_PLACEMENT_3D('', #3050, #3051, $);
#3053 = PLANE('', #3052);
#3054 = CARTESIAN_POINT('', (54.75, -0.25, 61.75));
#3055 = DIRECTION('', (-0.70710678, 0., -0.70710678));
#3056 = AXIS2_PLACEMENT_3D('', #3054, #3055, $);
#3057 = PLANE('', #3056);
#3058 = CARTESIAN_POINT('', (-0.25, -37.25, 61.75));
#3059 = DIRECTION('', (0., 0.70710678, -0.70710678));
#3060 = AXIS2_PLACEMENT_3D('', #3058, #3059, $);
#3061 = PLANE('', #3060);
#3062 = CARTESIAN_POINT('', (-54.75, 0., 61.75));
#3063 = DIRECTION('', (0.70710678, -0., -0.70710678));
#3064 = AXIS2_PLACEMENT_3D('', #3062, #3063, $);
#3065 = PLANE('', #3064);
#3066 = CARTESIAN_POINT('', (0., 37.02144661, 60.02144661));
#3067 = DIRECTION('', (0., -0.70710678, 0.70710678));
#3068 = AXIS2_PLACEMENT_3D('', #3066, #3067, $);
#3069 = PLANE('', #3068);
#3070 = CARTESIAN_POINT('', (0., 0., 60.));
#3071 = DIRECTION('', (0., -0., 1.));
#3072 = AXIS2_PLACEMENT_3D('', #3070, #3071, $);
#3073 = PLANE('', #3072);
#3074 = CARTESIAN_POINT('', (54.75, -0.25, 60.25));
#3075 = DIRECTION('', (-0.70710678, 0., 0.70710678));
#3076 = AXIS2_PLACEMENT_3D('', #3074, #3075, $);
#3077 = PLANE('', #3076);
#3078 = CARTESIAN_POINT('', (-0.25, -37.25, 60.25));
#3079 = DIRECTION('', (-0., 0.70710678, 0.70710678));
#3080 = AXIS2_PLACEMENT_3D('', #3078, #3079, $);
#3081 = PLANE('', #3080);
#3082 = CARTESIAN_POINT('', (-54.75, 0., 60.25));
#3083 = DIRECTION('', (0.70710678, 0., 0.70710678));
#3084 = AXIS2_PLACEMENT_3D('', #3082, #3083, $);
#3085 = PLANE('', #3084);
#3086 = CARTESIAN_POINT('', (54.75, 37.25, 61.));
#3087 = DIRECTION('', (-0.70710678, -0.70710678, 0.));
#3088 = AXIS2_PLACEMENT_3D('', #3086, #3087, $);
#3089 = PLANE('', #3088);
#3090 = CARTESIAN_POINT('', (55., 0., 61.));
#3091 = DIRECTION('', (1., -0., 0.));
#3092 = AXIS2_PLACEMENT_3D('', #3090, #3091, $);
#3093 = PLANE('', #3092);
#3094 = CARTESIAN_POINT('', (0., 37.5, 61.));
#3095 = DIRECTION('', (0., 1., -0.));
#3096 = AXIS2_PLACEMENT_3D('', #3094, #3095, $);
#3097 = PLANE('', #3096);
#3098 = CARTESIAN_POINT('', (54.75, -37.25, 61.));
#3099 = DIRECTION('', (-0.70710678, 0.70710678, 0.));
#3100 = AXIS2_PLACEMENT_3D('', #3098, #3099, $);
#3101 = PLANE('', #3100);
#3102 = CARTESIAN_POINT('', (0., -37.5, 61.));
#3103 = DIRECTION('', (0., -1., 0.));
#3104 = AXIS2_PLACEMENT_3D('', #3102, #3103, $);
#3105 = PLANE('', #3104);
#3106 = CARTESIAN_POINT('', (-54.75, -37.25, 61.));
#3107 = DIRECTION('', (0.70710678, 0.70710678, -0.));
#3108 = AXIS2_PLACEMENT_3D('', #3106, #3107, $);
#3109 = PLANE('', #3108);
#3110 = CARTESIAN_POINT('', (-55., 0., 61.));
#3111 = DIRECTION('', (-1., -0., 0.));
#3112 = AXIS2_PLACEMENT_3D('', #3110, #3111, $);
#3113 = PLANE('', #3112);
#3114 = CARTESIAN_POINT('', (-54.75, 37.25, 61.));
#3115 = DIRECTION('', (0.70710678, -0.70710678, 0.));
#3116 = AXIS2_PLACEMENT_3D('', #3114, #3115, $);
#3117 = PLANE('', #3116);
#3118 = CARTESIAN_POINT('', (-45., 37.75, 61.25));
#3119 = DIRECTION('', (-1., 0., 0.));
#3120 = AXIS2_PLACEMENT_3D('', #3118, #3119, $);
#3121 = PLANE('', #3120);
#3122 = CARTESIAN_POINT('', (-45., 37.5, 61.));
#3123 = DIRECTION('', (1., -0., -0.));
#3124 = DIRECTION('', (0., 0., 1.));
#3125 = AXIS2_PLACEMENT_3D('', #3122, #3123, #3124);
#3126 = CONICAL_SURFACE('', #3125, 0.5, 0.78539816);
#3127 = CARTESIAN_POINT('', (-44.5, 37.5, 61.));
#3128 = DIRECTION('', (1., -0., -0.));
#3129 = DIRECTION('', (0., 0., 1.));
#3130 = AXIS2_PLACEMENT_3D('', #3127, #3128, #3129);
#3131 = CYLINDRICAL_SURFACE('', #3130, 1.);
#3132 = CARTESIAN_POINT('', (-33., 37.5, 61.));
#3133 = DIRECTION('', (-1., -0., 0.));
#3134 = DIRECTION('', (0., 0., 1.));
#3135 = AXIS2_PLACEMENT_3D('', #3132, #3133, #3134);
#3136 = CONICAL_SURFACE('', #3135, 0.5, 0.78539816);
#3137 = CARTESIAN_POINT('', (-33., 37.75, 61.5));
#3138 = DIRECTION('', (1., -0., 0.));
#3139 = AXIS2_PLACEMENT_3D('', #3137, #3138, $);
#3140 = PLANE('', #3139);
#3141 = CARTESIAN_POINT('', (33., 37.75, 61.25));
#3142 = DIRECTION('', (-1., 0., 0.));
#3143 = AXIS2_PLACEMENT_3D('', #3141, #3142, $);
#3144 = PLANE('', #3143);
#3145 = CARTESIAN_POINT('', (33., 37.5, 61.));
#3146 = DIRECTION('', (1., -0., -0.));
#3147 = DIRECTION('', (0., 0., 1.));
#3148 = AXIS2_PLACEMENT_3D('', #3145, #3146, #3147);
#3149 = CONICAL_SURFACE('', #3148, 0.5, 0.78539816);
#3150 = CARTESIAN_POINT('', (33.5, 37.5, 61.));
#3151 = DIRECTION('', (1., -0., -0.));
#3152 = DIRECTION('', (0., 0., 1.));
#3153 = AXIS2_PLACEMENT_3D('', #3150, #3151, #3152);
#3154 = CYLINDRICAL_SURFACE('', #3153, 1.);
#3155 = CARTESIAN_POINT('', (45., 37.5, 61.));
#3156 = DIRECTION('', (-1., -0., 0.));
#3157 = DIRECTION('', (0., 0., 1.));
#3158 = AXIS2_PLACEMENT_3D('', #3155, #3156, #3157);
#3159 = CONICAL_SURFACE('', #3158, 0.5, 0.78539816);
#3160 = CARTESIAN_POINT('', (45., 37.75, 61.5));
#3161 = DIRECTION('', (1., -0., 0.));
#3162 = AXIS2_PLACEMENT_3D('', #3160, #3161, $);
#3163 = PLANE('', #3162);
#3164 = CARTESIAN_POINT('', (-39.00000001, -29.97855339, -0.47855338));
#3165 = DIRECTION('', (0., 0.70710678, -0.70710678));
#3166 = AXIS2_PLACEMENT_3D('', #3164, #3165, $);
#3167 = PLANE('', #3166);
#3168 = CARTESIAN_POINT('', (-39.00000001, -15.02144661, -0.47855338));
#3169 = DIRECTION('', (-0., 0.70710678, 0.70710678));
#3170 = AXIS2_PLACEMENT_3D('', #3168, #3169, $);
#3171 = PLANE('', #3170);
#3172 = CARTESIAN_POINT('', (-39.00000001, -22.5, 0.00000001));
#3173 = DIRECTION('', (-0., 0., 1.));
#3174 = AXIS2_PLACEMENT_3D('', #3172, #3173, $);
#3175 = PLANE('', #3174);
#3176 = CARTESIAN_POINT('', (-44.75000001, -22.5, -0.24999999));
#3177 = DIRECTION('', (0.70710678, -0., -0.70710678));
#3178 = AXIS2_PLACEMENT_3D('', #3176, #3177, $);
#3179 = PLANE('', #3178);
#3180 = CARTESIAN_POINT('', (-33.25000002, -22.5, -0.24999998));
#3181 = DIRECTION('', (-0.70710678, -0., -0.70710678));
#3182 = AXIS2_PLACEMENT_3D('', #3180, #3181, $);
#3183 = PLANE('', #3182);
#3184 = CARTESIAN_POINT('', (-44.75000001, -22.5, -11.74999996));
#3185 = DIRECTION('', (0.70710678, 0., 0.70710678));
#3186 = AXIS2_PLACEMENT_3D('', #3184, #3185, $);
#3187 = PLANE('', #3186);
#3188 = CARTESIAN_POINT('', (-44.75000001, -29.75, -5.99999998));
#3189 = DIRECTION('', (0.70710678, 0.70710678, 0.));
#3190 = AXIS2_PLACEMENT_3D('', #3188, #3189, $);
#3191 = PLANE('', #3190);
#3192 = CARTESIAN_POINT('', (-45.00000001, -22.5, -5.99999997));
#3193 = DIRECTION('', (-1., -0., 0.));
#3194 = AXIS2_PLACEMENT_3D('', #3192, #3193, $);
#3195 = PLANE('', #3194);
#3196 = CARTESIAN_POINT('', (-44.75000001, -15.25, -5.99999998));
#3197 = DIRECTION('', (0.70710678, -0.70710678, 0.));
#3198 = AXIS2_PLACEMENT_3D('', #3196, #3197, $);
#3199 = PLANE('', #3198);
#3200 = CARTESIAN_POINT('', (-33.25000002, -29.75, -5.99999998));
#3201 = DIRECTION('', (-0.70710678, 0.70710678, 0.));
#3202 = AXIS2_PLACEMENT_3D('', #3200, #3201, $);
#3203 = PLANE('', #3202);
#3204 = CARTESIAN_POINT('', (-45., -30., 0.));
#3205 = DIRECTION('', (0., 1., -0.));
#3206 = AXIS2_PLACEMENT_3D('', #3204, #3205, $);
#3207 = PLANE('', #3206);
#3208 = CARTESIAN_POINT('', (-33.25000002, -15.25, -5.99999998));
#3209 = DIRECTION('', (-0.70710678, -0.70710678, 0.));
#3210 = AXIS2_PLACEMENT_3D('', #3208, #3209, $);
#3211 = PLANE('', #3210);
#3212 = CARTESIAN_POINT('', (-45., -15., -0.));
#3213 = DIRECTION('', (0., 1., -0.));
#3214 = AXIS2_PLACEMENT_3D('', #3212, #3213, $);
#3215 = PLANE('', #3214);
#3216 = CARTESIAN_POINT('', (-42.50000001, -22.5, -7.24999997));
#3217 = DIRECTION('', (-1., 0., 0.));
#3218 = AXIS2_PLACEMENT_3D('', #3216, #3217, $);
#3219 = PLANE('', #3218);
#3220 = CARTESIAN_POINT('', (-37.75000001, -22.5, -2.49999999));
#3221 = DIRECTION('', (-0., 0., 1.));
#3222 = AXIS2_PLACEMENT_3D('', #3220, #3221, $);
#3223 = PLANE('', #3222);
#3224 = CARTESIAN_POINT('', (-39.00000002, -22.5, -11.99999996));
#3225 = DIRECTION('', (-0., -0., -1.));
#3226 = AXIS2_PLACEMENT_3D('', #3224, #3225, $);
#3227 = PLANE('', #3226);
#3228 = CARTESIAN_POINT('', (-39.00000002, -15.02144661, -11.52144657));
#3229 = DIRECTION('', (-0., 0.70710678, -0.70710678));
#3230 = AXIS2_PLACEMENT_3D('', #3228, #3229, $);
#3231 = PLANE('', #3230);
#3232 = CARTESIAN_POINT('', (-33.00000002, -22.5, -5.99999998));
#3233 = DIRECTION('', (1., -0., -0.));
#3234 = AXIS2_PLACEMENT_3D('', #3232, #3233, $);
#3235 = PLANE('', #3234);
#3236 = CARTESIAN_POINT('', (-39.00000002, -29.97855339, -11.52144657));
#3237 = DIRECTION('', (0., 0.70710678, 0.70710678));
#3238 = AXIS2_PLACEMENT_3D('', #3236, #3237, $);
#3239 = PLANE('', #3238);
#3240 = CARTESIAN_POINT('', (-43.75, -22.5, -6.));
#3241 = DIRECTION('', (1., -0., 0.));
#3242 = DIRECTION('', (0., -1., -0.));
#3243 = AXIS2_PLACEMENT_3D('', #3240, #3241, #3242);
#3244 = CYLINDRICAL_SURFACE('', #3243, 1.6);
#3245 = CARTESIAN_POINT('', (-39., -22.5, -1.25));
#3246 = DIRECTION('', (0., -0., -1.));
#3247 = DIRECTION('', (1., 0., 0.));
#3248 = AXIS2_PLACEMENT_3D('', #3245, #3246, #3247);
#3249 = CYLINDRICAL_SURFACE('', #3248, 1.6);
#3250 = CARTESIAN_POINT('', (39.00000001, -15.02144661, -0.47855338));
#3251 = DIRECTION('', (-0., -0.70710678, -0.70710678));
#3252 = AXIS2_PLACEMENT_3D('', #3250, #3251, $);
#3253 = PLANE('', #3252);
#3254 = CARTESIAN_POINT('', (39.00000001, -29.97855339, -0.47855338));
#3255 = DIRECTION('', (0., -0.70710678, 0.70710678));
#3256 = AXIS2_PLACEMENT_3D('', #3254, #3255, $);
#3257 = PLANE('', #3256);
#3258 = CARTESIAN_POINT('', (39.00000001, -22.5, 0.00000001));
#3259 = DIRECTION('', (0., -0., 1.));
#3260 = AXIS2_PLACEMENT_3D('', #3258, #3259, $);
#3261 = PLANE('', #3260);
#3262 = CARTESIAN_POINT('', (44.75000001, -22.5, -0.24999999));
#3263 = DIRECTION('', (-0.70710678, 0., -0.70710678));
#3264 = AXIS2_PLACEMENT_3D('', #3262, #3263, $);
#3265 = PLANE('', #3264);
#3266 = CARTESIAN_POINT('', (33.25000002, -22.5, -0.24999998));
#3267 = DIRECTION('', (0.70710678, 0., -0.70710678));
#3268 = AXIS2_PLACEMENT_3D('', #3266, #3267, $);
#3269 = PLANE('', #3268);
#3270 = CARTESIAN_POINT('', (44.75000001, -22.5, -11.74999996));
#3271 = DIRECTION('', (-0.70710678, 0., 0.70710678));
#3272 = AXIS2_PLACEMENT_3D('', #3270, #3271, $);
#3273 = PLANE('', #3272);
#3274 = CARTESIAN_POINT('', (44.75000001, -15.25, -5.99999998));
#3275 = DIRECTION('', (-0.70710678, -0.70710678, -0.));
#3276 = AXIS2_PLACEMENT_3D('', #3274, #3275, $);
#3277 = PLANE('', #3276);
#3278 = CARTESIAN_POINT('', (45.00000001, -22.5, -5.99999997));
#3279 = DIRECTION('', (1., 0., 0.));
#3280 = AXIS2_PLACEMENT_3D('', #3278, #3279, $);
#3281 = PLANE('', #3280);
#3282 = CARTESIAN_POINT('', (44.75000001, -29.75, -5.99999998));
#3283 = DIRECTION('', (-0.70710678, 0.70710678, 0.));
#3284 = AXIS2_PLACEMENT_3D('', #3282, #3283, $);
#3285 = PLANE('', #3284);
#3286 = CARTESIAN_POINT('', (33.25000002, -15.25, -5.99999998));
#3287 = DIRECTION('', (0.70710678, -0.70710678, 0.));
#3288 = AXIS2_PLACEMENT_3D('', #3286, #3287, $);
#3289 = PLANE('', #3288);
#3290 = CARTESIAN_POINT('', (45., -15., 0.));
#3291 = DIRECTION('', (-0., -1., -0.));
#3292 = AXIS2_PLACEMENT_3D('', #3290, #3291, $);
#3293 = PLANE('', #3292);
#3294 = CARTESIAN_POINT('', (33.25000002, -29.75, -5.99999998));
#3295 = DIRECTION('', (0.70710678, 0.70710678, 0.));
#3296 = AXIS2_PLACEMENT_3D('', #3294, #3295, $);
#3297 = PLANE('', #3296);
#3298 = CARTESIAN_POINT('', (45., -30., -0.));
#3299 = DIRECTION('', (-0., -1., -0.));
#3300 = AXIS2_PLACEMENT_3D('', #3298, #3299, $);
#3301 = PLANE('', #3300);
#3302 = CARTESIAN_POINT('', (42.50000001, -22.5, -7.24999997));
#3303 = DIRECTION('', (1., -0., -0.));
#3304 = AXIS2_PLACEMENT_3D('', #3302, #3303, $);
#3305 = PLANE('', #3304);
#3306 = CARTESIAN_POINT('', (37.75000001, -22.5, -2.49999999));
#3307 = DIRECTION('', (0., -0., 1.));
#3308 = AXIS2_PLACEMENT_3D('', #3306, #3307, $);
#3309 = PLANE('', #3308);
#3310 = CARTESIAN_POINT('', (39.00000002, -22.5, -11.99999996));
#3311 = DIRECTION('', (0., 0., -1.));
#3312 = AXIS2_PLACEMENT_3D('', #3310, #3311, $);
#3313 = PLANE('', #3312);
#3314 = CARTESIAN_POINT('', (39.00000002, -29.97855339, -11.52144657));
#3315 = DIRECTION('', (0., -0.70710678, -0.70710678));
#3316 = AXIS2_PLACEMENT_3D('', #3314, #3315, $);
#3317 = PLANE('', #3316);
#3318 = CARTESIAN_POINT('', (33.00000002, -22.5, -5.99999998));
#3319 = DIRECTION('', (-1., 0., -0.));
#3320 = AXIS2_PLACEMENT_3D('', #3318, #3319, $);
#3321 = PLANE('', #3320);
#3322 = CARTESIAN_POINT('', (39.00000002, -15.02144661, -11.52144657));
#3323 = DIRECTION('', (-0., -0.70710678, 0.70710678));
#3324 = AXIS2_PLACEMENT_3D('', #3322, #3323, $);
#3325 = PLANE('', #3324);
#3326 = CARTESIAN_POINT('', (43.75, -22.5, -6.));
#3327 = DIRECTION('', (-1., 0., 0.));
#3328 = DIRECTION('', (0., 1., 0.));
#3329 = AXIS2_PLACEMENT_3D('', #3326, #3327, #3328);
#3330 = CYLINDRICAL_SURFACE('', #3329, 1.6);
#3331 = CARTESIAN_POINT('', (39., -22.5, -1.25));
#3332 = DIRECTION('', (0., 0., -1.));
#3333 = DIRECTION('', (-1., 0., 0.));
#3334 = AXIS2_PLACEMENT_3D('', #3331, #3332, #3333);
#3335 = CYLINDRICAL_SURFACE('', #3334, 1.6);
#3336 = ORIENTED_EDGE('', *, *, #2560, .T.);
#3337 = ORIENTED_EDGE('', *, *, #2561, .T.);
#3338 = ORIENTED_EDGE('', *, *, #2562, .F.);
#3339 = ORIENTED_EDGE('', *, *, #2563, .F.);
#3340 = EDGE_LOOP('', (#3336, #3337, #3338, #3339));
#3341 = FACE_BOUND('', #3340, .T.);
#3342 = ADVANCED_FACE('', (#3341), #2902, .T.);
#3343 = ORIENTED_EDGE('', *, *, #2564, .T.);
#3344 = ORIENTED_EDGE('', *, *, #2565, .T.);
#3345 = ORIENTED_EDGE('', *, *, #2566, .F.);
#3346 = ORIENTED_EDGE('', *, *, #2561, .F.);
#3347 = EDGE_LOOP('', (#3343, #3344, #3345, #3346));
#3348 = FACE_BOUND('', #3347, .T.);
#3349 = ADVANCED_FACE('', (#3348), #2906, .T.);
#3350 = ORIENTED_EDGE('', *, *, #2567, .T.);
#3351 = ORIENTED_EDGE('', *, *, #2568, .T.);
#3352 = ORIENTED_EDGE('', *, *, #2569, .F.);
#3353 = ORIENTED_EDGE('', *, *, #2565, .F.);
#3354 = EDGE_LOOP('', (#3350, #3351, #3352, #3353));
#3355 = FACE_BOUND('', #3354, .T.);
#3356 = ADVANCED_FACE('', (#3355), #2911, .T.);
#3357 = ORIENTED_EDGE('', *, *, #2570, .T.);
#3358 = ORIENTED_EDGE('', *, *, #2571, .T.);
#3359 = ORIENTED_EDGE('', *, *, #2572, .F.);
#3360 = ORIENTED_EDGE('', *, *, #2568, .F.);
#3361 = ORIENTED_EDGE('', *, *, #2608, .F.);
#3362 = ORIENTED_EDGE('', *, *, #2611, .F.);
#3363 = ORIENTED_EDGE('', *, *, #2610, .F.);
#3364 = ORIENTED_EDGE('', *, *, #2609, .F.);
#3365 = EDGE_LOOP('', (#3357, #3358, #3359, #3360));
#3366 = FACE_BOUND('', #3365, .T.);
#3367 = EDGE_LOOP('', (#3361, #3362, #3363, #3364));
#3368 = FACE_BOUND('', #3367, .T.);
#3369 = ADVANCED_FACE('', (#3366, #3368), #2915, .T.);
#3370 = ORIENTED_EDGE('', *, *, #2573, .T.);
#3371 = ORIENTED_EDGE('', *, *, #2574, .T.);
#3372 = ORIENTED_EDGE('', *, *, #2575, .F.);
#3373 = ORIENTED_EDGE('', *, *, #2571, .F.);
#3374 = EDGE_LOOP('', (#3370, #3371, #3372, #3373));
#3375 = FACE_BOUND('', #3374, .T.);
#3376 = ADVANCED_FACE('', (#3375), #2920, .T.);
#3377 = ORIENTED_EDGE('', *, *, #2576, .T.);
#3378 = ORIENTED_EDGE('', *, *, #2577, .T.);
#3379 = ORIENTED_EDGE('', *, *, #2578, .F.);
#3380 = ORIENTED_EDGE('', *, *, #2574, .F.);
#3381 = EDGE_LOOP('', (#3377, #3378, #3379, #3380));
#3382 = FACE_BOUND('', #3381, .T.);
#3383 = ADVANCED_FACE('', (#3382), #2924, .T.);
#3384 = ORIENTED_EDGE('', *, *, #2579, .T.);
#3385 = ORIENTED_EDGE('', *, *, #2580, .T.);
#3386 = ORIENTED_EDGE('', *, *, #2581, .F.);
#3387 = ORIENTED_EDGE('', *, *, #2577, .F.);
#3388 = EDGE_LOOP('', (#3384, #3385, #3386, #3387));
#3389 = FACE_BOUND('', #3388, .T.);
#3390 = ADVANCED_FACE('', (#3389), #2929, .T.);
#3391 = ORIENTED_EDGE('', *, *, #2582, .T.);
#3392 = ORIENTED_EDGE('', *, *, #2563, .T.);
#3393 = ORIENTED_EDGE('', *, *, #2583, .F.);
#3394 = ORIENTED_EDGE('', *, *, #2580, .F.);
#3395 = ORIENTED_EDGE('', *, *, #2620, .F.);
#3396 = ORIENTED_EDGE('', *, *, #2621, .F.);
#3397 = ORIENTED_EDGE('', *, *, #2622, .F.);
#3398 = ORIENTED_EDGE('', *, *, #2623, .F.);
#3399 = ORIENTED_EDGE('', *, *, #2632, .F.);
#3400 = ORIENTED_EDGE('', *, *, #2633, .F.);
#3401 = ORIENTED_EDGE('', *, *, #2634, .F.);
#3402 = ORIENTED_EDGE('', *, *, #2635, .F.);
#3403 = ORIENTED_EDGE('', *, *, #2644, .F.);
#3404 = ORIENTED_EDGE('', *, *, #2645, .F.);
#3405 = ORIENTED_EDGE('', *, *, #2646, .F.);
#3406 = ORIENTED_EDGE('', *, *, #2647, .F.);
#3407 = EDGE_LOOP('', (#3391, #3392, #3393, #3394));
#3408 = FACE_BOUND('', #3407, .T.);
#3409 = EDGE_LOOP('', (#3395, #3396, #3397, #3398));
#3410 = FACE_BOUND('', #3409, .T.);
#3411 = EDGE_LOOP('', (#3399, #3400, #3401, #3402));
#3412 = FACE_BOUND('', #3411, .T.);
#3413 = EDGE_LOOP('', (#3403, #3404, #3405, #3406));
#3414 = FACE_BOUND('', #3413, .T.);
#3415 = ADVANCED_FACE('', (#3408, #3410, #3412, #3414), #2933, .T.);
#3416 = ORIENTED_EDGE('', *, *, #2582, .F.);
#3417 = ORIENTED_EDGE('', *, *, #2579, .F.);
#3418 = ORIENTED_EDGE('', *, *, #2576, .F.);
#3419 = ORIENTED_EDGE('', *, *, #2573, .F.);
#3420 = ORIENTED_EDGE('', *, *, #2570, .F.);
#3421 = ORIENTED_EDGE('', *, *, #2567, .F.);
#3422 = ORIENTED_EDGE('', *, *, #2564, .F.);
#3423 = ORIENTED_EDGE('', *, *, #2560, .F.);
#3424 = EDGE_LOOP('', (#3416, #3417, #3418, #3419, #3420, #3421, #3422, #3423));
#3425 = FACE_BOUND('', #3424, .T.);
#3426 = ADVANCED_FACE('', (#3425), #2937, .F.);
#3427 = ORIENTED_EDGE('', *, *, #2562, .T.);
#3428 = ORIENTED_EDGE('', *, *, #2566, .T.);
#3429 = ORIENTED_EDGE('', *, *, #2569, .T.);
#3430 = ORIENTED_EDGE('', *, *, #2572, .T.);
#3431 = ORIENTED_EDGE('', *, *, #2575, .T.);
#3432 = ORIENTED_EDGE('', *, *, #2578, .T.);
#3433 = ORIENTED_EDGE('', *, *, #2581, .T.);
#3434 = ORIENTED_EDGE('', *, *, #2583, .T.);
#3435 = ORIENTED_EDGE('', *, *, #2600, .F.);
#3436 = ORIENTED_EDGE('', *, *, #2607, .F.);
#3437 = ORIENTED_EDGE('', *, *, #2606, .F.);
#3438 = ORIENTED_EDGE('', *, *, #2605, .F.);
#3439 = ORIENTED_EDGE('', *, *, #2604, .T.);
#3440 = ORIENTED_EDGE('', *, *, #2603, .F.);
#3441 = ORIENTED_EDGE('', *, *, #2602, .T.);
#3442 = ORIENTED_EDGE('', *, *, #2601, .F.);
#3443 = EDGE_LOOP('', (#3427, #3428, #3429, #3430, #3431, #3432, #3433, #3434));
#3444 = FACE_BOUND('', #3443, .T.);
#3445 = EDGE_LOOP('', (#3435, #3436, #3437, #3438, #3439, #3440, #3441, #3442));
#3446 = FACE_BOUND('', #3445, .T.);
#3447 = ADVANCED_FACE('', (#3444, #3446), #2941, .T.);
#3448 = ORIENTED_EDGE('', *, *, #2586, .T.);
#3449 = ORIENTED_EDGE('', *, *, #2600, .T.);
#3450 = ORIENTED_EDGE('', *, *, #2585, .F.);
#3451 = ORIENTED_EDGE('', *, *, #2584, .F.);
#3452 = EDGE_LOOP('', (#3448, #3449, #3450, #3451));
#3453 = FACE_BOUND('', #3452, .T.);
#3454 = ADVANCED_FACE('', (#3453), #2946, .F.);
#3455 = ORIENTED_EDGE('', *, *, #2585, .T.);
#3456 = ORIENTED_EDGE('', *, *, #2601, .T.);
#3457 = ORIENTED_EDGE('', *, *, #2588, .F.);
#3458 = ORIENTED_EDGE('', *, *, #2587, .F.);
#3459 = EDGE_LOOP('', (#3455, #3456, #3457, #3458));
#3460 = FACE_BOUND('', #3459, .T.);
#3461 = ADVANCED_FACE('', (#3460), #2950, .F.);
#3462 = ORIENTED_EDGE('', *, *, #2588, .T.);
#3463 = ORIENTED_EDGE('', *, *, #2602, .F.);
#3464 = ORIENTED_EDGE('', *, *, #2590, .F.);
#3465 = ORIENTED_EDGE('', *, *, #2589, .F.);
#3466 = EDGE_LOOP('', (#3462, #3463, #3464, #3465));
#3467 = FACE_BOUND('', #3466, .T.);
#3468 = ADVANCED_FACE('', (#3467), #2955, .F.);
#3469 = ORIENTED_EDGE('', *, *, #2590, .T.);
#3470 = ORIENTED_EDGE('', *, *, #2603, .T.);
#3471 = ORIENTED_EDGE('', *, *, #2592, .F.);
#3472 = ORIENTED_EDGE('', *, *, #2591, .F.);
#3473 = ORIENTED_EDGE('', *, *, #2613, .T.);
#3474 = ORIENTED_EDGE('', *, *, #2614, .T.);
#3475 = ORIENTED_EDGE('', *, *, #2615, .T.);
#3476 = ORIENTED_EDGE('', *, *, #2612, .T.);
#3477 = EDGE_LOOP('', (#3469, #3470, #3471, #3472));
#3478 = FACE_BOUND('', #3477, .T.);
#3479 = EDGE_LOOP('', (#3473, #3474, #3475, #3476));
#3480 = FACE_BOUND('', #3479, .T.);
#3481 = ADVANCED_FACE('', (#3478, #3480), #2959, .F.);
#3482 = ORIENTED_EDGE('', *, *, #2592, .T.);
#3483 = ORIENTED_EDGE('', *, *, #2604, .F.);
#3484 = ORIENTED_EDGE('', *, *, #2594, .F.);
#3485 = ORIENTED_EDGE('', *, *, #2593, .F.);
#3486 = EDGE_LOOP('', (#3482, #3483, #3484, #3485));
#3487 = FACE_BOUND('', #3486, .T.);
#3488 = ADVANCED_FACE('', (#3487), #2964, .F.);
#3489 = ORIENTED_EDGE('', *, *, #2594, .T.);
#3490 = ORIENTED_EDGE('', *, *, #2605, .T.);
#3491 = ORIENTED_EDGE('', *, *, #2596, .F.);
#3492 = ORIENTED_EDGE('', *, *, #2595, .F.);
#3493 = EDGE_LOOP('', (#3489, #3490, #3491, #3492));
#3494 = FACE_BOUND('', #3493, .T.);
#3495 = ADVANCED_FACE('', (#3494), #2968, .F.);
#3496 = ORIENTED_EDGE('', *, *, #2596, .T.);
#3497 = ORIENTED_EDGE('', *, *, #2606, .T.);
#3498 = ORIENTED_EDGE('', *, *, #2598, .F.);
#3499 = ORIENTED_EDGE('', *, *, #2597, .F.);
#3500 = EDGE_LOOP('', (#3496, #3497, #3498, #3499));
#3501 = FACE_BOUND('', #3500, .T.);
#3502 = ADVANCED_FACE('', (#3501), #2973, .F.);
#3503 = ORIENTED_EDGE('', *, *, #2598, .T.);
#3504 = ORIENTED_EDGE('', *, *, #2607, .T.);
#3505 = ORIENTED_EDGE('', *, *, #2586, .F.);
#3506 = ORIENTED_EDGE('', *, *, #2599, .F.);
#3507 = ORIENTED_EDGE('', *, *, #2627, .T.);
#3508 = ORIENTED_EDGE('', *, *, #2626, .T.);
#3509 = ORIENTED_EDGE('', *, *, #2625, .T.);
#3510 = ORIENTED_EDGE('', *, *, #2624, .T.);
#3511 = ORIENTED_EDGE('', *, *, #2639, .T.);
#3512 = ORIENTED_EDGE('', *, *, #2638, .T.);
#3513 = ORIENTED_EDGE('', *, *, #2637, .T.);
#3514 = ORIENTED_EDGE('', *, *, #2636, .T.);
#3515 = ORIENTED_EDGE('', *, *, #2651, .T.);
#3516 = ORIENTED_EDGE('', *, *, #2650, .T.);
#3517 = ORIENTED_EDGE('', *, *, #2649, .T.);
#3518 = ORIENTED_EDGE('', *, *, #2648, .T.);
#3519 = EDGE_LOOP('', (#3503, #3504, #3505, #3506));
#3520 = FACE_BOUND('', #3519, .T.);
#3521 = EDGE_LOOP('', (#3507, #3508, #3509, #3510));
#3522 = FACE_BOUND('', #3521, .T.);
#3523 = EDGE_LOOP('', (#3511, #3512, #3513, #3514));
#3524 = FACE_BOUND('', #3523, .T.);
#3525 = EDGE_LOOP('', (#3515, #3516, #3517, #3518));
#3526 = FACE_BOUND('', #3525, .T.);
#3527 = ADVANCED_FACE('', (#3520, #3522, #3524, #3526), #2977, .F.);
#3528 = ORIENTED_EDGE('', *, *, #2584, .T.);
#3529 = ORIENTED_EDGE('', *, *, #2587, .T.);
#3530 = ORIENTED_EDGE('', *, *, #2589, .T.);
#3531 = ORIENTED_EDGE('', *, *, #2591, .T.);
#3532 = ORIENTED_EDGE('', *, *, #2593, .T.);
#3533 = ORIENTED_EDGE('', *, *, #2595, .T.);
#3534 = ORIENTED_EDGE('', *, *, #2597, .T.);
#3535 = ORIENTED_EDGE('', *, *, #2599, .T.);
#3536 = EDGE_LOOP('', (#3528, #3529, #3530, #3531, #3532, #3533, #3534, #3535));
#3537 = FACE_BOUND('', #3536, .T.);
#3538 = ADVANCED_FACE('', (#3537), #2981, .T.);
#3539 = ORIENTED_EDGE('', *, *, #2615, .F.);
#3540 = ORIENTED_EDGE('', *, *, #2616, .T.);
#3541 = ORIENTED_EDGE('', *, *, #2611, .T.);
#3542 = ORIENTED_EDGE('', *, *, #2619, .F.);
#3543 = EDGE_LOOP('', (#3539, #3540, #3541, #3542));
#3544 = FACE_BOUND('', #3543, .T.);
#3545 = ADVANCED_FACE('', (#3544), #2985, .F.);
#3546 = ORIENTED_EDGE('', *, *, #2614, .F.);
#3547 = ORIENTED_EDGE('', *, *, #2617, .T.);
#3548 = ORIENTED_EDGE('', *, *, #2610, .T.);
#3549 = ORIENTED_EDGE('', *, *, #2616, .F.);
#3550 = EDGE_LOOP('', (#3546, #3547, #3548, #3549));
#3551 = FACE_BOUND('', #3550, .T.);
#3552 = ADVANCED_FACE('', (#3551), #2989, .F.);
#3553 = ORIENTED_EDGE('', *, *, #2613, .F.);
#3554 = ORIENTED_EDGE('', *, *, #2618, .T.);
#3555 = ORIENTED_EDGE('', *, *, #2609, .T.);
#3556 = ORIENTED_EDGE('', *, *, #2617, .F.);
#3557 = EDGE_LOOP('', (#3553, #3554, #3555, #3556));
#3558 = FACE_BOUND('', #3557, .T.);
#3559 = ADVANCED_FACE('', (#3558), #2993, .F.);
#3560 = ORIENTED_EDGE('', *, *, #2612, .F.);
#3561 = ORIENTED_EDGE('', *, *, #2619, .T.);
#3562 = ORIENTED_EDGE('', *, *, #2608, .T.);
#3563 = ORIENTED_EDGE('', *, *, #2618, .F.);
#3564 = EDGE_LOOP('', (#3560, #3561, #3562, #3563));
#3565 = FACE_BOUND('', #3564, .T.);
#3566 = ADVANCED_FACE('', (#3565), #2997, .F.);
#3567 = ORIENTED_EDGE('', *, *, #2623, .T.);
#3568 = ORIENTED_EDGE('', *, *, #2628, .T.);
#3569 = ORIENTED_EDGE('', *, *, #2627, .F.);
#3570 = ORIENTED_EDGE('', *, *, #2630, .F.);
#3571 = EDGE_LOOP('', (#3567, #3568, #3569, #3570));
#3572 = FACE_BOUND('', #3571, .T.);
#3573 = ADVANCED_FACE('', (#3572), #3001, .F.);
#3574 = ORIENTED_EDGE('', *, *, #2622, .T.);
#3575 = ORIENTED_EDGE('', *, *, #2629, .T.);
#3576 = ORIENTED_EDGE('', *, *, #2626, .F.);
#3577 = ORIENTED_EDGE('', *, *, #2628, .F.);
#3578 = EDGE_LOOP('', (#3574, #3575, #3576, #3577));
#3579 = FACE_BOUND('', #3578, .T.);
#3580 = ADVANCED_FACE('', (#3579), #3005, .F.);
#3581 = ORIENTED_EDGE('', *, *, #2621, .T.);
#3582 = ORIENTED_EDGE('', *, *, #2631, .T.);
#3583 = ORIENTED_EDGE('', *, *, #2625, .F.);
#3584 = ORIENTED_EDGE('', *, *, #2629, .F.);
#3585 = EDGE_LOOP('', (#3581, #3582, #3583, #3584));
#3586 = FACE_BOUND('', #3585, .T.);
#3587 = ADVANCED_FACE('', (#3586), #3009, .F.);
#3588 = ORIENTED_EDGE('', *, *, #2620, .T.);
#3589 = ORIENTED_EDGE('', *, *, #2630, .T.);
#3590 = ORIENTED_EDGE('', *, *, #2624, .F.);
#3591 = ORIENTED_EDGE('', *, *, #2631, .F.);
#3592 = EDGE_LOOP('', (#3588, #3589, #3590, #3591));
#3593 = FACE_BOUND('', #3592, .T.);
#3594 = ADVANCED_FACE('', (#3593), #3013, .F.);
#3595 = ORIENTED_EDGE('', *, *, #2635, .T.);
#3596 = ORIENTED_EDGE('', *, *, #2640, .T.);
#3597 = ORIENTED_EDGE('', *, *, #2639, .F.);
#3598 = ORIENTED_EDGE('', *, *, #2642, .F.);
#3599 = EDGE_LOOP('', (#3595, #3596, #3597, #3598));
#3600 = FACE_BOUND('', #3599, .T.);
#3601 = ADVANCED_FACE('', (#3600), #3017, .F.);
#3602 = ORIENTED_EDGE('', *, *, #2634, .T.);
#3603 = ORIENTED_EDGE('', *, *, #2641, .T.);
#3604 = ORIENTED_EDGE('', *, *, #2638, .F.);
#3605 = ORIENTED_EDGE('', *, *, #2640, .F.);
#3606 = EDGE_LOOP('', (#3602, #3603, #3604, #3605));
#3607 = FACE_BOUND('', #3606, .T.);
#3608 = ADVANCED_FACE('', (#3607), #3021, .F.);
#3609 = ORIENTED_EDGE('', *, *, #2633, .T.);
#3610 = ORIENTED_EDGE('', *, *, #2643, .T.);
#3611 = ORIENTED_EDGE('', *, *, #2637, .F.);
#3612 = ORIENTED_EDGE('', *, *, #2641, .F.);
#3613 = EDGE_LOOP('', (#3609, #3610, #3611, #3612));
#3614 = FACE_BOUND('', #3613, .T.);
#3615 = ADVANCED_FACE('', (#3614), #3025, .F.);
#3616 = ORIENTED_EDGE('', *, *, #2632, .T.);
#3617 = ORIENTED_EDGE('', *, *, #2642, .T.);
#3618 = ORIENTED_EDGE('', *, *, #2636, .F.);
#3619 = ORIENTED_EDGE('', *, *, #2643, .F.);
#3620 = EDGE_LOOP('', (#3616, #3617, #3618, #3619));
#3621 = FACE_BOUND('', #3620, .T.);
#3622 = ADVANCED_FACE('', (#3621), #3029, .F.);
#3623 = ORIENTED_EDGE('', *, *, #2647, .T.);
#3624 = ORIENTED_EDGE('', *, *, #2652, .T.);
#3625 = ORIENTED_EDGE('', *, *, #2651, .F.);
#3626 = ORIENTED_EDGE('', *, *, #2654, .F.);
#3627 = EDGE_LOOP('', (#3623, #3624, #3625, #3626));
#3628 = FACE_BOUND('', #3627, .T.);
#3629 = ADVANCED_FACE('', (#3628), #3033, .F.);
#3630 = ORIENTED_EDGE('', *, *, #2645, .T.);
#3631 = ORIENTED_EDGE('', *, *, #2655, .T.);
#3632 = ORIENTED_EDGE('', *, *, #2649, .F.);
#3633 = ORIENTED_EDGE('', *, *, #2653, .F.);
#3634 = EDGE_LOOP('', (#3630, #3631, #3632, #3633));
#3635 = FACE_BOUND('', #3634, .T.);
#3636 = ADVANCED_FACE('', (#3635), #3037, .F.);
#3637 = ORIENTED_EDGE('', *, *, #2644, .T.);
#3638 = ORIENTED_EDGE('', *, *, #2654, .T.);
#3639 = ORIENTED_EDGE('', *, *, #2648, .F.);
#3640 = ORIENTED_EDGE('', *, *, #2655, .F.);
#3641 = EDGE_LOOP('', (#3637, #3638, #3639, #3640));
#3642 = FACE_BOUND('', #3641, .T.);
#3643 = ADVANCED_FACE('', (#3642), #3041, .F.);
#3644 = ORIENTED_EDGE('', *, *, #2646, .T.);
#3645 = ORIENTED_EDGE('', *, *, #2653, .T.);
#3646 = ORIENTED_EDGE('', *, *, #2650, .F.);
#3647 = ORIENTED_EDGE('', *, *, #2652, .F.);
#3648 = EDGE_LOOP('', (#3644, #3645, #3646, #3647));
#3649 = FACE_BOUND('', #3648, .T.);
#3650 = ADVANCED_FACE('', (#3649), #3045, .F.);
#3651 = ORIENTED_EDGE('', *, *, #2677, .T.);
#3652 = ORIENTED_EDGE('', *, *, #2744, .T.);
#3653 = ORIENTED_EDGE('', *, *, #2743, .T.);
#3654 = ORIENTED_EDGE('', *, *, #2742, .F.);
#3655 = ORIENTED_EDGE('', *, *, #2752, .T.);
#3656 = ORIENTED_EDGE('', *, *, #2718, .T.);
#3657 = ORIENTED_EDGE('', *, *, #2717, .T.);
#3658 = ORIENTED_EDGE('', *, *, #2716, .F.);
#3659 = ORIENTED_EDGE('', *, *, #2726, .T.);
#3660 = ORIENTED_EDGE('', *, *, #2696, .F.);
#3661 = ORIENTED_EDGE('', *, *, #2658, .F.);
#3662 = ORIENTED_EDGE('', *, *, #2661, .T.);
#3663 = ORIENTED_EDGE('', *, *, #2674, .F.);
#3664 = ORIENTED_EDGE('', *, *, #2669, .F.);
#3665 = EDGE_LOOP('', (#3651, #3652, #3653, #3654, #3655, #3656, #3657, #3658, #3659, #3660, #3661, #3662, #3663, #3664));
#3666 = FACE_BOUND('', #3665, .T.);
#3667 = ADVANCED_FACE('', (#3666), #3049, .T.);
#3668 = ORIENTED_EDGE('', *, *, #2661, .F.);
#3669 = ORIENTED_EDGE('', *, *, #2659, .T.);
#3670 = ORIENTED_EDGE('', *, *, #2662, .T.);
#3671 = ORIENTED_EDGE('', *, *, #2657, .T.);
#3672 = EDGE_LOOP('', (#3668, #3669, #3670, #3671));
#3673 = FACE_BOUND('', #3672, .T.);
#3674 = ADVANCED_FACE('', (#3673), #3053, .T.);
#3675 = ORIENTED_EDGE('', *, *, #2656, .T.);
#3676 = ORIENTED_EDGE('', *, *, #2678, .T.);
#3677 = ORIENTED_EDGE('', *, *, #2686, .T.);
#3678 = ORIENTED_EDGE('', *, *, #2670, .T.);
#3679 = ORIENTED_EDGE('', *, *, #2674, .T.);
#3680 = ORIENTED_EDGE('', *, *, #2657, .F.);
#3681 = EDGE_LOOP('', (#3675, #3676, #3677, #3678, #3679, #3680));
#3682 = FACE_BOUND('', #3681, .T.);
#3683 = ADVANCED_FACE('', (#3682), #3057, .F.);
#3684 = ORIENTED_EDGE('', *, *, #2660, .T.);
#3685 = ORIENTED_EDGE('', *, *, #2687, .T.);
#3686 = ORIENTED_EDGE('', *, *, #2695, .T.);
#3687 = ORIENTED_EDGE('', *, *, #2679, .T.);
#3688 = ORIENTED_EDGE('', *, *, #2656, .F.);
#3689 = ORIENTED_EDGE('', *, *, #2662, .F.);
#3690 = EDGE_LOOP('', (#3684, #3685, #3686, #3687, #3688, #3689));
#3691 = FACE_BOUND('', #3690, .T.);
#3692 = ADVANCED_FACE('', (#3691), #3061, .F.);
#3693 = ORIENTED_EDGE('', *, *, #2658, .T.);
#3694 = ORIENTED_EDGE('', *, *, #2697, .T.);
#3695 = ORIENTED_EDGE('', *, *, #2702, .T.);
#3696 = ORIENTED_EDGE('', *, *, #2688, .T.);
#3697 = ORIENTED_EDGE('', *, *, #2660, .F.);
#3698 = ORIENTED_EDGE('', *, *, #2659, .F.);
#3699 = EDGE_LOOP('', (#3693, #3694, #3695, #3696, #3697, #3698));
#3700 = FACE_BOUND('', #3699, .T.);
#3701 = ADVANCED_FACE('', (#3700), #3065, .F.);
#3702 = ORIENTED_EDGE('', *, *, #2671, .T.);
#3703 = ORIENTED_EDGE('', *, *, #2675, .T.);
#3704 = ORIENTED_EDGE('', *, *, #2667, .F.);
#3705 = ORIENTED_EDGE('', *, *, #2664, .T.);
#3706 = ORIENTED_EDGE('', *, *, #2698, .T.);
#3707 = ORIENTED_EDGE('', *, *, #2727, .F.);
#3708 = ORIENTED_EDGE('', *, *, #2719, .T.);
#3709 = ORIENTED_EDGE('', *, *, #2720, .F.);
#3710 = ORIENTED_EDGE('', *, *, #2721, .F.);
#3711 = ORIENTED_EDGE('', *, *, #2753, .F.);
#3712 = ORIENTED_EDGE('', *, *, #2745, .T.);
#3713 = ORIENTED_EDGE('', *, *, #2746, .F.);
#3714 = ORIENTED_EDGE('', *, *, #2747, .F.);
#3715 = ORIENTED_EDGE('', *, *, #2676, .F.);
#3716 = EDGE_LOOP('', (#3702, #3703, #3704, #3705, #3706, #3707, #3708, #3709, #3710, #3711, #3712, #3713, #3714, #3715));
#3717 = FACE_BOUND('', #3716, .T.);
#3718 = ADVANCED_FACE('', (#3717), #3069, .F.);
#3719 = ORIENTED_EDGE('', *, *, #2663, .F.);
#3720 = ORIENTED_EDGE('', *, *, #2666, .F.);
#3721 = ORIENTED_EDGE('', *, *, #2665, .F.);
#3722 = ORIENTED_EDGE('', *, *, #2667, .T.);
#3723 = EDGE_LOOP('', (#3719, #3720, #3721, #3722));
#3724 = FACE_BOUND('', #3723, .T.);
#3725 = ADVANCED_FACE('', (#3724), #3073, .F.);
#3726 = ORIENTED_EDGE('', *, *, #2680, .T.);
#3727 = ORIENTED_EDGE('', *, *, #2684, .T.);
#3728 = ORIENTED_EDGE('', *, *, #2663, .T.);
#3729 = ORIENTED_EDGE('', *, *, #2675, .F.);
#3730 = ORIENTED_EDGE('', *, *, #2672, .T.);
#3731 = ORIENTED_EDGE('', *, *, #2685, .F.);
#3732 = EDGE_LOOP('', (#3726, #3727, #3728, #3729, #3730, #3731));
#3733 = FACE_BOUND('', #3732, .T.);
#3734 = ADVANCED_FACE('', (#3733), #3077, .F.);
#3735 = ORIENTED_EDGE('', *, *, #2689, .T.);
#3736 = ORIENTED_EDGE('', *, *, #2694, .T.);
#3737 = ORIENTED_EDGE('', *, *, #2666, .T.);
#3738 = ORIENTED_EDGE('', *, *, #2684, .F.);
#3739 = ORIENTED_EDGE('', *, *, #2682, .T.);
#3740 = ORIENTED_EDGE('', *, *, #2693, .F.);
#3741 = EDGE_LOOP('', (#3735, #3736, #3737, #3738, #3739, #3740));
#3742 = FACE_BOUND('', #3741, .T.);
#3743 = ADVANCED_FACE('', (#3742), #3081, .F.);
#3744 = ORIENTED_EDGE('', *, *, #2699, .T.);
#3745 = ORIENTED_EDGE('', *, *, #2664, .F.);
#3746 = ORIENTED_EDGE('', *, *, #2665, .T.);
#3747 = ORIENTED_EDGE('', *, *, #2694, .F.);
#3748 = ORIENTED_EDGE('', *, *, #2690, .T.);
#3749 = ORIENTED_EDGE('', *, *, #2703, .F.);
#3750 = EDGE_LOOP('', (#3744, #3745, #3746, #3747, #3748, #3749));
#3751 = FACE_BOUND('', #3750, .T.);
#3752 = ADVANCED_FACE('', (#3751), #3085, .F.);
#3753 = ORIENTED_EDGE('', *, *, #2669, .T.);
#3754 = ORIENTED_EDGE('', *, *, #2670, .F.);
#3755 = ORIENTED_EDGE('', *, *, #2673, .T.);
#3756 = ORIENTED_EDGE('', *, *, #2672, .F.);
#3757 = ORIENTED_EDGE('', *, *, #2671, .F.);
#3758 = ORIENTED_EDGE('', *, *, #2668, .F.);
#3759 = EDGE_LOOP('', (#3753, #3754, #3755, #3756, #3757, #3758));
#3760 = FACE_BOUND('', #3759, .T.);
#3761 = ADVANCED_FACE('', (#3760), #3089, .F.);
#3762 = ORIENTED_EDGE('', *, *, #2686, .F.);
#3763 = ORIENTED_EDGE('', *, *, #2683, .F.);
#3764 = ORIENTED_EDGE('', *, *, #2685, .T.);
#3765 = ORIENTED_EDGE('', *, *, #2673, .F.);
#3766 = EDGE_LOOP('', (#3762, #3763, #3764, #3765));
#3767 = FACE_BOUND('', #3766, .T.);
#3768 = ADVANCED_FACE('', (#3767), #3093, .T.);
#3769 = ORIENTED_EDGE('', *, *, #2682, .F.);
#3770 = ORIENTED_EDGE('', *, *, #2680, .F.);
#3771 = ORIENTED_EDGE('', *, *, #2683, .T.);
#3772 = ORIENTED_EDGE('', *, *, #2678, .F.);
#3773 = ORIENTED_EDGE('', *, *, #2679, .F.);
#3774 = ORIENTED_EDGE('', *, *, #2681, .F.);
#3775 = EDGE_LOOP('', (#3769, #3770, #3771, #3772, #3773, #3774));
#3776 = FACE_BOUND('', #3775, .T.);
#3777 = ADVANCED_FACE('', (#3776), #3101, .F.);
#3778 = ORIENTED_EDGE('', *, *, #2695, .F.);
#3779 = ORIENTED_EDGE('', *, *, #2692, .F.);
#3780 = ORIENTED_EDGE('', *, *, #2693, .T.);
#3781 = ORIENTED_EDGE('', *, *, #2681, .T.);
#3782 = EDGE_LOOP('', (#3778, #3779, #3780, #3781));
#3783 = FACE_BOUND('', #3782, .T.);
#3784 = ADVANCED_FACE('', (#3783), #3105, .T.);
#3785 = ORIENTED_EDGE('', *, *, #2690, .F.);
#3786 = ORIENTED_EDGE('', *, *, #2689, .F.);
#3787 = ORIENTED_EDGE('', *, *, #2692, .T.);
#3788 = ORIENTED_EDGE('', *, *, #2687, .F.);
#3789 = ORIENTED_EDGE('', *, *, #2688, .F.);
#3790 = ORIENTED_EDGE('', *, *, #2691, .F.);
#3791 = EDGE_LOOP('', (#3785, #3786, #3787, #3788, #3789, #3790));
#3792 = FACE_BOUND('', #3791, .T.);
#3793 = ADVANCED_FACE('', (#3792), #3109, .F.);
#3794 = ORIENTED_EDGE('', *, *, #2702, .F.);
#3795 = ORIENTED_EDGE('', *, *, #2701, .F.);
#3796 = ORIENTED_EDGE('', *, *, #2703, .T.);
#3797 = ORIENTED_EDGE('', *, *, #2691, .T.);
#3798 = EDGE_LOOP('', (#3794, #3795, #3796, #3797));
#3799 = FACE_BOUND('', #3798, .T.);
#3800 = ADVANCED_FACE('', (#3799), #3113, .T.);
#3801 = ORIENTED_EDGE('', *, *, #2698, .F.);
#3802 = ORIENTED_EDGE('', *, *, #2699, .F.);
#3803 = ORIENTED_EDGE('', *, *, #2701, .T.);
#3804 = ORIENTED_EDGE('', *, *, #2697, .F.);
#3805 = ORIENTED_EDGE('', *, *, #2696, .T.);
#3806 = ORIENTED_EDGE('', *, *, #2700, .F.);
#3807 = EDGE_LOOP('', (#3801, #3802, #3803, #3804, #3805, #3806));
#3808 = FACE_BOUND('', #3807, .T.);
#3809 = ADVANCED_FACE('', (#3808), #3117, .F.);
#3810 = ORIENTED_EDGE('', *, *, #2713, .T.);
#3811 = ORIENTED_EDGE('', *, *, #2729, .F.);
#3812 = ORIENTED_EDGE('', *, *, #2720, .T.);
#3813 = ORIENTED_EDGE('', *, *, #2728, .T.);
#3814 = EDGE_LOOP('', (#3810, #3811, #3812, #3813));
#3815 = FACE_BOUND('', #3814, .T.);
#3816 = ADVANCED_FACE('', (#3815), #3131, .T.);
#3817 = ORIENTED_EDGE('', *, *, #2711, .F.);
#3818 = ORIENTED_EDGE('', *, *, #2709, .T.);
#3819 = ORIENTED_EDGE('', *, *, #2704, .T.);
#3820 = ORIENTED_EDGE('', *, *, #2710, .F.);
#3821 = EDGE_LOOP('', (#3817, #3818, #3819, #3820));
#3822 = FACE_BOUND('', #3821, .T.);
#3823 = ADVANCED_FACE('', (#3822), #3126, .T.);
#3824 = ORIENTED_EDGE('', *, *, #2713, .F.);
#3825 = ORIENTED_EDGE('', *, *, #2710, .T.);
#3826 = ORIENTED_EDGE('', *, *, #2706, .T.);
#3827 = ORIENTED_EDGE('', *, *, #2712, .F.);
#3828 = EDGE_LOOP('', (#3824, #3825, #3826, #3827));
#3829 = FACE_BOUND('', #3828, .T.);
#3830 = ADVANCED_FACE('', (#3829), #3131, .T.);
#3831 = ORIENTED_EDGE('', *, *, #2715, .F.);
#3832 = ORIENTED_EDGE('', *, *, #2712, .T.);
#3833 = ORIENTED_EDGE('', *, *, #2708, .T.);
#3834 = ORIENTED_EDGE('', *, *, #2714, .F.);
#3835 = EDGE_LOOP('', (#3831, #3832, #3833, #3834));
#3836 = FACE_BOUND('', #3835, .T.);
#3837 = ADVANCED_FACE('', (#3836), #3136, .T.);
#3838 = ORIENTED_EDGE('', *, *, #2714, .T.);
#3839 = ORIENTED_EDGE('', *, *, #2723, .T.);
#3840 = ORIENTED_EDGE('', *, *, #2725, .T.);
#3841 = EDGE_LOOP('', (#3838, #3839, #3840));
#3842 = FACE_BOUND('', #3841, .T.);
#3843 = ADVANCED_FACE('', (#3842), #3140, .T.);
#3844 = ORIENTED_EDGE('', *, *, #2727, .T.);
#3845 = ORIENTED_EDGE('', *, *, #2700, .T.);
#3846 = ORIENTED_EDGE('', *, *, #2726, .F.);
#3847 = ORIENTED_EDGE('', *, *, #2724, .F.);
#3848 = ORIENTED_EDGE('', *, *, #2722, .F.);
#3849 = EDGE_LOOP('', (#3844, #3845, #3846, #3847, #3848));
#3850 = FACE_BOUND('', #3849, .T.);
#3851 = ADVANCED_FACE('', (#3850), #3097, .T.);
#3852 = ORIENTED_EDGE('', *, *, #2709, .F.);
#3853 = ORIENTED_EDGE('', *, *, #2722, .T.);
#3854 = ORIENTED_EDGE('', *, *, #2724, .T.);
#3855 = EDGE_LOOP('', (#3852, #3853, #3854));
#3856 = FACE_BOUND('', #3855, .T.);
#3857 = ADVANCED_FACE('', (#3856), #3121, .T.);
#3858 = ORIENTED_EDGE('', *, *, #2715, .T.);
#3859 = ORIENTED_EDGE('', *, *, #2721, .T.);
#3860 = ORIENTED_EDGE('', *, *, #2729, .T.);
#3861 = EDGE_LOOP('', (#3858, #3859, #3860));
#3862 = FACE_BOUND('', #3861, .T.);
#3863 = ADVANCED_FACE('', (#3862), #3136, .T.);
#3864 = ORIENTED_EDGE('', *, *, #2708, .F.);
#3865 = ORIENTED_EDGE('', *, *, #2707, .T.);
#3866 = ORIENTED_EDGE('', *, *, #2718, .F.);
#3867 = EDGE_LOOP('', (#3864, #3865, #3866));
#3868 = FACE_BOUND('', #3867, .T.);
#3869 = ADVANCED_FACE('', (#3868), #3136, .T.);
#3870 = ORIENTED_EDGE('', *, *, #2707, .F.);
#3871 = ORIENTED_EDGE('', *, *, #2706, .F.);
#3872 = ORIENTED_EDGE('', *, *, #2705, .T.);
#3873 = ORIENTED_EDGE('', *, *, #2717, .F.);
#3874 = EDGE_LOOP('', (#3870, #3871, #3872, #3873));
#3875 = FACE_BOUND('', #3874, .T.);
#3876 = ADVANCED_FACE('', (#3875), #3131, .T.);
#3877 = ORIENTED_EDGE('', *, *, #2711, .T.);
#3878 = ORIENTED_EDGE('', *, *, #2728, .F.);
#3879 = ORIENTED_EDGE('', *, *, #2719, .F.);
#3880 = EDGE_LOOP('', (#3877, #3878, #3879));
#3881 = FACE_BOUND('', #3880, .T.);
#3882 = ADVANCED_FACE('', (#3881), #3126, .T.);
#3883 = ORIENTED_EDGE('', *, *, #2705, .F.);
#3884 = ORIENTED_EDGE('', *, *, #2704, .F.);
#3885 = ORIENTED_EDGE('', *, *, #2716, .T.);
#3886 = EDGE_LOOP('', (#3883, #3884, #3885));
#3887 = FACE_BOUND('', #3886, .T.);
#3888 = ADVANCED_FACE('', (#3887), #3126, .T.);
#3889 = ORIENTED_EDGE('', *, *, #2739, .T.);
#3890 = ORIENTED_EDGE('', *, *, #2755, .F.);
#3891 = ORIENTED_EDGE('', *, *, #2746, .T.);
#3892 = ORIENTED_EDGE('', *, *, #2754, .T.);
#3893 = EDGE_LOOP('', (#3889, #3890, #3891, #3892));
#3894 = FACE_BOUND('', #3893, .T.);
#3895 = ADVANCED_FACE('', (#3894), #3154, .T.);
#3896 = ORIENTED_EDGE('', *, *, #2737, .F.);
#3897 = ORIENTED_EDGE('', *, *, #2735, .T.);
#3898 = ORIENTED_EDGE('', *, *, #2730, .T.);
#3899 = ORIENTED_EDGE('', *, *, #2736, .F.);
#3900 = EDGE_LOOP('', (#3896, #3897, #3898, #3899));
#3901 = FACE_BOUND('', #3900, .T.);
#3902 = ADVANCED_FACE('', (#3901), #3149, .T.);
#3903 = ORIENTED_EDGE('', *, *, #2739, .F.);
#3904 = ORIENTED_EDGE('', *, *, #2736, .T.);
#3905 = ORIENTED_EDGE('', *, *, #2732, .T.);
#3906 = ORIENTED_EDGE('', *, *, #2738, .F.);
#3907 = EDGE_LOOP('', (#3903, #3904, #3905, #3906));
#3908 = FACE_BOUND('', #3907, .T.);
#3909 = ADVANCED_FACE('', (#3908), #3154, .T.);
#3910 = ORIENTED_EDGE('', *, *, #2741, .F.);
#3911 = ORIENTED_EDGE('', *, *, #2738, .T.);
#3912 = ORIENTED_EDGE('', *, *, #2734, .T.);
#3913 = ORIENTED_EDGE('', *, *, #2740, .F.);
#3914 = EDGE_LOOP('', (#3910, #3911, #3912, #3913));
#3915 = FACE_BOUND('', #3914, .T.);
#3916 = ADVANCED_FACE('', (#3915), #3159, .T.);
#3917 = ORIENTED_EDGE('', *, *, #2740, .T.);
#3918 = ORIENTED_EDGE('', *, *, #2749, .T.);
#3919 = ORIENTED_EDGE('', *, *, #2751, .T.);
#3920 = EDGE_LOOP('', (#3917, #3918, #3919));
#3921 = FACE_BOUND('', #3920, .T.);
#3922 = ADVANCED_FACE('', (#3921), #3163, .T.);
#3923 = ORIENTED_EDGE('', *, *, #2735, .F.);
#3924 = ORIENTED_EDGE('', *, *, #2748, .T.);
#3925 = ORIENTED_EDGE('', *, *, #2750, .T.);
#3926 = EDGE_LOOP('', (#3923, #3924, #3925));
#3927 = FACE_BOUND('', #3926, .T.);
#3928 = ADVANCED_FACE('', (#3927), #3144, .T.);
#3929 = ORIENTED_EDGE('', *, *, #2753, .T.);
#3930 = ORIENTED_EDGE('', *, *, #2725, .F.);
#3931 = ORIENTED_EDGE('', *, *, #2723, .F.);
#3932 = ORIENTED_EDGE('', *, *, #2752, .F.);
#3933 = ORIENTED_EDGE('', *, *, #2750, .F.);
#3934 = ORIENTED_EDGE('', *, *, #2748, .F.);
#3935 = EDGE_LOOP('', (#3929, #3930, #3931, #3932, #3933, #3934));
#3936 = FACE_BOUND('', #3935, .T.);
#3937 = ADVANCED_FACE('', (#3936), #3097, .T.);
#3938 = ORIENTED_EDGE('', *, *, #2676, .T.);
#3939 = ORIENTED_EDGE('', *, *, #2751, .F.);
#3940 = ORIENTED_EDGE('', *, *, #2749, .F.);
#3941 = ORIENTED_EDGE('', *, *, #2677, .F.);
#3942 = ORIENTED_EDGE('', *, *, #2668, .T.);
#3943 = EDGE_LOOP('', (#3938, #3939, #3940, #3941, #3942));
#3944 = FACE_BOUND('', #3943, .T.);
#3945 = ADVANCED_FACE('', (#3944), #3097, .T.);
#3946 = ORIENTED_EDGE('', *, *, #2741, .T.);
#3947 = ORIENTED_EDGE('', *, *, #2747, .T.);
#3948 = ORIENTED_EDGE('', *, *, #2755, .T.);
#3949 = EDGE_LOOP('', (#3946, #3947, #3948));
#3950 = FACE_BOUND('', #3949, .T.);
#3951 = ADVANCED_FACE('', (#3950), #3159, .T.);
#3952 = ORIENTED_EDGE('', *, *, #2734, .F.);
#3953 = ORIENTED_EDGE('', *, *, #2733, .T.);
#3954 = ORIENTED_EDGE('', *, *, #2744, .F.);
#3955 = EDGE_LOOP('', (#3952, #3953, #3954));
#3956 = FACE_BOUND('', #3955, .T.);
#3957 = ADVANCED_FACE('', (#3956), #3159, .T.);
#3958 = ORIENTED_EDGE('', *, *, #2733, .F.);
#3959 = ORIENTED_EDGE('', *, *, #2732, .F.);
#3960 = ORIENTED_EDGE('', *, *, #2731, .T.);
#3961 = ORIENTED_EDGE('', *, *, #2743, .F.);
#3962 = EDGE_LOOP('', (#3958, #3959, #3960, #3961));
#3963 = FACE_BOUND('', #3962, .T.);
#3964 = ADVANCED_FACE('', (#3963), #3154, .T.);
#3965 = ORIENTED_EDGE('', *, *, #2737, .T.);
#3966 = ORIENTED_EDGE('', *, *, #2754, .F.);
#3967 = ORIENTED_EDGE('', *, *, #2745, .F.);
#3968 = EDGE_LOOP('', (#3965, #3966, #3967));
#3969 = FACE_BOUND('', #3968, .T.);
#3970 = ADVANCED_FACE('', (#3969), #3149, .T.);
#3971 = ORIENTED_EDGE('', *, *, #2731, .F.);
#3972 = ORIENTED_EDGE('', *, *, #2730, .F.);
#3973 = ORIENTED_EDGE('', *, *, #2742, .T.);
#3974 = EDGE_LOOP('', (#3971, #3972, #3973));
#3975 = FACE_BOUND('', #3974, .T.);
#3976 = ADVANCED_FACE('', (#3975), #3149, .T.);
#3977 = ORIENTED_EDGE('', *, *, #2757, .T.);
#3978 = ORIENTED_EDGE('', *, *, #2764, .T.);
#3979 = ORIENTED_EDGE('', *, *, #2786, .F.);
#3980 = ORIENTED_EDGE('', *, *, #2783, .T.);
#3981 = ORIENTED_EDGE('', *, *, #2785, .T.);
#3982 = ORIENTED_EDGE('', *, *, #2759, .F.);
#3983 = EDGE_LOOP('', (#3977, #3978, #3979, #3980, #3981, #3982));
#3984 = FACE_BOUND('', #3983, .T.);
#3985 = ADVANCED_FACE('', (#3984), #3167, .F.);
#3986 = ORIENTED_EDGE('', *, *, #2760, .T.);
#3987 = ORIENTED_EDGE('', *, *, #2792, .F.);
#3988 = ORIENTED_EDGE('', *, *, #2789, .F.);
#3989 = ORIENTED_EDGE('', *, *, #2793, .T.);
#3990 = ORIENTED_EDGE('', *, *, #2773, .F.);
#3991 = ORIENTED_EDGE('', *, *, #2758, .F.);
#3992 = EDGE_LOOP('', (#3986, #3987, #3988, #3989, #3990, #3991));
#3993 = FACE_BOUND('', #3992, .T.);
#3994 = ADVANCED_FACE('', (#3993), #3171, .T.);
#3995 = ORIENTED_EDGE('', *, *, #2759, .T.);
#3996 = ORIENTED_EDGE('', *, *, #2761, .T.);
#3997 = ORIENTED_EDGE('', *, *, #2760, .F.);
#3998 = ORIENTED_EDGE('', *, *, #2756, .T.);
#3999 = ORIENTED_EDGE('', *, *, #2817, .T.);
#4000 = ORIENTED_EDGE('', *, *, #2822, .T.);
#4001 = ORIENTED_EDGE('', *, *, #2821, .F.);
#4002 = ORIENTED_EDGE('', *, *, #2818, .F.);
#4003 = EDGE_LOOP('', (#3995, #3996, #3997, #3998));
#4004 = FACE_BOUND('', #4003, .T.);
#4005 = EDGE_LOOP('', (#3999, #4000, #4001, #4002));
#4006 = FACE_BOUND('', #4005, .T.);
#4007 = ADVANCED_FACE('', (#4004, #4006), #3175, .T.);
#4008 = ORIENTED_EDGE('', *, *, #2758, .T.);
#4009 = ORIENTED_EDGE('', *, *, #2775, .T.);
#4010 = ORIENTED_EDGE('', *, *, #2779, .T.);
#4011 = ORIENTED_EDGE('', *, *, #2766, .T.);
#4012 = ORIENTED_EDGE('', *, *, #2757, .F.);
#4013 = ORIENTED_EDGE('', *, *, #2756, .F.);
#4014 = EDGE_LOOP('', (#4008, #4009, #4010, #4011, #4012, #4013));
#4015 = FACE_BOUND('', #4014, .T.);
#4016 = ADVANCED_FACE('', (#4015), #3179, .F.);
#4017 = ORIENTED_EDGE('', *, *, #2785, .F.);
#4018 = ORIENTED_EDGE('', *, *, #2784, .T.);
#4019 = ORIENTED_EDGE('', *, *, #2787, .T.);
#4020 = ORIENTED_EDGE('', *, *, #2790, .T.);
#4021 = ORIENTED_EDGE('', *, *, #2792, .T.);
#4022 = ORIENTED_EDGE('', *, *, #2761, .F.);
#4023 = EDGE_LOOP('', (#4017, #4018, #4019, #4020, #4021, #4022));
#4024 = FACE_BOUND('', #4023, .T.);
#4025 = ADVANCED_FACE('', (#4024), #3183, .F.);
#4026 = ORIENTED_EDGE('', *, *, #2769, .F.);
#4027 = ORIENTED_EDGE('', *, *, #2768, .T.);
#4028 = ORIENTED_EDGE('', *, *, #2770, .T.);
#4029 = ORIENTED_EDGE('', *, *, #2776, .T.);
#4030 = ORIENTED_EDGE('', *, *, #2778, .T.);
#4031 = ORIENTED_EDGE('', *, *, #2762, .F.);
#4032 = EDGE_LOOP('', (#4026, #4027, #4028, #4029, #4030, #4031));
#4033 = FACE_BOUND('', #4032, .T.);
#4034 = ADVANCED_FACE('', (#4033), #3187, .F.);
#4035 = ORIENTED_EDGE('', *, *, #2768, .F.);
#4036 = ORIENTED_EDGE('', *, *, #2765, .F.);
#4037 = ORIENTED_EDGE('', *, *, #2763, .T.);
#4038 = ORIENTED_EDGE('', *, *, #2764, .F.);
#4039 = ORIENTED_EDGE('', *, *, #2766, .F.);
#4040 = ORIENTED_EDGE('', *, *, #2767, .F.);
#4041 = EDGE_LOOP('', (#4035, #4036, #4037, #4038, #4039, #4040));
#4042 = FACE_BOUND('', #4041, .T.);
#4043 = ADVANCED_FACE('', (#4042), #3191, .F.);
#4044 = ORIENTED_EDGE('', *, *, #2779, .F.);
#4045 = ORIENTED_EDGE('', *, *, #2777, .F.);
#4046 = ORIENTED_EDGE('', *, *, #2770, .F.);
#4047 = ORIENTED_EDGE('', *, *, #2767, .T.);
#4048 = ORIENTED_EDGE('', *, *, #2807, .T.);
#4049 = ORIENTED_EDGE('', *, *, #2812, .T.);
#4050 = ORIENTED_EDGE('', *, *, #2811, .F.);
#4051 = ORIENTED_EDGE('', *, *, #2808, .F.);
#4052 = EDGE_LOOP('', (#4044, #4045, #4046, #4047));
#4053 = FACE_BOUND('', #4052, .T.);
#4054 = EDGE_LOOP('', (#4048, #4049, #4050, #4051));
#4055 = FACE_BOUND('', #4054, .T.);
#4056 = ADVANCED_FACE('', (#4053, #4055), #3195, .T.);
#4057 = ORIENTED_EDGE('', *, *, #2774, .T.);
#4058 = ORIENTED_EDGE('', *, *, #2776, .F.);
#4059 = ORIENTED_EDGE('', *, *, #2777, .T.);
#4060 = ORIENTED_EDGE('', *, *, #2775, .F.);
#4061 = ORIENTED_EDGE('', *, *, #2773, .T.);
#4062 = ORIENTED_EDGE('', *, *, #2772, .F.);
#4063 = EDGE_LOOP('', (#4057, #4058, #4059, #4060, #4061, #4062));
#4064 = FACE_BOUND('', #4063, .T.);
#4065 = ADVANCED_FACE('', (#4064), #3199, .F.);
#4066 = ORIENTED_EDGE('', *, *, #2784, .F.);
#4067 = ORIENTED_EDGE('', *, *, #2783, .F.);
#4068 = ORIENTED_EDGE('', *, *, #2782, .T.);
#4069 = ORIENTED_EDGE('', *, *, #2797, .T.);
#4070 = ORIENTED_EDGE('', *, *, #2781, .F.);
#4071 = EDGE_LOOP('', (#4066, #4067, #4068, #4069, #4070));
#4072 = FACE_BOUND('', #4071, .T.);
#4073 = ADVANCED_FACE('', (#4072), #3203, .F.);
#4074 = ORIENTED_EDGE('', *, *, #2798, .T.);
#4075 = ORIENTED_EDGE('', *, *, #2799, .T.);
#4076 = ORIENTED_EDGE('', *, *, #2782, .F.);
#4077 = ORIENTED_EDGE('', *, *, #2786, .T.);
#4078 = ORIENTED_EDGE('', *, *, #2763, .F.);
#4079 = ORIENTED_EDGE('', *, *, #2771, .T.);
#4080 = EDGE_LOOP('', (#4074, #4075, #4076, #4077, #4078, #4079));
#4081 = FACE_BOUND('', #4080, .T.);
#4082 = ADVANCED_FACE('', (#4081), #3207, .F.);
#4083 = ORIENTED_EDGE('', *, *, #2789, .T.);
#4084 = ORIENTED_EDGE('', *, *, #2790, .F.);
#4085 = ORIENTED_EDGE('', *, *, #2791, .T.);
#4086 = ORIENTED_EDGE('', *, *, #2801, .T.);
#4087 = ORIENTED_EDGE('', *, *, #2788, .F.);
#4088 = EDGE_LOOP('', (#4083, #4084, #4085, #4086, #4087));
#4089 = FACE_BOUND('', #4088, .T.);
#4090 = ADVANCED_FACE('', (#4089), #3211, .F.);
#4091 = ORIENTED_EDGE('', *, *, #2780, .F.);
#4092 = ORIENTED_EDGE('', *, *, #2772, .T.);
#4093 = ORIENTED_EDGE('', *, *, #2793, .F.);
#4094 = ORIENTED_EDGE('', *, *, #2788, .T.);
#4095 = ORIENTED_EDGE('', *, *, #2803, .F.);
#4096 = ORIENTED_EDGE('', *, *, #2802, .F.);
#4097 = EDGE_LOOP('', (#4091, #4092, #4093, #4094, #4095, #4096));
#4098 = FACE_BOUND('', #4097, .T.);
#4099 = ADVANCED_FACE('', (#4098), #3215, .T.);
#4100 = ORIENTED_EDGE('', *, *, #2798, .F.);
#4101 = ORIENTED_EDGE('', *, *, #2794, .F.);
#4102 = ORIENTED_EDGE('', *, *, #2796, .T.);
#4103 = ORIENTED_EDGE('', *, *, #2795, .T.);
#4104 = ORIENTED_EDGE('', *, *, #2802, .T.);
#4105 = ORIENTED_EDGE('', *, *, #2804, .F.);
#4106 = ORIENTED_EDGE('', *, *, #2810, .T.);
#4107 = ORIENTED_EDGE('', *, *, #2813, .T.);
#4108 = ORIENTED_EDGE('', *, *, #2814, .F.);
#4109 = ORIENTED_EDGE('', *, *, #2809, .F.);
#4110 = EDGE_LOOP('', (#4100, #4101, #4102, #4103, #4104, #4105));
#4111 = FACE_BOUND('', #4110, .T.);
#4112 = EDGE_LOOP('', (#4106, #4107, #4108, #4109));
#4113 = FACE_BOUND('', #4112, .T.);
#4114 = ADVANCED_FACE('', (#4111, #4113), #3219, .F.);
#4115 = ORIENTED_EDGE('', *, *, #2797, .F.);
#4116 = ORIENTED_EDGE('', *, *, #2799, .F.);
#4117 = ORIENTED_EDGE('', *, *, #2804, .T.);
#4118 = ORIENTED_EDGE('', *, *, #2803, .T.);
#4119 = ORIENTED_EDGE('', *, *, #2801, .F.);
#4120 = ORIENTED_EDGE('', *, *, #2800, .F.);
#4121 = ORIENTED_EDGE('', *, *, #2820, .T.);
#4122 = ORIENTED_EDGE('', *, *, #2823, .T.);
#4123 = ORIENTED_EDGE('', *, *, #2824, .F.);
#4124 = ORIENTED_EDGE('', *, *, #2819, .F.);
#4125 = EDGE_LOOP('', (#4115, #4116, #4117, #4118, #4119, #4120));
#4126 = FACE_BOUND('', #4125, .T.);
#4127 = EDGE_LOOP('', (#4121, #4122, #4123, #4124));
#4128 = FACE_BOUND('', #4127, .T.);
#4129 = ADVANCED_FACE('', (#4126, #4128), #3223, .F.);
#4130 = ORIENTED_EDGE('', *, *, #2805, .T.);
#4131 = ORIENTED_EDGE('', *, *, #2762, .T.);
#4132 = ORIENTED_EDGE('', *, *, #2806, .F.);
#4133 = ORIENTED_EDGE('', *, *, #2796, .F.);
#4134 = EDGE_LOOP('', (#4130, #4131, #4132, #4133));
#4135 = FACE_BOUND('', #4134, .T.);
#4136 = ADVANCED_FACE('', (#4135), #3227, .T.);
#4137 = ORIENTED_EDGE('', *, *, #2806, .T.);
#4138 = ORIENTED_EDGE('', *, *, #2778, .F.);
#4139 = ORIENTED_EDGE('', *, *, #2774, .F.);
#4140 = ORIENTED_EDGE('', *, *, #2780, .T.);
#4141 = ORIENTED_EDGE('', *, *, #2795, .F.);
#4142 = EDGE_LOOP('', (#4137, #4138, #4139, #4140, #4141));
#4143 = FACE_BOUND('', #4142, .T.);
#4144 = ADVANCED_FACE('', (#4143), #3231, .T.);
#4145 = ORIENTED_EDGE('', *, *, #2791, .F.);
#4146 = ORIENTED_EDGE('', *, *, #2787, .F.);
#4147 = ORIENTED_EDGE('', *, *, #2781, .T.);
#4148 = ORIENTED_EDGE('', *, *, #2800, .T.);
#4149 = EDGE_LOOP('', (#4145, #4146, #4147, #4148));
#4150 = FACE_BOUND('', #4149, .T.);
#4151 = ADVANCED_FACE('', (#4150), #3235, .T.);
#4152 = ORIENTED_EDGE('', *, *, #2794, .T.);
#4153 = ORIENTED_EDGE('', *, *, #2771, .F.);
#4154 = ORIENTED_EDGE('', *, *, #2765, .T.);
#4155 = ORIENTED_EDGE('', *, *, #2769, .T.);
#4156 = ORIENTED_EDGE('', *, *, #2805, .F.);
#4157 = EDGE_LOOP('', (#4152, #4153, #4154, #4155, #4156));
#4158 = FACE_BOUND('', #4157, .T.);
#4159 = ADVANCED_FACE('', (#4158), #3239, .F.);
#4160 = ORIENTED_EDGE('', *, *, #2812, .F.);
#4161 = ORIENTED_EDGE('', *, *, #2807, .F.);
#4162 = ORIENTED_EDGE('', *, *, #2816, .T.);
#4163 = ORIENTED_EDGE('', *, *, #2809, .T.);
#4164 = ORIENTED_EDGE('', *, *, #2814, .T.);
#4165 = ORIENTED_EDGE('', *, *, #2815, .F.);
#4166 = EDGE_LOOP('', (#4160, #4161, #4162, #4163, #4164, #4165));
#4167 = FACE_BOUND('', #4166, .T.);
#4168 = ADVANCED_FACE('', (#4167), #3244, .F.);
#4169 = ORIENTED_EDGE('', *, *, #2813, .F.);
#4170 = ORIENTED_EDGE('', *, *, #2810, .F.);
#4171 = ORIENTED_EDGE('', *, *, #2816, .F.);
#4172 = ORIENTED_EDGE('', *, *, #2808, .T.);
#4173 = ORIENTED_EDGE('', *, *, #2811, .T.);
#4174 = ORIENTED_EDGE('', *, *, #2815, .T.);
#4175 = EDGE_LOOP('', (#4169, #4170, #4171, #4172, #4173, #4174));
#4176 = FACE_BOUND('', #4175, .T.);
#4177 = ADVANCED_FACE('', (#4176), #3244, .F.);
#4178 = ORIENTED_EDGE('', *, *, #2822, .F.);
#4179 = ORIENTED_EDGE('', *, *, #2817, .F.);
#4180 = ORIENTED_EDGE('', *, *, #2826, .T.);
#4181 = ORIENTED_EDGE('', *, *, #2819, .T.);
#4182 = ORIENTED_EDGE('', *, *, #2824, .T.);
#4183 = ORIENTED_EDGE('', *, *, #2825, .F.);
#4184 = EDGE_LOOP('', (#4178, #4179, #4180, #4181, #4182, #4183));
#4185 = FACE_BOUND('', #4184, .T.);
#4186 = ADVANCED_FACE('', (#4185), #3249, .F.);
#4187 = ORIENTED_EDGE('', *, *, #2823, .F.);
#4188 = ORIENTED_EDGE('', *, *, #2820, .F.);
#4189 = ORIENTED_EDGE('', *, *, #2826, .F.);
#4190 = ORIENTED_EDGE('', *, *, #2818, .T.);
#4191 = ORIENTED_EDGE('', *, *, #2821, .T.);
#4192 = ORIENTED_EDGE('', *, *, #2825, .T.);
#4193 = EDGE_LOOP('', (#4187, #4188, #4189, #4190, #4191, #4192));
#4194 = FACE_BOUND('', #4193, .T.);
#4195 = ADVANCED_FACE('', (#4194), #3249, .F.);
#4196 = ORIENTED_EDGE('', *, *, #2828, .T.);
#4197 = ORIENTED_EDGE('', *, *, #2835, .T.);
#4198 = ORIENTED_EDGE('', *, *, #2857, .F.);
#4199 = ORIENTED_EDGE('', *, *, #2854, .T.);
#4200 = ORIENTED_EDGE('', *, *, #2856, .T.);
#4201 = ORIENTED_EDGE('', *, *, #2830, .F.);
#4202 = EDGE_LOOP('', (#4196, #4197, #4198, #4199, #4200, #4201));
#4203 = FACE_BOUND('', #4202, .T.);
#4204 = ADVANCED_FACE('', (#4203), #3253, .F.);
#4205 = ORIENTED_EDGE('', *, *, #2831, .T.);
#4206 = ORIENTED_EDGE('', *, *, #2863, .F.);
#4207 = ORIENTED_EDGE('', *, *, #2860, .F.);
#4208 = ORIENTED_EDGE('', *, *, #2864, .T.);
#4209 = ORIENTED_EDGE('', *, *, #2844, .F.);
#4210 = ORIENTED_EDGE('', *, *, #2829, .F.);
#4211 = EDGE_LOOP('', (#4205, #4206, #4207, #4208, #4209, #4210));
#4212 = FACE_BOUND('', #4211, .T.);
#4213 = ADVANCED_FACE('', (#4212), #3257, .T.);
#4214 = ORIENTED_EDGE('', *, *, #2830, .T.);
#4215 = ORIENTED_EDGE('', *, *, #2832, .T.);
#4216 = ORIENTED_EDGE('', *, *, #2831, .F.);
#4217 = ORIENTED_EDGE('', *, *, #2827, .T.);
#4218 = ORIENTED_EDGE('', *, *, #2888, .T.);
#4219 = ORIENTED_EDGE('', *, *, #2893, .T.);
#4220 = ORIENTED_EDGE('', *, *, #2892, .F.);
#4221 = ORIENTED_EDGE('', *, *, #2889, .F.);
#4222 = EDGE_LOOP('', (#4214, #4215, #4216, #4217));
#4223 = FACE_BOUND('', #4222, .T.);
#4224 = EDGE_LOOP('', (#4218, #4219, #4220, #4221));
#4225 = FACE_BOUND('', #4224, .T.);
#4226 = ADVANCED_FACE('', (#4223, #4225), #3261, .T.);
#4227 = ORIENTED_EDGE('', *, *, #2829, .T.);
#4228 = ORIENTED_EDGE('', *, *, #2846, .T.);
#4229 = ORIENTED_EDGE('', *, *, #2850, .T.);
#4230 = ORIENTED_EDGE('', *, *, #2837, .T.);
#4231 = ORIENTED_EDGE('', *, *, #2828, .F.);
#4232 = ORIENTED_EDGE('', *, *, #2827, .F.);
#4233 = EDGE_LOOP('', (#4227, #4228, #4229, #4230, #4231, #4232));
#4234 = FACE_BOUND('', #4233, .T.);
#4235 = ADVANCED_FACE('', (#4234), #3265, .F.);
#4236 = ORIENTED_EDGE('', *, *, #2856, .F.);
#4237 = ORIENTED_EDGE('', *, *, #2855, .T.);
#4238 = ORIENTED_EDGE('', *, *, #2858, .T.);
#4239 = ORIENTED_EDGE('', *, *, #2861, .T.);
#4240 = ORIENTED_EDGE('', *, *, #2863, .T.);
#4241 = ORIENTED_EDGE('', *, *, #2832, .F.);
#4242 = EDGE_LOOP('', (#4236, #4237, #4238, #4239, #4240, #4241));
#4243 = FACE_BOUND('', #4242, .T.);
#4244 = ADVANCED_FACE('', (#4243), #3269, .F.);
#4245 = ORIENTED_EDGE('', *, *, #2840, .F.);
#4246 = ORIENTED_EDGE('', *, *, #2839, .T.);
#4247 = ORIENTED_EDGE('', *, *, #2841, .T.);
#4248 = ORIENTED_EDGE('', *, *, #2847, .T.);
#4249 = ORIENTED_EDGE('', *, *, #2849, .T.);
#4250 = ORIENTED_EDGE('', *, *, #2833, .F.);
#4251 = EDGE_LOOP('', (#4245, #4246, #4247, #4248, #4249, #4250));
#4252 = FACE_BOUND('', #4251, .T.);
#4253 = ADVANCED_FACE('', (#4252), #3273, .F.);
#4254 = ORIENTED_EDGE('', *, *, #2839, .F.);
#4255 = ORIENTED_EDGE('', *, *, #2836, .F.);
#4256 = ORIENTED_EDGE('', *, *, #2834, .T.);
#4257 = ORIENTED_EDGE('', *, *, #2835, .F.);
#4258 = ORIENTED_EDGE('', *, *, #2837, .F.);
#4259 = ORIENTED_EDGE('', *, *, #2838, .F.);
#4260 = EDGE_LOOP('', (#4254, #4255, #4256, #4257, #4258, #4259));
#4261 = FACE_BOUND('', #4260, .T.);
#4262 = ADVANCED_FACE('', (#4261), #3277, .F.);
#4263 = ORIENTED_EDGE('', *, *, #2850, .F.);
#4264 = ORIENTED_EDGE('', *, *, #2848, .F.);
#4265 = ORIENTED_EDGE('', *, *, #2841, .F.);
#4266 = ORIENTED_EDGE('', *, *, #2838, .T.);
#4267 = ORIENTED_EDGE('', *, *, #2878, .T.);
#4268 = ORIENTED_EDGE('', *, *, #2883, .T.);
#4269 = ORIENTED_EDGE('', *, *, #2882, .F.);
#4270 = ORIENTED_EDGE('', *, *, #2879, .F.);
#4271 = EDGE_LOOP('', (#4263, #4264, #4265, #4266));
#4272 = FACE_BOUND('', #4271, .T.);
#4273 = EDGE_LOOP('', (#4267, #4268, #4269, #4270));
#4274 = FACE_BOUND('', #4273, .T.);
#4275 = ADVANCED_FACE('', (#4272, #4274), #3281, .T.);
#4276 = ORIENTED_EDGE('', *, *, #2845, .T.);
#4277 = ORIENTED_EDGE('', *, *, #2847, .F.);
#4278 = ORIENTED_EDGE('', *, *, #2848, .T.);
#4279 = ORIENTED_EDGE('', *, *, #2846, .F.);
#4280 = ORIENTED_EDGE('', *, *, #2844, .T.);
#4281 = ORIENTED_EDGE('', *, *, #2843, .F.);
#4282 = EDGE_LOOP('', (#4276, #4277, #4278, #4279, #4280, #4281));
#4283 = FACE_BOUND('', #4282, .T.);
#4284 = ADVANCED_FACE('', (#4283), #3285, .F.);
#4285 = ORIENTED_EDGE('', *, *, #2855, .F.);
#4286 = ORIENTED_EDGE('', *, *, #2854, .F.);
#4287 = ORIENTED_EDGE('', *, *, #2853, .T.);
#4288 = ORIENTED_EDGE('', *, *, #2868, .T.);
#4289 = ORIENTED_EDGE('', *, *, #2852, .F.);
#4290 = EDGE_LOOP('', (#4285, #4286, #4287, #4288, #4289));
#4291 = FACE_BOUND('', #4290, .T.);
#4292 = ADVANCED_FACE('', (#4291), #3289, .F.);
#4293 = ORIENTED_EDGE('', *, *, #2869, .T.);
#4294 = ORIENTED_EDGE('', *, *, #2870, .T.);
#4295 = ORIENTED_EDGE('', *, *, #2853, .F.);
#4296 = ORIENTED_EDGE('', *, *, #2857, .T.);
#4297 = ORIENTED_EDGE('', *, *, #2834, .F.);
#4298 = ORIENTED_EDGE('', *, *, #2842, .T.);
#4299 = EDGE_LOOP('', (#4293, #4294, #4295, #4296, #4297, #4298));
#4300 = FACE_BOUND('', #4299, .T.);
#4301 = ADVANCED_FACE('', (#4300), #3293, .F.);
#4302 = ORIENTED_EDGE('', *, *, #2860, .T.);
#4303 = ORIENTED_EDGE('', *, *, #2861, .F.);
#4304 = ORIENTED_EDGE('', *, *, #2862, .T.);
#4305 = ORIENTED_EDGE('', *, *, #2872, .T.);
#4306 = ORIENTED_EDGE('', *, *, #2859, .F.);
#4307 = EDGE_LOOP('', (#4302, #4303, #4304, #4305, #4306));
#4308 = FACE_BOUND('', #4307, .T.);
#4309 = ADVANCED_FACE('', (#4308), #3297, .F.);
#4310 = ORIENTED_EDGE('', *, *, #2851, .F.);
#4311 = ORIENTED_EDGE('', *, *, #2843, .T.);
#4312 = ORIENTED_EDGE('', *, *, #2864, .F.);
#4313 = ORIENTED_EDGE('', *, *, #2859, .T.);
#4314 = ORIENTED_EDGE('', *, *, #2874, .F.);
#4315 = ORIENTED_EDGE('', *, *, #2873, .F.);
#4316 = EDGE_LOOP('', (#4310, #4311, #4312, #4313, #4314, #4315));
#4317 = FACE_BOUND('', #4316, .T.);
#4318 = ADVANCED_FACE('', (#4317), #3301, .T.);
#4319 = ORIENTED_EDGE('', *, *, #2869, .F.);
#4320 = ORIENTED_EDGE('', *, *, #2865, .F.);
#4321 = ORIENTED_EDGE('', *, *, #2867, .T.);
#4322 = ORIENTED_EDGE('', *, *, #2866, .T.);
#4323 = ORIENTED_EDGE('', *, *, #2873, .T.);
#4324 = ORIENTED_EDGE('', *, *, #2875, .F.);
#4325 = ORIENTED_EDGE('', *, *, #2881, .T.);
#4326 = ORIENTED_EDGE('', *, *, #2884, .T.);
#4327 = ORIENTED_EDGE('', *, *, #2885, .F.);
#4328 = ORIENTED_EDGE('', *, *, #2880, .F.);
#4329 = EDGE_LOOP('', (#4319, #4320, #4321, #4322, #4323, #4324));
#4330 = FACE_BOUND('', #4329, .T.);
#4331 = EDGE_LOOP('', (#4325, #4326, #4327, #4328));
#4332 = FACE_BOUND('', #4331, .T.);
#4333 = ADVANCED_FACE('', (#4330, #4332), #3305, .F.);
#4334 = ORIENTED_EDGE('', *, *, #2868, .F.);
#4335 = ORIENTED_EDGE('', *, *, #2870, .F.);
#4336 = ORIENTED_EDGE('', *, *, #2875, .T.);
#4337 = ORIENTED_EDGE('', *, *, #2874, .T.);
#4338 = ORIENTED_EDGE('', *, *, #2872, .F.);
#4339 = ORIENTED_EDGE('', *, *, #2871, .F.);
#4340 = ORIENTED_EDGE('', *, *, #2891, .T.);
#4341 = ORIENTED_EDGE('', *, *, #2894, .T.);
#4342 = ORIENTED_EDGE('', *, *, #2895, .F.);
#4343 = ORIENTED_EDGE('', *, *, #2890, .F.);
#4344 = EDGE_LOOP('', (#4334, #4335, #4336, #4337, #4338, #4339));
#4345 = FACE_BOUND('', #4344, .T.);
#4346 = EDGE_LOOP('', (#4340, #4341, #4342, #4343));
#4347 = FACE_BOUND('', #4346, .T.);
#4348 = ADVANCED_FACE('', (#4345, #4347), #3309, .F.);
#4349 = ORIENTED_EDGE('', *, *, #2876, .T.);
#4350 = ORIENTED_EDGE('', *, *, #2833, .T.);
#4351 = ORIENTED_EDGE('', *, *, #2877, .F.);
#4352 = ORIENTED_EDGE('', *, *, #2867, .F.);
#4353 = EDGE_LOOP('', (#4349, #4350, #4351, #4352));
#4354 = FACE_BOUND('', #4353, .T.);
#4355 = ADVANCED_FACE('', (#4354), #3313, .T.);
#4356 = ORIENTED_EDGE('', *, *, #2877, .T.);
#4357 = ORIENTED_EDGE('', *, *, #2849, .F.);
#4358 = ORIENTED_EDGE('', *, *, #2845, .F.);
#4359 = ORIENTED_EDGE('', *, *, #2851, .T.);
#4360 = ORIENTED_EDGE('', *, *, #2866, .F.);
#4361 = EDGE_LOOP('', (#4356, #4357, #4358, #4359, #4360));
#4362 = FACE_BOUND('', #4361, .T.);
#4363 = ADVANCED_FACE('', (#4362), #3317, .T.);
#4364 = ORIENTED_EDGE('', *, *, #2862, .F.);
#4365 = ORIENTED_EDGE('', *, *, #2858, .F.);
#4366 = ORIENTED_EDGE('', *, *, #2852, .T.);
#4367 = ORIENTED_EDGE('', *, *, #2871, .T.);
#4368 = EDGE_LOOP('', (#4364, #4365, #4366, #4367));
#4369 = FACE_BOUND('', #4368, .T.);
#4370 = ADVANCED_FACE('', (#4369), #3321, .T.);
#4371 = ORIENTED_EDGE('', *, *, #2865, .T.);
#4372 = ORIENTED_EDGE('', *, *, #2842, .F.);
#4373 = ORIENTED_EDGE('', *, *, #2836, .T.);
#4374 = ORIENTED_EDGE('', *, *, #2840, .T.);
#4375 = ORIENTED_EDGE('', *, *, #2876, .F.);
#4376 = EDGE_LOOP('', (#4371, #4372, #4373, #4374, #4375));
#4377 = FACE_BOUND('', #4376, .T.);
#4378 = ADVANCED_FACE('', (#4377), #3325, .F.);
#4379 = ORIENTED_EDGE('', *, *, #2883, .F.);
#4380 = ORIENTED_EDGE('', *, *, #2878, .F.);
#4381 = ORIENTED_EDGE('', *, *, #2887, .T.);
#4382 = ORIENTED_EDGE('', *, *, #2880, .T.);
#4383 = ORIENTED_EDGE('', *, *, #2885, .T.);
#4384 = ORIENTED_EDGE('', *, *, #2886, .F.);
#4385 = EDGE_LOOP('', (#4379, #4380, #4381, #4382, #4383, #4384));
#4386 = FACE_BOUND('', #4385, .T.);
#4387 = ADVANCED_FACE('', (#4386), #3330, .F.);
#4388 = ORIENTED_EDGE('', *, *, #2884, .F.);
#4389 = ORIENTED_EDGE('', *, *, #2881, .F.);
#4390 = ORIENTED_EDGE('', *, *, #2887, .F.);
#4391 = ORIENTED_EDGE('', *, *, #2879, .T.);
#4392 = ORIENTED_EDGE('', *, *, #2882, .T.);
#4393 = ORIENTED_EDGE('', *, *, #2886, .T.);
#4394 = EDGE_LOOP('', (#4388, #4389, #4390, #4391, #4392, #4393));
#4395 = FACE_BOUND('', #4394, .T.);
#4396 = ADVANCED_FACE('', (#4395), #3330, .F.);
#4397 = ORIENTED_EDGE('', *, *, #2893, .F.);
#4398 = ORIENTED_EDGE('', *, *, #2888, .F.);
#4399 = ORIENTED_EDGE('', *, *, #2897, .T.);
#4400 = ORIENTED_EDGE('', *, *, #2890, .T.);
#4401 = ORIENTED_EDGE('', *, *, #2895, .T.);
#4402 = ORIENTED_EDGE('', *, *, #2896, .F.);
#4403 = EDGE_LOOP('', (#4397, #4398, #4399, #4400, #4401, #4402));
#4404 = FACE_BOUND('', #4403, .T.);
#4405 = ADVANCED_FACE('', (#4404), #3335, .F.);
#4406 = ORIENTED_EDGE('', *, *, #2894, .F.);
#4407 = ORIENTED_EDGE('', *, *, #2891, .F.);
#4408 = ORIENTED_EDGE('', *, *, #2897, .F.);
#4409 = ORIENTED_EDGE('', *, *, #2889, .T.);
#4410 = ORIENTED_EDGE('', *, *, #2892, .T.);
#4411 = ORIENTED_EDGE('', *, *, #2896, .T.);
#4412 = EDGE_LOOP('', (#4406, #4407, #4408, #4409, #4410, #4411));
#4413 = FACE_BOUND('', #4412, .T.);
#4414 = ADVANCED_FACE('', (#4413), #3335, .F.);
#4415 = CLOSED_SHELL('', (#3342, #3349, #3356, #3369, #3376, #3383, #3390, #3415, #3426, #3447, #3454, #3461, #3468, #3481, #3488, #3495, #3502, #3527, #3538, #3545, #3552, #3559, #3566, #3573, #3580, #3587, #3594, #3601, #3608, #3615, #3622, #3629, #3636, #3643, #3650));
#4416 = CLOSED_SHELL('', (#3667, #3674, #3683, #3692, #3701, #3718, #3725, #3734, #3743, #3752, #3761, #3768, #3777, #3784, #3793, #3800, #3809, #3816, #3823, #3830, #3837, #3843, #3851, #3857, #3863, #3869, #3876, #3882, #3888, #3895, #3902, #3909, #3916, #3922, #3928, #3937, #3945, #3951, #3957, #3964, #3970, #3976));
#4417 = CLOSED_SHELL('', (#3985, #3994, #4007, #4016, #4025, #4034, #4043, #4056, #4065, #4073, #4082, #4090, #4099, #4114, #4129, #4136, #4144, #4151, #4159, #4168, #4177, #4186, #4195));
#4418 = CLOSED_SHELL('', (#4204, #4213, #4226, #4235, #4244, #4253, #4262, #4275, #4284, #4292, #4301, #4309, #4318, #4333, #4348, #4355, #4363, #4370, #4378, #4387, #4396, #4405, #4414));
#4419 = MANIFOLD_SOLID_BREP('', #4415);
#4420 = MANIFOLD_SOLID_BREP('', #4416);
#4421 = MANIFOLD_SOLID_BREP('', #4417);
#4422 = MANIFOLD_SOLID_BREP('', #4418);
#4423 = APPLICATION_CONTEXT('configuration controlled 3D design of mechanical parts and assemblies');
#4424 = PRODUCT_DEFINITION_CONTEXT('part definition', #4423, 'design');
#4425 = PRODUCT_CONTEXT('', #4423, 'mechanical');
#4426 = PRODUCT('UNIDENTIFIED_PRODUCT', '', $, (#4425));
#4427 = PRODUCT_DEFINITION_FORMATION('', $, #4426);
#4428 = PRODUCT_DEFINITION('design', $, #4427, #4424);
#4429 = PRODUCT_DEFINITION_SHAPE('', '', #4428);
#4430 = ADVANCED_BREP_SHAPE_REPRESENTATION('', (#4422), #4);
#4431 = SHAPE_DEFINITION_REPRESENTATION(#4429, #4430);
#4432 = COLOUR_RGB('', 0.18431373, 0.21176471, 0.23921569);
#4433 = FILL_AREA_STYLE_COLOUR('', #4432);
#4434 = FILL_AREA_STYLE('', (#4433));
#4435 = SURFACE_STYLE_FILL_AREA(#4434);
#4436 = SURFACE_SIDE_STYLE('', (#4435));
#4437 = SURFACE_STYLE_USAGE(.BOTH., #4436);
#4438 = PRESENTATION_STYLE_ASSIGNMENT((#4437));
#4439 = STYLED_ITEM('', (#4438), #4422);
#4440 = MECHANICAL_DESIGN_GEOMETRIC_PRESENTATION_REPRESENTATION('', (#4439), #4);
#4441 = PRODUCT_CONTEXT('', #4423, 'mechanical');
#4442 = PRODUCT('UNIDENTIFIED_PRODUCT', '', $, (#4441));
#4443 = PRODUCT_DEFINITION_FORMATION('', $, #4442);
#4444 = PRODUCT_DEFINITION('design', $, #4443, #4424);
#4445 = PRODUCT_DEFINITION_SHAPE('', '', #4444);
#4446 = ADVANCED_BREP_SHAPE_REPRESENTATION('', (#4421), #4);
#4447 = SHAPE_DEFINITION_REPRESENTATION(#4445, #4446);
#4448 = COLOUR_RGB('', 0.18431373, 0.21176471, 0.23921569);
#4449 = FILL_AREA_STYLE_COLOUR('', #4448);
#4450 = FILL_AREA_STYLE('', (#4449));
#4451 = SURFACE_STYLE_FILL_AREA(#4450);
#4452 = SURFACE_SIDE_STYLE('', (#4451));
#4453 = SURFACE_STYLE_USAGE(.BOTH., #4452);
#4454 = PRESENTATION_STYLE_ASSIGNMENT((#4453));
#4455 = STYLED_ITEM('', (#4454), #4421);
#4456 = MECHANICAL_DESIGN_GEOMETRIC_PRESENTATION_REPRESENTATION('', (#4455), #4);
#4457 = PRODUCT_CONTEXT('', #4423, 'mechanical');
#4458 = PRODUCT('UNIDENTIFIED_PRODUCT', '', $, (#4457));
#4459 = PRODUCT_DEFINITION_FORMATION('', $, #4458);
#4460 = PRODUCT_DEFINITION('design', $, #4459, #4424);
#4461 = PRODUCT_DEFINITION_SHAPE('', '', #4460);
#4462 = ADVANCED_BREP_SHAPE_REPRESENTATION('', (#4420), #4);
#4463 = SHAPE_DEFINITION_REPRESENTATION(#4461, #4462);
#4464 = COLOUR_RGB('', 0.27843139, 0.33725491, 0.41960785);
#4465 = FILL_AREA_STYLE_COLOUR('', #4464);
#4466 = FILL_AREA_STYLE('', (#4465));
#4467 = SURFACE_STYLE_FILL_AREA(#4466);
#4468 = SURFACE_SIDE_STYLE('', (#4467));
#4469 = SURFACE_STYLE_USAGE(.BOTH., #4468);
#4470 = PRESENTATION_STYLE_ASSIGNMENT((#4469));
#4471 = STYLED_ITEM('', (#4470), #4420);
#4472 = MECHANICAL_DESIGN_GEOMETRIC_PRESENTATION_REPRESENTATION('', (#4471), #4);
#4473 = PRODUCT_CONTEXT('', #4423, 'mechanical');
#4474 = PRODUCT('UNIDENTIFIED_PRODUCT', '', $, (#4473));
#4475 = PRODUCT_DEFINITION_FORMATION('', $, #4474);
#4476 = PRODUCT_DEFINITION('design', $, #4475, #4424);
#4477 = PRODUCT_DEFINITION_SHAPE('', '', #4476);
#4478 = ADVANCED_BREP_SHAPE_REPRESENTATION('', (#4419), #4);
#4479 = SHAPE_DEFINITION_REPRESENTATION(#4477, #4478);
#4480 = COLOUR_RGB('', 0.34901962, 0.3882353, 0.43529412);
#4481 = FILL_AREA_STYLE_COLOUR('', #4480);
#4482 = FILL_AREA_STYLE('', (#4481));
#4483 = SURFACE_STYLE_FILL_AREA(#4482);
#4484 = SURFACE_SIDE_STYLE('', (#4483));
#4485 = SURFACE_STYLE_USAGE(.BOTH., #4484);
#4486 = PRESENTATION_STYLE_ASSIGNMENT((#4485));
#4487 = STYLED_ITEM('', (#4486), #4419);
#4488 = MECHANICAL_DESIGN_GEOMETRIC_PRESENTATION_REPRESENTATION('', (#4487), #4);
ENDSEC;
END-ISO-10303-21;
